{
	"credit": "Made with Blockbench",
	"parent": "minecraft:block/button",
	"textures": {
		"0": "outpost/object/planks",
		"particle": "outpost/object/planks"
	},
	"elements": [
		{
			"from": [2, 1.25, 5.5],
			"to": [18, 2.25, 10.5],
			"rotation": {"angle": -22.5, "axis": "y", "origin": [10, 1.75, 8]},
			"faces": {
				"north": {"uv": [0, 2.5, 8, 2], "texture": "#0"},
				"east": {"uv": [0.5, 2.5, 0, 0], "rotation": 90, "texture": "#0"},
				"south": {"uv": [0, 0.5, 8, 0], "texture": "#0"},
				"west": {"uv": [8, 0, 7.5, 2.5], "rotation": 90, "texture": "#0"},
				"up": {"uv": [8, 2.5, 0, 0], "texture": "#0"},
				"down": {"uv": [8, 0, 0, 2.5], "texture": "#0"}
			}
		},
		{
			"from": [5, 0.75, 0],
			"to": [10, 1.75, 23],
			"rotation": {"angle": -45, "axis": "y", "origin": [10, 1.25, 10]},
			"faces": {
				"north": {"uv": [0.5, 2.5, 0, 0], "rotation": 90, "texture": "#0"},
				"east": {"uv": [0, 0.5, 11.5, 0], "texture": "#0"},
				"south": {"uv": [8, 0, 7.5, 2.5], "rotation": 90, "texture": "#0"},
				"west": {"uv": [0, 2.5, 11.5, 2], "texture": "#0"},
				"up": {"uv": [11.5, 2.5, 0, 0], "rotation": 270, "texture": "#0"},
				"down": {"uv": [11.5, 0, 0, 2.5], "rotation": 90, "texture": "#0"}
			}
		},
		{
			"from": [-1.75, 0.25, 8.25],
			"to": [14.25, 1.25, 13.25],
			"rotation": {"angle": 0, "axis": "y", "origin": [8, 1.75, 10.75]},
			"faces": {
				"north": {"uv": [0, 2.5, 8, 2], "texture": "#0"},
				"east": {"uv": [0.5, 2.5, 0, 0], "rotation": 90, "texture": "#0"},
				"south": {"uv": [0, 0.5, 8, 0], "texture": "#0"},
				"west": {"uv": [8, 0, 7.5, 2.5], "rotation": 90, "texture": "#0"},
				"up": {"uv": [8, 2.5, 0, 0], "texture": "#0"},
				"down": {"uv": [8, 0, 0, 2.5], "texture": "#0"}
			}
		},
		{
			"from": [8, 0.26953, 5],
			"to": [13, 1.26953, 21],
			"rotation": {"angle": 22.5, "axis": "y", "origin": [6.5, 0.75, 15.75]},
			"faces": {
				"north": {"uv": [0.5, 2.5, 0, 0], "rotation": 90, "texture": "#0"},
				"east": {"uv": [0, 0.5, 8, 0], "texture": "#0"},
				"south": {"uv": [8, 0, 7.5, 2.5], "rotation": 90, "texture": "#0"},
				"west": {"uv": [0, 2.5, 8, 2], "texture": "#0"},
				"up": {"uv": [8, 2.5, 0, 0], "rotation": 270, "texture": "#0"},
				"down": {"uv": [8, 0, 0, 2.5], "rotation": 90, "texture": "#0"}
			}
		},
		{
			"from": [0, 0.25, 3.25],
			"to": [16, 1.25, 8.25],
			"rotation": {"angle": 0, "axis": "y", "origin": [0, 2.25, 2.5]},
			"faces": {
				"north": {"uv": [0, 2.5, 8, 2], "texture": "#0"},
				"east": {"uv": [0.5, 2.5, 0, 0], "rotation": 90, "texture": "#0"},
				"south": {"uv": [0, 0.5, 8, 0], "texture": "#0"},
				"west": {"uv": [8, 0, 7.5, 2.5], "rotation": 90, "texture": "#0"},
				"up": {"uv": [8, 2.5, 0, 0], "texture": "#0"},
				"down": {"uv": [8, 0, 0, 2.5], "texture": "#0"}
			}
		}
	],
	"display": {
		"thirdperson_righthand": {
			"rotation": [75, 45, 0],
			"translation": [0, 2.5, 2.5],
			"scale": [0.375, 0.375, 0.375]
		},
		"thirdperson_lefthand": {
			"rotation": [75, 45, 0],
			"translation": [0, 2.5, 2.5],
			"scale": [0.375, 0.375, 0.375]
		},
		"firstperson_righthand": {
			"rotation": [0, 45, 0],
			"translation": [0, 2.5, 0],
			"scale": [0.4, 0.4, 0.4]
		},
		"firstperson_lefthand": {
			"rotation": [0, 225, 0],
			"translation": [0, 2.5, 0],
			"scale": [0.4, 0.4, 0.4]
		},
		"ground": {
			"translation": [0, 3, 0],
			"scale": [0.4, 0.4, 0.4]
		},
		"gui": {
			"rotation": [30, 225, 0],
			"translation": [0, 3.5, 0],
			"scale": [0.625, 0.625, 0.625]
		},
		"fixed": {
			"scale": [0.5, 0.5, 0.5]
		}
	}
}