{
	"credit": "Made with Blockbench",
	"texture_size": [32, 32],
	"textures": {
		"1": "outpost/object/plank_stack"
	},
	"elements": [
		{
			"from": [0, 0.25, 0.75],
			"to": [16, 1.25, 5.75],
			"rotation": {"angle": 0, "axis": "y", "origin": [0, 16.25, 0]},
			"faces": {
				"north": {"uv": [0, 2.5, 8, 2], "texture": "#1"},
				"east": {"uv": [0.5, 2.5, 0, 0], "rotation": 90, "texture": "#1"},
				"south": {"uv": [0, 0.5, 8, 0], "texture": "#1"},
				"west": {"uv": [8, 0, 7.5, 2.5], "rotation": 90, "texture": "#1"},
				"up": {"uv": [8, 2.5, 0, 0], "texture": "#1"},
				"down": {"uv": [8, 0, 0, 2.5], "texture": "#1"}
			}
		},
		{
			"from": [2, 1.25, 3],
			"to": [18, 2.25, 8],
			"rotation": {"angle": 0, "axis": "y", "origin": [9.25, 0.75, 5.5]},
			"faces": {
				"north": {"uv": [0, 2.5, 8, 2], "texture": "#1"},
				"east": {"uv": [0.5, 2.5, 0, 0], "rotation": 90, "texture": "#1"},
				"south": {"uv": [0, 0.5, 8, 0], "texture": "#1"},
				"west": {"uv": [8, 0, 7.5, 2.5], "rotation": 90, "texture": "#1"},
				"up": {"uv": [8, 2.5, 0, 0], "texture": "#1"},
				"down": {"uv": [8, 0, 0, 2.5], "texture": "#1"}
			}
		},
		{
			"from": [-1.5, 0.75, 5],
			"to": [21.5, 1.75, 10],
			"rotation": {"angle": -22.5, "axis": "y", "origin": [10, 1.25, 7.5]},
			"faces": {
				"north": {"uv": [0, 2.5, 11.5, 2], "texture": "#1"},
				"east": {"uv": [0.5, 2.5, 0, 0], "rotation": 90, "texture": "#1"},
				"south": {"uv": [0, 0.5, 11.5, 0], "texture": "#1"},
				"west": {"uv": [8, 0, 7.5, 2.5], "rotation": 90, "texture": "#1"},
				"up": {"uv": [11.5, 2.5, 0, 0], "texture": "#1"},
				"down": {"uv": [11.5, 0, 0, 2.5], "texture": "#1"}
			}
		},
		{
			"from": [-3, 0.25, 5.75],
			"to": [13, 1.25, 10.75],
			"rotation": {"angle": 0, "axis": "y", "origin": [8, 15.75, 8.25]},
			"faces": {
				"north": {"uv": [0, 2.5, 8, 2], "texture": "#1"},
				"east": {"uv": [0.5, 2.5, 0, 0], "rotation": 90, "texture": "#1"},
				"south": {"uv": [0, 0.5, 8, 0], "texture": "#1"},
				"west": {"uv": [8, 0, 7.5, 2.5], "rotation": 90, "texture": "#1"},
				"up": {"uv": [8, 2.5, 0, 0], "texture": "#1"},
				"down": {"uv": [8, 0, 0, 2.5], "texture": "#1"}
			}
		},
		{
			"from": [-1.5, 0.25, 10.75],
			"to": [14.5, 1.25, 15.75],
			"rotation": {"angle": 0, "axis": "y", "origin": [8, 15.75, 8.25]},
			"faces": {
				"north": {"uv": [0, 2.5, 8, 2], "texture": "#1"},
				"east": {"uv": [0.5, 2.5, 0, 0], "rotation": 90, "texture": "#1"},
				"south": {"uv": [0, 0.5, 8, 0], "texture": "#1"},
				"west": {"uv": [8, 0, 7.5, 2.5], "rotation": 90, "texture": "#1"},
				"up": {"uv": [8, 2.5, 0, 0], "texture": "#1"},
				"down": {"uv": [8, 0, 0, 2.5], "texture": "#1"}
			}
		}
	],
	"display": {
		"thirdperson_righthand": {
			"rotation": [75, 45, 0],
			"translation": [0, 2.5, 2.5],
			"scale": [0.375, 0.375, 0.375]
		},
		"thirdperson_lefthand": {
			"rotation": [75, 45, 0],
			"translation": [0, 2.5, 2.5],
			"scale": [0.375, 0.375, 0.375]
		},
		"firstperson_righthand": {
			"rotation": [0, 45, 0],
			"translation": [0, 2.5, 0],
			"scale": [0.4, 0.4, 0.4]
		},
		"firstperson_lefthand": {
			"rotation": [0, 225, 0],
			"translation": [0, 2.5, 0],
			"scale": [0.4, 0.4, 0.4]
		},
		"ground": {
			"translation": [0, 3, 0],
			"scale": [0.4, 0.4, 0.4]
		},
		"gui": {
			"rotation": [30, 225, 0],
			"translation": [0, 3.5, 0],
			"scale": [0.625, 0.625, 0.625]
		},
		"fixed": {
			"scale": [0.5, 0.5, 0.5]
		}
	}
}