{
	"credit": "caramel.moe ZBCounter",
	"ambientocclusion": false,
	"textures": {
		"0": "block/grass_block_top",
		"1": "block/grass_block_side_overlay",
		"2": "block/grass_block_decorate",
		"particle": "block/glowstone"
	},
	"elements": [
		{
			"from": [0, 0, 0],
			"to": [16, 16, 16],
			"faces": {
				"north": {"uv": [0, 0, 16, 16], "texture": "#1", "tintindex": 0},
				"east": {"uv": [0, 0, 16, 16], "texture": "#1", "tintindex": 0},
				"south": {"uv": [0, 0, 16, 16], "texture": "#1", "tintindex": 0},
				"west": {"uv": [0, 0, 16, 16], "texture": "#1", "tintindex": 0},
				"up": {"uv": [0, 0, 16, 16], "texture": "#0", "tintindex": 0},
				"down": {"uv": [0, 0, 16, 16], "texture": "#1", "tintindex": 0}
			}
		},
		{
			"from": [-0.7782, 16, 7],
			"to": [15.2218, 20, 7.001],
			"shade": false,
			"rotation": {"angle": -22.5, "axis": "y", "origin": [7, 0, 7]},
			"faces": {
				"north": {"uv": [0, 12, 16, 16], "texture": "#2", "cullface": "up", "tintindex": 0},
				"east": {"uv": [0, 12, 16, 16], "texture": "#2", "cullface": "up", "tintindex": 0},
				"south": {"uv": [0, 12, 16, 16], "texture": "#2", "cullface": "up", "tintindex": 0},
				"west": {"uv": [0, 12, 16, 16], "texture": "#2", "cullface": "up", "tintindex": 0},
				"up": {"uv": [0, 12, 16, 16], "texture": "#2", "cullface": "up", "tintindex": 0},
				"down": {"uv": [0, 12, 16, 16], "texture": "#2", "cullface": "up", "tintindex": 0}
			}
		},
		{
			"from": [7, 16, -1.2218],
			"to": [7.001, 20, 14.7782],
			"shade": false,
			"rotation": {"angle": -22.5, "axis": "y", "origin": [7, 0, 7]},
			"faces": {
				"north": {"uv": [0, 12, 16, 16], "texture": "#2", "cullface": "up", "tintindex": 0},
				"east": {"uv": [0, 12, 16, 16], "texture": "#2", "cullface": "up", "tintindex": 0},
				"south": {"uv": [0, 12, 16, 16], "texture": "#2", "cullface": "up", "tintindex": 0},
				"west": {"uv": [0, 12, 16, 16], "texture": "#2", "cullface": "up", "tintindex": 0},
				"up": {"uv": [0, 12, 16, 16], "rotation": 270, "texture": "#2", "cullface": "up", "tintindex": 0},
				"down": {"uv": [0, 12, 16, 16], "rotation": 90, "texture": "#2", "cullface": "up", "tintindex": 0}
			}
		},
		{
			"from": [-1, 16, 7],
			"to": [15, 20, 7.001],
			"shade": false,
			"rotation": {"angle": 22.5, "axis": "y", "origin": [7, 0, 7]},
			"faces": {
				"north": {"uv": [0, 12, 16, 16], "texture": "#2", "cullface": "up", "tintindex": 0},
				"east": {"uv": [0, 12, 16, 16], "texture": "#2", "cullface": "up", "tintindex": 0},
				"south": {"uv": [0, 12, 16, 16], "texture": "#2", "cullface": "up", "tintindex": 0},
				"west": {"uv": [0, 12, 16, 16], "texture": "#2", "cullface": "up", "tintindex": 0},
				"up": {"uv": [0, 12, 16, 16], "texture": "#2", "cullface": "up", "tintindex": 0},
				"down": {"uv": [0, 12, 16, 16], "texture": "#2", "cullface": "up", "tintindex": 0}
			}
		},
		{
			"from": [6.999, 16, -1],
			"to": [7, 20, 15],
			"shade": false,
			"rotation": {"angle": 22.5, "axis": "y", "origin": [7, 0, 7]},
			"faces": {
				"north": {"uv": [0, 12, 16, 16], "texture": "#2", "cullface": "up", "tintindex": 0},
				"east": {"uv": [0, 12, 16, 16], "texture": "#2", "cullface": "up", "tintindex": 0},
				"south": {"uv": [0, 12, 16, 16], "texture": "#2", "cullface": "up", "tintindex": 0},
				"west": {"uv": [0, 12, 16, 16], "texture": "#2", "cullface": "up", "tintindex": 0},
				"up": {"uv": [0, 12, 16, 16], "rotation": 90, "texture": "#2", "cullface": "up", "tintindex": 0},
				"down": {"uv": [0, 12, 16, 16], "rotation": 270, "texture": "#2", "cullface": "up", "tintindex": 0}
			}
		}
	]
}