{
	"credit": "caramel.moe ZBCounter",
	"ambientocclusion": false,
	"textures": {
		"0": "block/grass_block_top",
		"1": "block/grass_block_side_overlay",
		"2": "block/grass_block_decorate",
		"particle": "block/glowstone"
	},
	"elements": [
		{
			"from": [0, 0, 0],
			"to": [16, 16, 16],
			"faces": {
				"north": {"uv": [0, 0, 16, 16], "texture": "#1", "tintindex": 0},
				"east": {"uv": [0, 0, 16, 16], "texture": "#1", "tintindex": 0},
				"south": {"uv": [0, 0, 16, 16], "texture": "#1", "tintindex": 0},
				"west": {"uv": [0, 0, 16, 16], "texture": "#1", "tintindex": 0},
				"up": {"uv": [0, 0, 16, 16], "texture": "#0", "tintindex": 0},
				"down": {"uv": [0, 0, 16, 16], "texture": "#1", "tintindex": 0}
			}
		},
		{
			"from": [1.5, 16, 1.5],
			"to": [17.5, 20, 1.501],
			"shade": false,
			"rotation": {"angle": -45, "axis": "y", "origin": [1.5, 16, 1.5]},
			"faces": {
				"north": {"uv": [0, 12, 16, 16], "texture": "#2", "cullface": "up", "tintindex": 0},
				"east": {"uv": [0, 12, 16, 16], "texture": "#2", "cullface": "up", "tintindex": 0},
				"south": {"uv": [0, 12, 16, 16], "texture": "#2", "cullface": "up", "tintindex": 0},
				"west": {"uv": [0, 12, 16, 16], "texture": "#2", "cullface": "up", "tintindex": 0},
				"up": {"uv": [0, 12, 16, 16], "texture": "#2", "cullface": "up", "tintindex": 0},
				"down": {"uv": [0, 12, 16, 16], "texture": "#2", "cullface": "up", "tintindex": 0}
			}
		},
		{
			"from": [1.5, 16, 12.5],
			"to": [17.5, 20, 12.501],
			"shade": false,
			"rotation": {"angle": 45, "axis": "y", "origin": [1.5, 16, 12.5]},
			"faces": {
				"north": {"uv": [0, 12, 16, 16], "texture": "#2", "cullface": "up", "tintindex": 0},
				"east": {"uv": [0, 12, 16, 16], "texture": "#2", "cullface": "up", "tintindex": 0},
				"south": {"uv": [0, 12, 16, 16], "texture": "#2", "cullface": "up", "tintindex": 0},
				"west": {"uv": [0, 12, 16, 16], "texture": "#2", "cullface": "up", "tintindex": 0},
				"up": {"uv": [0, 12, 16, 16], "texture": "#2", "cullface": "up", "tintindex": 0},
				"down": {"uv": [0, 12, 16, 16], "texture": "#2", "cullface": "up", "tintindex": 0}
			}
		}
	]
}