{
	"credit": "Made with Blockbench",
	"parent": "minecraft:block/button",
	"textures": {
		"0": "outpost/object/planks",
		"particle": "outpost/object/planks"
	},
	"elements": [
		{
			"from": [13.57813, -0.8125, 6.5],
			"to": [15.57813, 31.1875, 11.5],
			"rotation": {"angle": -22.5, "axis": "z", "origin": [14.57813, 15.1875, 9]},
			"faces": {
				"north": {"uv": [0, 15, 16, 16], "rotation": 90, "texture": "#0"},
				"east": {"uv": [0, 12.5, 16, 15], "rotation": 270, "texture": "#0"},
				"south": {"uv": [0, 12.5, 16, 11.5], "rotation": 270, "texture": "#0"},
				"west": {"uv": [0, 12.5, 16, 15], "rotation": 270, "texture": "#0"},
				"up": {"uv": [0, 10.5, 2.5, 11.5], "rotation": 270, "texture": "#0"},
				"down": {"uv": [0, 10.5, 2.5, 11.5], "rotation": 270, "texture": "#0"}
			}
		},
		{
			"from": [2.25, 0, -9.75],
			"to": [7.25, 2, 22.25],
			"rotation": {"angle": -22.5, "axis": "y", "origin": [4.75, 1, 6.25]},
			"faces": {
				"north": {"uv": [0, 10.5, 2.5, 11.5], "texture": "#0"},
				"east": {"uv": [0, 12.5, 16, 11.5], "texture": "#0"},
				"south": {"uv": [0, 10.5, 2.5, 11.5], "texture": "#0"},
				"west": {"uv": [0, 15, 16, 16], "texture": "#0"},
				"up": {"uv": [0, 12.5, 16, 15], "rotation": 270, "texture": "#0"},
				"down": {"uv": [0, 12.5, 16, 15], "rotation": 90, "texture": "#0"}
			}
		},
		{
			"from": [9.64063, -3.9375, 0.5],
			"to": [11.64063, 28.0625, 5.5],
			"rotation": {"angle": -45, "axis": "z", "origin": [10.64063, 12.0625, 3]},
			"faces": {
				"north": {"uv": [0, 15, 16, 16], "rotation": 90, "texture": "#0"},
				"east": {"uv": [0, 12.5, 16, 15], "rotation": 270, "texture": "#0"},
				"south": {"uv": [0, 12.5, 16, 11.5], "rotation": 270, "texture": "#0"},
				"west": {"uv": [0, 12.5, 16, 15], "rotation": 270, "texture": "#0"},
				"up": {"uv": [0, 10.5, 2.5, 11.5], "rotation": 270, "texture": "#0"},
				"down": {"uv": [0, 10.5, 2.5, 11.5], "rotation": 270, "texture": "#0"}
			}
		}
	],
	"display": {
		"thirdperson_righthand": {
			"rotation": [75, 45, 0],
			"translation": [0, 2.5, 1.5],
			"scale": [0.375, 0.375, 0.375]
		},
		"thirdperson_lefthand": {
			"rotation": [75, 45, 0],
			"translation": [0, 2.5, 1.5],
			"scale": [0.375, 0.375, 0.375]
		},
		"firstperson_righthand": {
			"rotation": [0, 45, 0],
			"translation": [1.5, 4.5, 0],
			"scale": [0.4, 0.4, 0.4]
		},
		"firstperson_lefthand": {
			"rotation": [0, 225, 0],
			"translation": [1.5, 4.5, 0],
			"scale": [0.4, 0.4, 0.4]
		},
		"ground": {
			"translation": [0, 3, 0],
			"scale": [0.25, 0.25, 0.25]
		},
		"gui": {
			"rotation": [35, 135, 0],
			"translation": [0, -2.25, 0],
			"scale": [0.4, 0.4, 0.4]
		},
		"head": {
			"translation": [2.5, 14.5, 0]
		},
		"fixed": {
			"rotation": [-90, 0, 0],
			"translation": [0, 0, -14],
			"scale": [2, 2, 2]
		}
	}
}