{
	"credit": "",
	"textures": {
		"leaves": "block/acacia_leaves",
		"decoration": "block/acacia_leaves0",
		"particle": "#leaves"
	},
	"elements": [
		{
			"from": [0, 0, 0],
			"to": [16, 16, 16],
			"faces": {
				"north": {"uv": [0, 0, 16, 16], "texture": "#leaves", "tintindex": 0},
				"east": {"uv": [0, 0, 16, 16], "texture": "#leaves", "tintindex": 0},
				"south": {"uv": [0, 0, 16, 16], "texture": "#leaves", "tintindex": 0},
				"west": {"uv": [0, 0, 16, 16], "texture": "#leaves", "tintindex": 0},
				"up": {"uv": [0, 0, 16, 16], "texture": "#leaves", "tintindex": 0},
				"down": {"uv": [0, 0, 16, 16], "texture": "#leaves", "tintindex": 0}
			}
		},
		{
			"from": [-3.5, -3.5, -8],
			"to": [-3.499, 28.5, 24],
			"rotation": {"angle": -45, "axis": "z", "origin": [-3.5, -3.5, -8]},
			"faces": {
				"north": {"uv": [0, 0, 16, 16], "texture": "#decoration", "tintindex": 0},
				"east": {"uv": [0, 0, 16, 16], "texture": "#decoration", "tintindex": 0},
				"south": {"uv": [0, 0, 16, 16], "texture": "#decoration", "tintindex": 0},
				"west": {"uv": [0, 0, 16, 16], "texture": "#decoration", "tintindex": 0},
				"up": {"uv": [0, 0, 16, 16], "texture": "#decoration", "tintindex": 0},
				"down": {"uv": [0, 0, 16, 16], "texture": "#decoration", "tintindex": 0}
			}
		},
		{
			"from": [19.5, -3.5, -8],
			"to": [19.501, 28.5, 24],
			"rotation": {"angle": 45, "axis": "z", "origin": [19.5, -3.5, -8]},
			"faces": {
				"north": {"uv": [0, 0, 16, 16], "texture": "#decoration", "tintindex": 0},
				"east": {"uv": [0, 0, 16, 16], "texture": "#decoration", "tintindex": 0},
				"south": {"uv": [0, 0, 16, 16], "texture": "#decoration", "tintindex": 0},
				"west": {"uv": [0, 0, 16, 16], "texture": "#decoration", "tintindex": 0},
				"up": {"uv": [0, 0, 16, 16], "texture": "#decoration", "tintindex": 0},
				"down": {"uv": [0, 0, 16, 16], "texture": "#decoration", "tintindex": 0}
			}
		},
		{
			"from": [-8, -3.5, -3.5],
			"to": [24, 28.5, -3.499],
			"rotation": {"angle": 45, "axis": "x", "origin": [-8, -3.5, -3.5]},
			"faces": {
				"north": {"uv": [0, 0, 16, 16], "texture": "#decoration", "tintindex": 0},
				"east": {"uv": [0, 0, 16, 16], "texture": "#decoration", "tintindex": 0},
				"south": {"uv": [0, 0, 16, 16], "texture": "#decoration", "tintindex": 0},
				"west": {"uv": [0, 0, 16, 16], "texture": "#decoration", "tintindex": 0},
				"up": {"uv": [0, 0, 16, 16], "texture": "#decoration", "tintindex": 0},
				"down": {"uv": [0, 0, 16, 16], "texture": "#decoration", "tintindex": 0}
			}
		},
		{
			"from": [-8, -3.5, -12.5],
			"to": [24, -3.499, 19.5],
			"rotation": {"angle": 45, "axis": "x", "origin": [-8, -3.5, 19.5]},
			"faces": {
				"north": {"uv": [16, 16, 0, 0], "texture": "#decoration", "tintindex": 0},
				"east": {"uv": [0, 0, 16, 16], "rotation": 90, "texture": "#decoration", "tintindex": 0},
				"south": {"uv": [0, 0, 16, 16], "texture": "#decoration", "tintindex": 0},
				"west": {"uv": [0, 0, 16, 16], "rotation": 270, "texture": "#decoration", "tintindex": 0},
				"up": {"uv": [0, 0, 16, 16], "texture": "#decoration", "tintindex": 0},
				"down": {"uv": [16, 16, 0, 0], "texture": "#decoration", "tintindex": 0}
			}
		},
		{
			"from": [-3.5, -8, -3.5],
			"to": [28.5, 24, -3.499],
			"rotation": {"angle": -45, "axis": "y", "origin": [-3.5, -8, -3.5]},
			"faces": {
				"north": {"uv": [0, 0, 16, 16], "texture": "#decoration", "tintindex": 0},
				"east": {"uv": [0, 0, 16, 16], "texture": "#decoration", "tintindex": 0},
				"south": {"uv": [0, 0, 16, 16], "texture": "#decoration", "tintindex": 0},
				"west": {"uv": [0, 0, 16, 16], "texture": "#decoration", "tintindex": 0},
				"up": {"uv": [0, 0, 16, 16], "texture": "#decoration", "tintindex": 0},
				"down": {"uv": [0, 0, 16, 16], "texture": "#decoration", "tintindex": 0}
			}
		},
		{
			"from": [-3.5, -8, 19.5],
			"to": [28.5, 24, 19.501],
			"rotation": {"angle": 45, "axis": "y", "origin": [-3.5, -8, 19.5]},
			"faces": {
				"north": {"uv": [0, 0, 16, 16], "texture": "#decoration", "tintindex": 0},
				"east": {"uv": [0, 0, 16, 16], "texture": "#decoration", "tintindex": 0},
				"south": {"uv": [0, 0, 16, 16], "texture": "#decoration", "tintindex": 0},
				"west": {"uv": [0, 0, 16, 16], "texture": "#decoration", "tintindex": 0},
				"up": {"uv": [0, 0, 16, 16], "texture": "#decoration", "tintindex": 0},
				"down": {"uv": [0, 0, 16, 16], "texture": "#decoration", "tintindex": 0}
			}
		}
	],
	"gui_light": "front",
	"display": {
        "gui": {
            "rotation": [ 30, 225, 0 ],
            "translation": [ 0, 0, 0],
            "scale":[ 0.625, 0.625, 0.625 ]
        },
        "ground": {
            "rotation": [ 0, 0, 0 ],
            "translation": [ 0, 3, 0],
            "scale":[ 0.25, 0.25, 0.25 ]
        },
        "fixed": {
            "rotation": [ 0, 0, 0 ],
            "translation": [ 0, 0, 0],
            "scale":[ 0.5, 0.5, 0.5 ]
        },
        "thirdperson_righthand": {
            "rotation": [ 75, 45, 0 ],
            "translation": [ 0, 2.5, 0],
            "scale": [ 0.375, 0.375, 0.375 ]
        },
        "firstperson_righthand": {
            "rotation": [ 0, 45, 0 ],
            "translation": [ 0, 0, 0 ],
            "scale": [ 0.40, 0.40, 0.40 ]
        },
        "firstperson_lefthand": {
            "rotation": [ 0, 225, 0 ],
            "translation": [ 0, 0, 0 ],
            "scale": [ 0.40, 0.40, 0.40 ]
        }
	}
}