{
	"credit": "Made by Forest",
	"textures": {
		"0": "#all",
		"1": "#bush",
		"particle": "#all"
	},
	"elements": [
		{
			"from": [0, 0, 0],
			"to": [16, 16, 16],
			"faces": {
				"north": {"uv": [0, 0, 16, 16], "texture": "#0", "tintindex": 0},
				"east": {"uv": [0, 0, 16, 16], "texture": "#0", "tintindex": 0},
				"south": {"uv": [0, 0, 16, 16], "texture": "#0", "tintindex": 0},
				"west": {"uv": [0, 0, 16, 16], "texture": "#0", "tintindex": 0},
				"up": {"uv": [0, 0, 16, 16], "texture": "#0", "tintindex": 0},
				"down": {"uv": [0, 0, 16, 16], "texture": "#0", "tintindex": 0}
			}
		},
		{
			"from": [-6, -6, 8],
			"to": [22, 22, 8],
			"rotation": {"angle": 22.5, "axis": "y", "origin": [8, 14, 8]},
			"faces": {
				"north": {"uv": [16, 0, 0, 16], "texture": "#1", "tintindex": 0},
				"east": {"uv": [0, 0, 16, 16], "texture": "#1", "tintindex": 0},
				"south": {"uv": [0, 0, 16, 16], "texture": "#1", "tintindex": 0},
				"west": {"uv": [0, 0, 16, 16], "texture": "#1", "tintindex": 0},
				"up": {"uv": [0, 0, 16, 16], "texture": "#1", "tintindex": 0},
				"down": {"uv": [0, 0, 16, 16], "texture": "#1", "tintindex": 0}
			}
		},
		{
			"from": [8, -6, -6],
			"to": [8, 22, 22],
			"rotation": {"angle": 22.5, "axis": "y", "origin": [8, 14, 8]},
			"faces": {
				"north": {"uv": [0, 0, 16, 16], "texture": "#1", "tintindex": 0},
				"east": {"uv": [0, 0, 16, 16], "texture": "#1", "tintindex": 0},
				"south": {"uv": [0, 0, 16, 16], "texture": "#1", "tintindex": 0},
				"west": {"uv": [16, 0, 0, 16], "texture": "#1", "tintindex": 0},
				"up": {"uv": [0, 0, 16, 16], "rotation": 270, "texture": "#1", "tintindex": 0},
				"down": {"uv": [0, 0, 16, 16], "rotation": 90, "texture": "#1", "tintindex": 0}
			}
		},
		{
			"from": [-6, -6, 8],
			"to": [22, 22, 8],
			"rotation": {"angle": -22.5, "axis": "x", "origin": [8, 8, 8]},
			"faces": {
				"north": {"uv": [16, 0, 0, 16], "rotation": 90, "texture": "#1", "tintindex": 0},
				"east": {"uv": [0, 0, 16, 16], "rotation": 270, "texture": "#1", "tintindex": 0},
				"south": {"uv": [0, 0, 16, 16], "rotation": 270, "texture": "#1", "tintindex": 0},
				"west": {"uv": [0, 0, 16, 16], "rotation": 270, "texture": "#1", "tintindex": 0},
				"up": {"uv": [0, 0, 16, 16], "rotation": 270, "texture": "#1", "tintindex": 0},
				"down": {"uv": [0, 0, 16, 16], "rotation": 270, "texture": "#1", "tintindex": 0}
			}
		},
		{
			"from": [-6, 8, -6],
			"to": [22, 8, 22],
			"rotation": {"angle": -22.5, "axis": "x", "origin": [8, 8, 8]},
			"faces": {
				"north": {"uv": [0, 0, 16, 16], "rotation": 90, "texture": "#1", "tintindex": 0},
				"east": {"uv": [0, 0, 16, 16], "texture": "#1", "tintindex": 0},
				"south": {"uv": [0, 0, 16, 16], "rotation": 270, "texture": "#1", "tintindex": 0},
				"west": {"uv": [0, 0, 16, 16], "rotation": 180, "texture": "#1", "tintindex": 0},
				"up": {"uv": [0, 0, 16, 16], "rotation": 270, "texture": "#1", "tintindex": 0},
				"down": {"uv": [16, 0, 0, 16], "rotation": 270, "texture": "#1", "tintindex": 0}
			}
		}
	],
	"gui_light": "front",
	"display": {
		"thirdperson_righthand": {
			"rotation": [75, 45, 0],
			"translation": [0, 2.5, 0],
			"scale": [0.375, 0.375, 0.375]
		},
		"firstperson_righthand": {
			"rotation": [0, 45, 0],
			"scale": [0.4, 0.4, 0.4]
		},
		"firstperson_lefthand": {
			"rotation": [0, 225, 0],
			"scale": [0.4, 0.4, 0.4]
		},
		"ground": {
			"translation": [0, 3, 0],
			"scale": [0.25, 0.25, 0.25]
		},
		"gui": {
			"rotation": [30, 225, 0],
			"scale": [0.625, 0.625, 0.625]
		},
		"fixed": {
			"scale": [0.5, 0.5, 0.5]
		}
	}
}