{
	"credit": "Made by Forest",
	"textures": {
		"0": "#all",
		"1": "#bush",
		"particle": "#all"
	},
	"elements": [
		{
			"from": [0, 0, 0],
			"to": [16, 16, 16],
			"faces": {
				"north": {"uv": [0, 0, 16, 16], "texture": "#0", "tintindex": 0},
				"east": {"uv": [0, 0, 16, 16], "texture": "#0", "tintindex": 0},
				"south": {"uv": [0, 0, 16, 16], "texture": "#0", "tintindex": 0},
				"west": {"uv": [0, 0, 16, 16], "texture": "#0", "tintindex": 0},
				"up": {"uv": [0, 0, 16, 16], "texture": "#0", "tintindex": 0},
				"down": {"uv": [0, 0, 16, 16], "texture": "#0", "tintindex": 0}
			}
		},
		{
			"from": [8, 0, 16],
			"to": [8, 16, 24],
			"shade": false,
			"rotation": {"angle": -45, "axis": "z", "origin": [8, 8, 20], "rescale": true},
			"faces": {
				"east": {"uv": [0, 0, 16, 8], "rotation": 90, "texture": "#1", "cullface": "south", "tintindex": 1},
				"west": {"uv": [0, 0, 16, 8], "rotation": 270, "texture": "#1", "cullface": "south", "tintindex": 1}
			}
		},
		{
			"from": [8, 0, 16],
			"to": [8, 16, 24],
			"shade": false,
			"rotation": {"angle": 45, "axis": "z", "origin": [8, 8, 20], "rescale": true},
			"faces": {
				"east": {"uv": [0, 0, 16, 8], "rotation": 90, "texture": "#1", "cullface": "south", "tintindex": 1},
				"west": {"uv": [0, 0, 16, 8], "rotation": 270, "texture": "#1", "cullface": "south", "tintindex": 1}
			}
		},
		{
			"from": [8, 0, -8],
			"to": [8, 16, 0],
			"shade": false,
			"rotation": {"angle": -45, "axis": "z", "origin": [8, 8, -4], "rescale": true},
			"faces": {
				"east": {"uv": [0, 8, 16, 0], "rotation": 90, "texture": "#1", "cullface": "south", "tintindex": 1},
				"west": {"uv": [0, 8, 16, 0], "rotation": 270, "texture": "#1", "cullface": "south", "tintindex": 1}
			}
		},
		{
			"from": [8, 0, -8],
			"to": [8, 16, 0],
			"shade": false,
			"rotation": {"angle": 45, "axis": "z", "origin": [8, 8, -4], "rescale": true},
			"faces": {
				"east": {"uv": [0, 8, 16, 0], "rotation": 90, "texture": "#1", "cullface": "south", "tintindex": 1},
				"west": {"uv": [0, 8, 16, 0], "rotation": 270, "texture": "#1", "cullface": "south", "tintindex": 1}
			}
		},
		{
			"from": [16, 0, 8],
			"to": [24, 16, 8],
			"shade": false,
			"rotation": {"angle": -45, "axis": "x", "origin": [8, 8, 8], "rescale": true},
			"faces": {
				"north": {"uv": [0, 8, 16, 0], "rotation": 270, "texture": "#1", "cullface": "south", "tintindex": 1},
				"south": {"uv": [0, 8, 16, 0], "rotation": 90, "texture": "#1", "cullface": "south", "tintindex": 1}
			}
		},
		{
			"from": [16, 0, 8],
			"to": [24, 16, 8],
			"shade": false,
			"rotation": {"angle": 45, "axis": "x", "origin": [8, 8, 8], "rescale": true},
			"faces": {
				"north": {"uv": [0, 8, 16, 0], "rotation": 270, "texture": "#1", "cullface": "south", "tintindex": 1},
				"south": {"uv": [0, 8, 16, 0], "rotation": 90, "texture": "#1", "cullface": "south", "tintindex": 1}
			}
		},
		{
			"from": [-8, 0, 8],
			"to": [0, 16, 8],
			"shade": false,
			"rotation": {"angle": 45, "axis": "x", "origin": [8, 8, 8], "rescale": true},
			"faces": {
				"north": {"uv": [0, 0, 16, 8], "rotation": 270, "texture": "#1", "cullface": "south", "tintindex": 1},
				"south": {"uv": [0, 0, 16, 8], "rotation": 90, "texture": "#1", "cullface": "south", "tintindex": 1}
			}
		},
		{
			"from": [-8, 0, 8],
			"to": [0, 16, 8],
			"shade": false,
			"rotation": {"angle": -45, "axis": "x", "origin": [8, 8, 8], "rescale": true},
			"faces": {
				"north": {"uv": [0, 0, 16, 8], "rotation": 270, "texture": "#1", "cullface": "south", "tintindex": 1},
				"south": {"uv": [0, 0, 16, 8], "rotation": 90, "texture": "#1", "cullface": "south", "tintindex": 1}
			}
		},
		{
			"from": [0, 16, 8],
			"to": [16, 24, 8],
			"shade": false,
			"rotation": {"angle": -45, "axis": "y", "origin": [8, 8, 8], "rescale": true},
			"faces": {
				"north": {"uv": [0, 8, 16, 0], "texture": "#1", "cullface": "south", "tintindex": 1},
				"south": {"uv": [0, 8, 16, 0], "texture": "#1", "cullface": "south", "tintindex": 1}
			}
		},
		{
			"from": [0, 16, 8],
			"to": [16, 24, 8],
			"shade": false,
			"rotation": {"angle": 45, "axis": "y", "origin": [8, 8, 8], "rescale": true},
			"faces": {
				"north": {"uv": [0, 8, 16, 0], "texture": "#1", "cullface": "south", "tintindex": 1},
				"south": {"uv": [0, 8, 16, 0], "texture": "#1", "cullface": "south", "tintindex": 1}
			}
		},
		{
			"from": [0, -8, 8],
			"to": [16, 0, 8],
			"shade": false,
			"rotation": {"angle": 45, "axis": "y", "origin": [8, 8, 8], "rescale": true},
			"faces": {
				"north": {"uv": [0, 0, 16, 8], "texture": "#1", "cullface": "south", "tintindex": 1},
				"south": {"uv": [0, 0, 16, 8], "texture": "#1", "cullface": "south", "tintindex": 1}
			}
		},
		{
			"from": [0, -8, 8],
			"to": [16, 0, 8],
			"shade": false,
			"rotation": {"angle": -45, "axis": "y", "origin": [8, 8, 8], "rescale": true},
			"faces": {
				"north": {"uv": [0, 0, 16, 8], "texture": "#1", "cullface": "south", "tintindex": 1},
				"south": {"uv": [0, 0, 16, 8], "texture": "#1", "cullface": "south", "tintindex": 1}
			}
		}
	],
	"gui_light": "front",
	"display": {
		"thirdperson_righthand": {
			"rotation": [75, 45, 0],
			"translation": [0, 2.5, 0],
			"scale": [0.375, 0.375, 0.375]
		},
		"firstperson_righthand": {
			"rotation": [0, 45, 0],
			"scale": [0.4, 0.4, 0.4]
		},
		"firstperson_lefthand": {
			"rotation": [0, 225, 0],
			"scale": [0.4, 0.4, 0.4]
		},
		"ground": {
			"translation": [0, 3, 0],
			"scale": [0.25, 0.25, 0.25]
		},
		"gui": {
			"rotation": [30, 225, 0],
			"scale": [0.625, 0.625, 0.625]
		},
		"fixed": {
			"scale": [0.5, 0.5, 0.5]
		}
	}
}