{
	"credit": "Made with Blockbench",
	"parent": "block/block",
	"ambientocclusion": false,
	"textures": {
		"1": "outpost/object/pipe",
		"particle": "block/lightning_rod",
		"texture": "block/lightning_rod"
	},
	"elements": [
		{
			"from": [6, 0, 6],
			"to": [10, 10, 10],
			"rotation": {"angle": 0, "axis": "y", "origin": [8, 8, 8]},
			"faces": {
				"north": {"uv": [12, 6, 8, 16], "texture": "#texture"},
				"east": {"uv": [16, 6, 12, 16], "texture": "#texture"},
				"south": {"uv": [12, 6, 8, 16], "texture": "#texture"},
				"west": {"uv": [12, 6, 16, 16], "texture": "#texture"},
				"up": {"uv": [4, 16, 8, 12], "texture": "#texture"},
				"down": {"uv": [4, 4, 8, 0], "texture": "#texture"}
			}
		},
		{
			"from": [5, 5, 5],
			"to": [11, 11, 11],
			"rotation": {"angle": 0, "axis": "y", "origin": [8, 8, 8]},
			"faces": {
				"north": {"uv": [16, 0, 0, 16], "texture": "#1"},
				"east": {"uv": [16, 0, 0, 16], "texture": "#1"},
				"south": {"uv": [16, 0, 0, 16], "texture": "#1"},
				"west": {"uv": [16, 0, 0, 16], "texture": "#1"},
				"up": {"uv": [16, 0, 0, 16], "texture": "#1"},
				"down": {"uv": [16, 0, 0, 16], "texture": "#1"}
			}
		},
		{
			"from": [6, 6, 0],
			"to": [10, 10, 6],
			"rotation": {"angle": 0, "axis": "y", "origin": [8, 8, 8]},
			"faces": {
				"north": {"uv": [8, 0, 4, 4], "texture": "#texture"},
				"east": {"uv": [16, 0, 10, 4], "texture": "#texture"},
				"south": {"uv": [8, 0, 4, 4], "texture": "#texture"},
				"west": {"uv": [10, 0, 16, 4], "texture": "#texture"},
				"up": {"uv": [10, 0, 16, 4], "rotation": 90, "texture": "#texture"},
				"down": {"uv": [16, 0, 10, 4], "rotation": 90, "texture": "#texture"}
			}
		}
	],
	"display": {
		"thirdperson_righthand": {
			"translation": [0, 2, 0.5],
			"scale": [0.4, 0.4, 0.4]
		},
		"head": {
			"rotation": [-180, 0, 0],
			"translation": [8.5, 4, 0]
		}
	}
}