{
	"credit": "Made with Blockbench",
	"parent": "block/block",
	"ambientocclusion": false,
	"textures": {
		"particle": "block/lightning_rod",
		"texture": "block/lightning_rod"
	},
	"elements": [
		{
			"from": [6, 6, 11],
			"to": [10, 10, 16],
			"rotation": {"angle": 0, "axis": "x", "origin": [8, 5.25, 5.25]},
			"faces": {
				"north": {"uv": [4, 4, 8, 0], "rotation": 180, "texture": "#texture"},
				"east": {"uv": [11, 4, 16, 0], "rotation": 180, "texture": "#texture"},
				"south": {"uv": [8, 4, 4, 0], "rotation": 180, "texture": "#texture"},
				"west": {"uv": [16, 0, 11, 4], "rotation": 180, "texture": "#texture"},
				"up": {"uv": [16, 0, 11, 4], "rotation": 270, "texture": "#texture"},
				"down": {"uv": [11, 4, 16, 0], "rotation": 270, "texture": "#texture"}
			}
		},
		{
			"from": [5, 5, 5],
			"to": [11, 11, 11],
			"rotation": {"angle": 0, "axis": "y", "origin": [8, 8, 8]},
			"faces": {
				"north": {"uv": [8, 10, 14, 16], "texture": "#texture"},
				"east": {"uv": [14, 10, 8, 16], "texture": "#texture"},
				"south": {"uv": [8, 16, 14, 10], "texture": "#texture"},
				"west": {"uv": [14, 16, 8, 10], "texture": "#texture"},
				"up": {"uv": [8, 16, 14, 10], "rotation": 180, "texture": "#texture"},
				"down": {"uv": [14, 10, 8, 16], "rotation": 270, "texture": "#texture"}
			}
		},
		{
			"from": [6, 0, 6],
			"to": [10, 5, 10],
			"rotation": {"angle": 0, "axis": "x", "origin": [8, 5.25, 5.25]},
			"faces": {
				"north": {"uv": [4, 16, 8, 11], "rotation": 180, "texture": "#texture"},
				"east": {"uv": [4, 16, 8, 11], "rotation": 180, "texture": "#texture"},
				"south": {"uv": [4, 16, 8, 11], "rotation": 180, "texture": "#texture"},
				"west": {"uv": [4, 16, 8, 11], "rotation": 180, "texture": "#texture"},
				"up": {"uv": [4, 4, 8, 0], "rotation": 180, "texture": "#texture"},
				"down": {"uv": [4, 0, 8, 4], "rotation": 180, "texture": "#texture"}
			}
		}
	],
	"display": {
		"thirdperson_righthand": {
			"translation": [0, 2, 0.5],
			"scale": [0.4, 0.4, 0.4]
		},
		"head": {
			"rotation": [-180, 0, 0],
			"translation": [8.5, 4, 0]
		}
	}
}