{
	"credit": "Made with Blockbench",
	"parent": "block/block",
	"ambientocclusion": false,
	"textures": {
		"particle": "block/lightning_rod",
		"texture": "block/lightning_rod"
	},
	"elements": [
		{
			"from": [6, 0, 6],
			"to": [10, 16, 10],
			"rotation": {"angle": 0, "axis": "x", "origin": [8, 8, 8]},
			"faces": {
				"north": {"uv": [0, 0, 4, 16], "texture": "#texture"},
				"east": {"uv": [0, 0, 4, 16], "texture": "#texture"},
				"south": {"uv": [0, 0, 4, 16], "texture": "#texture"},
				"west": {"uv": [0, 0, 4, 16], "texture": "#texture"},
				"up": {"uv": [4, 0, 8, 4], "texture": "#texture"},
				"down": {"uv": [4, 0, 8, 4], "rotation": 90, "texture": "#texture"}
			}
		}
	],
	"display": {
		"thirdperson_righthand": {
			"translation": [0, 2, 0.5],
			"scale": [0.4, 0.4, 0.4]
		},
		"head": {
			"rotation": [-180, 0, 0],
			"translation": [8.5, 4, 0]
		}
	}
}