{
	"credit": "Made with Blockbench",
	"parent": "minecraft:block/button",
	"textures": {
		"0": "outpost/object/planks",
		"particle": "outpost/object/planks"
	},
	"elements": [
		{
			"from": [0, 0.25, 0.75],
			"to": [16, 1.25, 5.75],
			"rotation": {"angle": 22.5, "axis": "y", "origin": [8, 0.75, 3.25]},
			"faces": {
				"north": {"uv": [0, 2.5, 8, 2], "texture": "#0"},
				"east": {"uv": [0.5, 2.5, 0, 0], "rotation": 90, "texture": "#0"},
				"south": {"uv": [0, 0.5, 8, 0], "texture": "#0"},
				"west": {"uv": [8, 0, 7.5, 2.5], "rotation": 90, "texture": "#0"},
				"up": {"uv": [8, 2.5, 0, 0], "texture": "#0"},
				"down": {"uv": [8, 0, 0, 2.5], "texture": "#0"}
			}
		},
		{
			"from": [6.75, 1.25, -1.75],
			"to": [11.75, 2.25, 14.25],
			"rotation": {"angle": 22.5, "axis": "y", "origin": [9.25, 1.25, 5.5]},
			"faces": {
				"north": {"uv": [8, 0, 7.5, 2.5], "rotation": 90, "texture": "#0"},
				"east": {"uv": [0, 2.5, 8, 2], "texture": "#0"},
				"south": {"uv": [0.5, 2.5, 0, 0], "rotation": 90, "texture": "#0"},
				"west": {"uv": [0, 0.5, 8, 0], "texture": "#0"},
				"up": {"uv": [8, 2.5, 0, 0], "rotation": 90, "texture": "#0"},
				"down": {"uv": [8, 0, 0, 2.5], "rotation": 270, "texture": "#0"}
			}
		},
		{
			"from": [-1.5, 0.75, 5],
			"to": [21.5, 1.75, 10],
			"rotation": {"angle": 0, "axis": "y", "origin": [10, 1.25, 7.5]},
			"faces": {
				"north": {"uv": [0, 2.5, 11.5, 2], "texture": "#0"},
				"east": {"uv": [0.5, 2.5, 0, 0], "rotation": 90, "texture": "#0"},
				"south": {"uv": [0, 0.5, 11.5, 0], "texture": "#0"},
				"west": {"uv": [8, 0, 7.5, 2.5], "rotation": 90, "texture": "#0"},
				"up": {"uv": [11.5, 2.5, 0, 0], "texture": "#0"},
				"down": {"uv": [11.5, 0, 0, 2.5], "texture": "#0"}
			}
		},
		{
			"from": [1.5, 0.25, 10.25],
			"to": [17.5, 1.25, 15.25],
			"rotation": {"angle": 22.5, "axis": "y", "origin": [8, 1.75, 8.25]},
			"faces": {
				"north": {"uv": [0, 2.5, 8, 2], "texture": "#0"},
				"east": {"uv": [0.5, 2.5, 0, 0], "rotation": 90, "texture": "#0"},
				"south": {"uv": [0, 0.5, 8, 0], "texture": "#0"},
				"west": {"uv": [8, 0, 7.5, 2.5], "rotation": 90, "texture": "#0"},
				"up": {"uv": [8, 2.5, 0, 0], "texture": "#0"},
				"down": {"uv": [8, 0, 0, 2.5], "texture": "#0"}
			}
		},
		{
			"from": [-3, -0.05469, 5.75],
			"to": [13, 0.94531, 10.75],
			"rotation": {"angle": -22.5, "axis": "y", "origin": [5, 0.75, 8.25]},
			"faces": {
				"north": {"uv": [0, 2.5, 8, 2], "texture": "#0"},
				"east": {"uv": [0.5, 2.5, 0, 0], "rotation": 90, "texture": "#0"},
				"south": {"uv": [0, 0.5, 8, 0], "texture": "#0"},
				"west": {"uv": [8, 0, 7.5, 2.5], "rotation": 90, "texture": "#0"},
				"up": {"uv": [8, 2.5, 0, 0], "texture": "#0"},
				"down": {"uv": [8, 0, 0, 2.5], "texture": "#0"}
			}
		}
	],
	"display": {
		"thirdperson_righthand": {
			"rotation": [75, 45, 0],
			"translation": [0, 2.5, 2.5],
			"scale": [0.375, 0.375, 0.375]
		},
		"thirdperson_lefthand": {
			"rotation": [75, 45, 0],
			"translation": [0, 2.5, 2.5],
			"scale": [0.375, 0.375, 0.375]
		},
		"firstperson_righthand": {
			"rotation": [0, 45, 0],
			"translation": [0, 2.5, 0],
			"scale": [0.4, 0.4, 0.4]
		},
		"firstperson_lefthand": {
			"rotation": [0, 225, 0],
			"translation": [0, 2.5, 0],
			"scale": [0.4, 0.4, 0.4]
		},
		"ground": {
			"translation": [0, 3, 0],
			"scale": [0.4, 0.4, 0.4]
		},
		"gui": {
			"rotation": [30, 225, 0],
			"translation": [0, 3.5, 0],
			"scale": [0.625, 0.625, 0.625]
		},
		"fixed": {
			"scale": [0.5, 0.5, 0.5]
		}
	}
}