{
	"credit": "Made with Blockbench",
	"textures": {
		"0": "block/coarse_dirt",
		"particle": "block/coarse_dirt"
	},
	"elements": [
		{
			"from": [0, 0, 0],
			"to": [16, 4, 16],
			"faces": {
				"north": {"uv": [0, 12, 16, 16], "texture": "#0", "cullface": "north"},
				"east": {"uv": [0, 12, 16, 16], "texture": "#0", "cullface": "east"},
				"south": {"uv": [0, 12, 16, 16], "texture": "#0", "cullface": "south"},
				"west": {"uv": [0, 12, 16, 16], "texture": "#0", "cullface": "west"},
				"up": {"uv": [0, 0, 16, 16], "texture": "#0"},
				"down": {"uv": [0, 0, 16, 16], "texture": "#0", "cullface": "down"}
			}
		}
	]
}