{
	"credit": "Made with Blockbench",
	"texture_size": [64, 64],
	"textures": {
		"0": "outpost/object/burn_barrel",
		"particle": "outpost/object/burn_barrel"
	},
	"elements": [
		{
			"from": [2, 1, 2],
			"to": [14, 16, 14],
			"faces": {
				"north": {"uv": [3, 0, 0, 3.75], "texture": "#0"},
				"east": {"uv": [3, 0, 6, 3.75], "texture": "#0"},
				"south": {"uv": [0, 0, 3, 3.75], "texture": "#0"},
				"west": {"uv": [6, 0, 3, 3.75], "texture": "#0"},
				"up": {"uv": [0, 3.75, 3, 6.75], "texture": "#0"},
				"down": {"uv": [0.25, 4, 2.75, 6.5], "texture": "#0"}
			}
		},
		{
			"from": [1.5, 0, 1.5],
			"to": [14.5, 2, 14.5],
			"faces": {
				"north": {"uv": [6, 3.25, 9.25, 3.75], "texture": "#0"},
				"east": {"uv": [6, 3.25, 9.25, 3.75], "texture": "#0"},
				"south": {"uv": [6, 3.25, 9.25, 3.75], "texture": "#0"},
				"west": {"uv": [6, 3.25, 9.25, 3.75], "texture": "#0"},
				"up": {"uv": [6, 0, 9.25, 3.25], "texture": "#0"},
				"down": {"uv": [6, 3.75, 9.25, 7], "texture": "#0"}
			}
		},
		{
			"from": [9.09545, 2.7969, 3.5],
			"to": [11.09545, 4.7969, 13.5],
			"rotation": {"angle": -22.5, "axis": "y", "origin": [11.09545, 3.7969, 8]},
			"faces": {
				"north": {"uv": [5.5, 6.25, 6, 6.75], "texture": "#0"},
				"east": {"uv": [5.5, 3.75, 6, 6.25], "rotation": 90, "texture": "#0"},
				"south": {"uv": [5.5, 6.25, 6, 6.75], "texture": "#0"},
				"west": {"uv": [6, 3.75, 5.5, 6.25], "rotation": 90, "texture": "#0"},
				"up": {"uv": [5.5, 3.75, 6, 6.25], "texture": "#0"},
				"down": {"uv": [5.5, 6.25, 6, 3.75], "texture": "#0"}
			}
		},
		{
			"from": [3.13351, 4.60555, 8],
			"to": [13.13351, 6.60555, 10],
			"rotation": {"angle": 22.5, "axis": "z", "origin": [7.63351, 5.60555, 8]},
			"faces": {
				"north": {"uv": [5.5, 3.75, 6, 6.25], "rotation": 90, "texture": "#0"},
				"east": {"uv": [5.5, 6.25, 6, 6.75], "texture": "#0"},
				"south": {"uv": [6, 3.75, 5.5, 6.25], "rotation": 90, "texture": "#0"},
				"west": {"uv": [5.5, 6.25, 6, 6.75], "texture": "#0"},
				"up": {"uv": [5.5, 3.75, 6, 6.25], "rotation": 270, "texture": "#0"},
				"down": {"uv": [5.5, 6.25, 6, 3.75], "rotation": 90, "texture": "#0"}
			}
		},
		{
			"from": [7.09545, 1.44809, 5.72627],
			"to": [9.09545, 11.44809, 7.72627],
			"rotation": {"angle": 22.5, "axis": "x", "origin": [9.09545, 5.94809, 6.72627]},
			"faces": {
				"north": {"uv": [5.5, 3.75, 6, 6.25], "rotation": 180, "texture": "#0"},
				"east": {"uv": [5.5, 3.75, 6, 6.25], "rotation": 180, "texture": "#0"},
				"south": {"uv": [5.5, 6.25, 6, 3.75], "texture": "#0"},
				"west": {"uv": [6, 3.75, 5.5, 6.25], "texture": "#0"},
				"up": {"uv": [5.5, 6.25, 6, 6.75], "texture": "#0"},
				"down": {"uv": [5.5, 6.25, 6, 6.75], "rotation": 180, "texture": "#0"}
			}
		},
		{
			"from": [6.17157, 0.41421, 3],
			"to": [8.17157, 10.41421, 5],
			"rotation": {"angle": 45, "axis": "z", "origin": [7.17157, 5.41421, 4]},
			"faces": {
				"north": {"uv": [6, 3.75, 5.5, 6.25], "texture": "#0"},
				"east": {"uv": [5.5, 3.75, 6, 6.25], "rotation": 180, "texture": "#0"},
				"south": {"uv": [5.5, 3.75, 6, 6.25], "rotation": 180, "texture": "#0"},
				"west": {"uv": [5.5, 6.25, 6, 3.75], "texture": "#0"},
				"up": {"uv": [5.5, 6.25, 6, 6.75], "rotation": 90, "texture": "#0"},
				"down": {"uv": [5.5, 6.25, 6, 6.75], "rotation": 90, "texture": "#0"}
			}
		},
		{
			"name": "cube inverted",
			"from": [13, 16, 13],
			"to": [3, 2, 3],
			"faces": {
				"north": {"uv": [5.5, 7.5, 3, 3.75], "texture": "#0"},
				"east": {"uv": [5.5, 7.5, 3, 3.75], "texture": "#0"},
				"south": {"uv": [5.5, 7.5, 3, 3.75], "texture": "#0"},
				"west": {"uv": [5.5, 7.5, 3, 3.75], "texture": "#0"},
				"up": {"uv": [0.25, 4, 2.75, 6.5], "texture": "#0"},
				"down": {"uv": [0.25, 4, 2.75, 6.5], "texture": "#0"}
			}
		}
	],
	"display": {
		"thirdperson_righthand": {
			"scale": [0.3, 0.3, 0.3]
		},
		"thirdperson_lefthand": {
			"scale": [0.3, 0.3, 0.3]
		},
		"firstperson_righthand": {
			"scale": [0.3, 0.3, 0.3]
		},
		"firstperson_lefthand": {
			"scale": [0.3, 0.3, 0.3]
		},
		"ground": {
			"scale": [0.3, 0.3, 0.3]
		},
		"fixed": {
			"rotation": [-90, 0, 0],
			"translation": [0, 0, -18.5],
			"scale": [2.3, 2.3, 2.3]
		}
	}
}