{
	"credit": "Made with Blockbench",
	"texture_size": [64, 64],
	"textures": {
		"4": "outpost/object/burn_barrel",
		"particle": "outpost/object/burn_barrel"
	},
	"elements": [
		{
			"from": [2, 1, 13],
			"to": [14, 16, 14],
			"faces": {
				"north": {"uv": [0, 0, 3, 3.75], "texture": "#4"},
				"east": {"uv": [9.5, 10.25, 9.75, 14], "texture": "#4"},
				"south": {"uv": [3, 0, 6, 3.75], "texture": "#4"},
				"west": {"uv": [9.75, 10.25, 10, 14], "texture": "#4"},
				"up": {"uv": [13.75, 10.5, 10.75, 10.25], "texture": "#4"},
				"down": {"uv": [13.75, 10.5, 10.75, 10.75], "texture": "#4"}
			}
		},
		{
			"from": [2, 1, 2],
			"to": [14, 16, 3],
			"faces": {
				"north": {"uv": [0, 3.75, 3, 7.5], "texture": "#4"},
				"east": {"uv": [10, 10.25, 10.25, 14], "texture": "#4"},
				"south": {"uv": [3, 3.75, 6, 7.5], "texture": "#4"},
				"west": {"uv": [10.25, 10.25, 10.5, 14], "texture": "#4"},
				"up": {"uv": [13.75, 11, 10.75, 10.75], "texture": "#4"},
				"down": {"uv": [14, 6.5, 11, 6.75], "texture": "#4"}
			}
		},
		{
			"from": [13, 1, 3],
			"to": [14, 16, 13],
			"faces": {
				"north": {"uv": [10.5, 10.25, 10.75, 14], "texture": "#4"},
				"east": {"uv": [6, 6.5, 8.5, 10.25], "texture": "#4"},
				"south": {"uv": [5, 10.75, 5.25, 14.5], "texture": "#4"},
				"west": {"uv": [0, 7.5, 2.5, 11.25], "texture": "#4"},
				"up": {"uv": [6, 13.25, 5.75, 10.75], "texture": "#4"},
				"down": {"uv": [6.25, 10.75, 6, 13.25], "texture": "#4"}
			}
		},
		{
			"from": [2, 1, 3],
			"to": [3, 16, 13],
			"faces": {
				"north": {"uv": [5.25, 10.75, 5.5, 14.5], "texture": "#4"},
				"east": {"uv": [2.5, 7.5, 5, 11.25], "texture": "#4"},
				"south": {"uv": [5.5, 10.75, 5.75, 14.5], "texture": "#4"},
				"west": {"uv": [8.5, 6.5, 11, 10.25], "texture": "#4"},
				"up": {"uv": [6.5, 13.25, 6.25, 10.75], "texture": "#4"},
				"down": {"uv": [6.75, 10.75, 6.5, 13.25], "texture": "#4"}
			}
		},
		{
			"from": [1.5, 0, 1.5],
			"to": [14.5, 2, 14.5],
			"faces": {
				"north": {"uv": [9.25, 0, 12.5, 0.5], "texture": "#4"},
				"east": {"uv": [9.25, 0.5, 12.5, 1], "texture": "#4"},
				"south": {"uv": [9.25, 1, 12.5, 1.5], "texture": "#4"},
				"west": {"uv": [9.25, 1.5, 12.5, 2], "texture": "#4"},
				"up": {"uv": [9.25, 3.25, 6, 0], "texture": "#4"},
				"down": {"uv": [9.25, 3.25, 6, 6.5], "texture": "#4"}
			}
		},
		{
			"from": [2, 2, 3],
			"to": [12, 4, 5],
			"rotation": {"angle": -45, "axis": "z", "origin": [10, 4, 16]},
			"faces": {
				"north": {"uv": [9.25, 2, 11.75, 2.5], "texture": "#4"},
				"east": {"uv": [6.75, 10.75, 7.25, 11.25], "texture": "#4"},
				"south": {"uv": [9.25, 2.5, 11.75, 3], "texture": "#4"},
				"west": {"uv": [11, 6.75, 11.5, 7.25], "texture": "#4"},
				"up": {"uv": [11.75, 3.5, 9.25, 3], "texture": "#4"},
				"down": {"uv": [11.75, 3.5, 9.25, 4], "texture": "#4"}
			}
		},
		{
			"from": [3.17157, 4.41421, 8],
			"to": [13.17157, 6.41421, 10],
			"rotation": {"angle": 22.5, "axis": "z", "origin": [7.17157, 5.41421, 9]},
			"faces": {
				"north": {"uv": [9.25, 4, 11.75, 4.5], "texture": "#4"},
				"east": {"uv": [11, 7.25, 11.5, 7.75], "texture": "#4"},
				"south": {"uv": [9.25, 4.5, 11.75, 5], "texture": "#4"},
				"west": {"uv": [11, 7.75, 11.5, 8.25], "texture": "#4"},
				"up": {"uv": [11.75, 5.5, 9.25, 5], "texture": "#4"},
				"down": {"uv": [11.75, 5.5, 9.25, 6], "texture": "#4"}
			}
		},
		{
			"from": [9.09545, 2.7969, 3.5],
			"to": [11.09545, 4.7969, 13.5],
			"rotation": {"angle": -22.5, "axis": "y", "origin": [11.09545, 3.7969, 8]},
			"faces": {
				"north": {"uv": [11, 8.25, 11.5, 8.75], "texture": "#4"},
				"east": {"uv": [9.25, 6, 11.75, 6.5], "texture": "#4"},
				"south": {"uv": [11, 8.75, 11.5, 9.25], "texture": "#4"},
				"west": {"uv": [5, 10.25, 7.5, 10.75], "texture": "#4"},
				"up": {"uv": [5.5, 10, 5, 7.5], "texture": "#4"},
				"down": {"uv": [6, 7.5, 5.5, 10], "texture": "#4"}
			}
		},
		{
			"from": [7.09545, 0.7969, 5],
			"to": [9.09545, 10.7969, 7],
			"rotation": {"angle": 22.5, "axis": "x", "origin": [11.09545, 3.7969, 8]},
			"faces": {
				"north": {"uv": [7.5, 10.25, 8, 12.75], "texture": "#4"},
				"east": {"uv": [8, 10.25, 8.5, 12.75], "texture": "#4"},
				"south": {"uv": [8.5, 10.25, 9, 12.75], "texture": "#4"},
				"west": {"uv": [9, 10.25, 9.5, 12.75], "texture": "#4"},
				"up": {"uv": [11.5, 9.75, 11, 9.25], "texture": "#4"},
				"down": {"uv": [11.5, 9.75, 11, 10.25], "texture": "#4"}
			}
		}
	],
	"display": {
		"thirdperson_righthand": {
			"scale": [0.3, 0.3, 0.3]
		},
		"thirdperson_lefthand": {
			"scale": [0.3, 0.3, 0.3]
		},
		"firstperson_righthand": {
			"scale": [0.3, 0.3, 0.3]
		},
		"firstperson_lefthand": {
			"scale": [0.3, 0.3, 0.3]
		},
		"ground": {
			"scale": [0.3, 0.3, 0.3]
		},
		"fixed": {
			"rotation": [-90, 0, 0],
			"translation": [0, 0, -18.5],
			"scale": [2.3, 2.3, 2.3]
		}
	}
}