{
	"credit": "Made by Forest#3391",
	"texture_size": [32, 32],
	"textures": {
		"0": "outpost/object/chair1",
		"particle": "outpost/object/chair1"
	},
	"elements": [
		{
			"from": [2, 8, 2],
			"to": [14, 12, 14],
			"rotation": {"angle": 0, "axis": "y", "origin": [8, 10, 8]},
			"faces": {
				"north": {"uv": [0, 6, 6, 8], "texture": "#0"},
				"east": {"uv": [0, 6, 6, 8], "texture": "#0"},
				"south": {"uv": [0, 6, 6, 8], "texture": "#0"},
				"west": {"uv": [0, 6, 6, 8], "texture": "#0"},
				"up": {"uv": [0, 0, 6, 6], "texture": "#0"},
				"down": {"uv": [0, 8, 6, 14], "texture": "#0"}
			}
		},
		{
			"from": [2.75, 0, 3],
			"to": [4.75, 8, 5],
			"rotation": {"angle": 0, "axis": "y", "origin": [3, 10, 8]},
			"faces": {
				"north": {"uv": [7, 0, 6, 4], "texture": "#0"},
				"east": {"uv": [6, 0, 7, 4], "texture": "#0"},
				"south": {"uv": [7, 0, 6, 4], "texture": "#0"},
				"west": {"uv": [6, 0, 7, 4], "texture": "#0"},
				"up": {"uv": [7, 0, 8, 1], "texture": "#0"},
				"down": {"uv": [7, 0, 8, 1], "texture": "#0"}
			}
		},
		{
			"from": [11.25, 0, 3],
			"to": [13.25, 8, 5],
			"rotation": {"angle": 0, "axis": "y", "origin": [13, 10, 8]},
			"faces": {
				"north": {"uv": [6, 0, 7, 4], "texture": "#0"},
				"east": {"uv": [7, 0, 6, 4], "texture": "#0"},
				"south": {"uv": [6, 0, 7, 4], "texture": "#0"},
				"west": {"uv": [7, 0, 6, 4], "texture": "#0"},
				"up": {"uv": [7, 0, 8, 1], "texture": "#0"},
				"down": {"uv": [7, 0, 8, 1], "texture": "#0"}
			}
		},
		{
			"from": [11.25, 0, 11],
			"to": [13.25, 18, 13],
			"rotation": {"angle": 0, "axis": "y", "origin": [13, 10, 8]},
			"faces": {
				"north": {"uv": [6, 0, 7, 9], "texture": "#0"},
				"east": {"uv": [7, 0, 6, 9], "texture": "#0"},
				"south": {"uv": [6, 0, 7, 9], "texture": "#0"},
				"west": {"uv": [7, 0, 6, 9], "texture": "#0"},
				"up": {"uv": [7, 0, 8, 1], "texture": "#0"},
				"down": {"uv": [7, 0, 8, 1], "texture": "#0"}
			}
		},
		{
			"from": [2.75, 0, 11],
			"to": [4.75, 18, 13],
			"rotation": {"angle": 0, "axis": "y", "origin": [3, 10, 8]},
			"faces": {
				"north": {"uv": [6, 0, 7, 9], "texture": "#0"},
				"east": {"uv": [7, 0, 6, 9], "texture": "#0"},
				"south": {"uv": [6, 0, 7, 9], "texture": "#0"},
				"west": {"uv": [7, 0, 6, 9], "texture": "#0"},
				"up": {"uv": [7, 0, 8, 1], "texture": "#0"},
				"down": {"uv": [7, 0, 8, 1], "texture": "#0"}
			}
		},
		{
			"from": [2, 18, 10.5],
			"to": [14, 24, 13.5],
			"rotation": {"angle": 0, "axis": "y", "origin": [3, 10, 8]},
			"faces": {
				"north": {"uv": [6, 9, 12, 12], "texture": "#0"},
				"east": {"uv": [13, 9, 11.5, 12], "texture": "#0"},
				"south": {"uv": [6, 13, 12, 16], "texture": "#0"},
				"west": {"uv": [11.5, 9, 13, 12], "texture": "#0"},
				"up": {"uv": [6, 11.5, 12, 13], "texture": "#0"},
				"down": {"uv": [6, 13, 12, 11.5], "texture": "#0"}
			}
		}
	],
	"display": {
		"thirdperson_righthand": {
			"rotation": [75, 45, 0],
			"translation": [0, 2.5, 0],
			"scale": [0.375, 0.375, 0.375]
		},
		"thirdperson_lefthand": {
			"rotation": [75, 45, 0],
			"translation": [0, 2.5, 0],
			"scale": [0.375, 0.375, 0.375]
		},
		"firstperson_righthand": {
			"rotation": [0, 45, 0],
			"scale": [0.4, 0.4, 0.4]
		},
		"firstperson_lefthand": {
			"rotation": [0, 225, 0],
			"scale": [0.4, 0.4, 0.4]
		},
		"ground": {
			"translation": [0, 3, 0],
			"scale": [0.25, 0.25, 0.25]
		},
		"gui": {
			"rotation": [30, 225, 0],
			"scale": [0.625, 0.625, 0.625]
		},
		"fixed": {
			"rotation": [-90, 0, 0],
			"translation": [0, 0, -14],
			"scale": [2, 2, 2]
		}
	}
}