{
	"credit": "Made with Blockbench",
	"texture_size": [32, 32],
	"textures": {
		"0": "outpost/object/chair_type2_1",
		"particle": "outpost/object/chair_type2_1"
	},
	"elements": [
		{
			"from": [1, 0, 2],
			"to": [4, 8, 5],
			"rotation": {"angle": 0, "axis": "y", "origin": [2.5, 4, 3.5]},
			"faces": {
				"north": {"uv": [8, 0, 9.5, 4], "texture": "#0"},
				"east": {"uv": [9.5, 0, 8, 4], "texture": "#0"},
				"south": {"uv": [8, 0, 9.5, 4], "texture": "#0"},
				"west": {"uv": [9.5, 0, 8, 4], "texture": "#0"},
				"up": {"uv": [8, 0, 9.5, 1.5], "texture": "#0"},
				"down": {"uv": [8, 0, 9.5, 1.5], "texture": "#0"}
			}
		},
		{
			"from": [12, 0, 2],
			"to": [15, 8, 5],
			"rotation": {"angle": 0, "axis": "y", "origin": [13.5, 4, 3.5]},
			"faces": {
				"north": {"uv": [9.5, 0, 8, 4], "texture": "#0"},
				"east": {"uv": [8, 0, 9.5, 4], "texture": "#0"},
				"south": {"uv": [9.5, 0, 8, 4], "texture": "#0"},
				"west": {"uv": [8, 0, 9.5, 4], "texture": "#0"},
				"up": {"uv": [9.5, 0, 8, 1.5], "texture": "#0"},
				"down": {"uv": [9.5, 0, 8, 1.5], "texture": "#0"}
			}
		},
		{
			"from": [12, 0, 11],
			"to": [15, 8, 14],
			"rotation": {"angle": 0, "axis": "y", "origin": [13.5, 4, 12.5]},
			"faces": {
				"north": {"uv": [8, 0, 9.5, 4], "texture": "#0"},
				"east": {"uv": [9.5, 0, 8, 4], "texture": "#0"},
				"south": {"uv": [8, 0, 9.5, 4], "texture": "#0"},
				"west": {"uv": [9.5, 0, 8, 4], "texture": "#0"},
				"up": {"uv": [9.5, 1.5, 8, 0], "texture": "#0"},
				"down": {"uv": [9.5, 1.5, 8, 0], "texture": "#0"}
			}
		},
		{
			"from": [1, 0, 11],
			"to": [4, 8, 14],
			"rotation": {"angle": 0, "axis": "y", "origin": [2.5, 4, 12.5]},
			"faces": {
				"north": {"uv": [9.5, 0, 8, 4], "texture": "#0"},
				"east": {"uv": [8, 0, 9.5, 4], "texture": "#0"},
				"south": {"uv": [9.5, 0, 8, 4], "texture": "#0"},
				"west": {"uv": [8, 0, 9.5, 4], "texture": "#0"},
				"up": {"uv": [8, 1.5, 9.5, 0], "texture": "#0"},
				"down": {"uv": [8, 1.5, 9.5, 0], "texture": "#0"}
			}
		},
		{
			"from": [4, 4, 3],
			"to": [12, 6, 4],
			"faces": {
				"north": {"uv": [11, 0, 15, 1], "texture": "#0"},
				"east": {"uv": [11, 0, 11.5, 1], "texture": "#0"},
				"south": {"uv": [15, 0, 11, 1], "texture": "#0"},
				"west": {"uv": [14.5, 0, 15, 1], "texture": "#0"},
				"up": {"uv": [11, 0, 15, 0.5], "texture": "#0"},
				"down": {"uv": [11, 0.5, 15, 1], "texture": "#0"}
			}
		},
		{
			"from": [4, 4, 12],
			"to": [12, 6, 13],
			"rotation": {"angle": 0, "axis": "y", "origin": [0, 0, 16]},
			"faces": {
				"north": {"uv": [11, 0, 15, 1], "texture": "#0"},
				"east": {"uv": [11.5, 0, 11, 1], "texture": "#0"},
				"south": {"uv": [15, 0, 11, 1], "texture": "#0"},
				"west": {"uv": [15, 0, 14.5, 1], "texture": "#0"},
				"up": {"uv": [11, 0.5, 15, 0], "texture": "#0"},
				"down": {"uv": [11, 1, 15, 0.5], "texture": "#0"}
			}
		},
		{
			"from": [2, 4, 4],
			"to": [3, 6, 12],
			"rotation": {"angle": 0, "axis": "y", "origin": [8, 5, 8]},
			"faces": {
				"north": {"uv": [15, 0, 14.5, 1], "texture": "#0"},
				"east": {"uv": [11, 0, 15, 1], "texture": "#0"},
				"south": {"uv": [11.5, 0, 11, 1], "texture": "#0"},
				"west": {"uv": [15, 0, 11, 1], "texture": "#0"},
				"up": {"uv": [11, 0.5, 15, 0], "rotation": 90, "texture": "#0"},
				"down": {"uv": [11, 1, 15, 0.5], "rotation": 270, "texture": "#0"}
			}
		},
		{
			"from": [13, 4, 4],
			"to": [14, 6, 12],
			"rotation": {"angle": 0, "axis": "y", "origin": [8, 5, 8]},
			"faces": {
				"north": {"uv": [14.5, 0, 15, 1], "texture": "#0"},
				"east": {"uv": [11, 0, 15, 1], "texture": "#0"},
				"south": {"uv": [11, 0, 11.5, 1], "texture": "#0"},
				"west": {"uv": [15, 0, 11, 1], "texture": "#0"},
				"up": {"uv": [11, 0, 15, 0.5], "rotation": 90, "texture": "#0"},
				"down": {"uv": [11, 0.5, 15, 1], "rotation": 270, "texture": "#0"}
			}
		},
		{
			"from": [0, 8, 0],
			"to": [16, 10, 16],
			"faces": {
				"north": {"uv": [0, 9, 8, 10], "texture": "#0"},
				"east": {"uv": [8, 8, 0, 9], "texture": "#0"},
				"south": {"uv": [0, 9, 8, 10], "texture": "#0"},
				"west": {"uv": [0, 8, 8, 9], "texture": "#0"},
				"up": {"uv": [0, 0, 8, 8], "texture": "#0"},
				"down": {"uv": [0, 0, 8, 8], "texture": "#0"}
			}
		},
		{
			"from": [0.5, 9.58501, 11.86365],
			"to": [3.5, 25.58501, 14.86365],
			"rotation": {"angle": 0, "axis": "x", "origin": [8, 18.83501, 17.36365]},
			"faces": {
				"north": {"uv": [9.5, 0, 11, 8], "texture": "#0"},
				"east": {"uv": [11, 0, 9.5, 8], "texture": "#0"},
				"south": {"uv": [9.5, 0, 11, 8], "texture": "#0"},
				"west": {"uv": [11, 0, 9.5, 8], "texture": "#0"},
				"up": {"uv": [8, 4, 9.5, 5.5], "texture": "#0"},
				"down": {"uv": [8, 4, 9.5, 5.5], "texture": "#0"}
			}
		},
		{
			"from": [12.5, 9.58501, 11.86365],
			"to": [15.5, 25.58501, 14.86365],
			"rotation": {"angle": 0, "axis": "x", "origin": [8, 18.83501, 17.36365]},
			"faces": {
				"north": {"uv": [11, 0, 9.5, 8], "texture": "#0"},
				"east": {"uv": [9.5, 0, 11, 8], "texture": "#0"},
				"south": {"uv": [11, 0, 9.5, 8], "texture": "#0"},
				"west": {"uv": [9.5, 0, 11, 8], "texture": "#0"},
				"up": {"uv": [9.5, 4, 8, 5.5], "texture": "#0"},
				"down": {"uv": [9.5, 4, 8, 5.5], "texture": "#0"}
			}
		},
		{
			"from": [3, 19.58501, 12.36365],
			"to": [13, 24.58501, 14.36365],
			"rotation": {"angle": 0, "axis": "x", "origin": [8, 18.83501, 17.36365]},
			"faces": {
				"north": {"uv": [11, 1, 16, 3.5], "texture": "#0"},
				"east": {"uv": [11, 1, 12, 3.5], "texture": "#0"},
				"south": {"uv": [16, 1, 11, 3.5], "texture": "#0"},
				"west": {"uv": [15, 1, 16, 3.5], "texture": "#0"},
				"up": {"uv": [11, 4.5, 16, 3.48242], "texture": "#0"},
				"down": {"uv": [11, 3.48242, 16, 4.5], "texture": "#0"}
			}
		}
	],
	"display": {
		"thirdperson_righthand": {
			"rotation": [75, 45, 0],
			"translation": [0, 2.5, 0],
			"scale": [0.375, 0.375, 0.375]
		},
		"thirdperson_lefthand": {
			"rotation": [75, 45, 0],
			"translation": [0, 2.5, 0],
			"scale": [0.375, 0.375, 0.375]
		},
		"firstperson_righthand": {
			"rotation": [0, 45, 0],
			"scale": [0.4, 0.4, 0.4]
		},
		"firstperson_lefthand": {
			"rotation": [0, 225, 0],
			"scale": [0.4, 0.4, 0.4]
		},
		"ground": {
			"translation": [0, 3, 0],
			"scale": [0.25, 0.25, 0.25]
		},
		"gui": {
			"rotation": [30, 135, 0],
			"translation": [0, -1.5, 0],
			"scale": [0.4, 0.4, 0.4]
		},
		"fixed": {
			"rotation": [-90, 0, 0],
			"translation": [0, 0, -14],
			"scale": [2, 2, 2]
		}
	}
}