{
	"credit": "Made by Gaon",
	"texture_size": [64, 64],
	"textures": {
		"0": "outpost/object/chair_type1",
		"particle": "outpost/object/chair_type1"
	},
	"elements": [
		{
			"from": [2, 8, 2],
			"to": [14, 10, 14],
			"rotation": {"angle": 0, "axis": "y", "origin": [8, 10, 8]},
			"faces": {
				"north": {"uv": [0, 3, 3, 3.5], "texture": "#0"},
				"east": {"uv": [0, 3, 3, 3.5], "texture": "#0"},
				"south": {"uv": [0, 3, 3, 3.5], "texture": "#0"},
				"west": {"uv": [0, 3, 3, 3.5], "texture": "#0"},
				"up": {"uv": [3, 0, 0, 3], "texture": "#0"},
				"down": {"uv": [3, 0, 0, 3], "texture": "#0"}
			}
		},
		{
			"from": [1.5, 4, 1.5],
			"to": [14.5, 11, 14.5],
			"rotation": {"angle": 0, "axis": "y", "origin": [7.5, 10, 7.5]},
			"faces": {
				"north": {"uv": [3.25, 4.75, 6.5, 6.5], "texture": "#0"},
				"east": {"uv": [3.25, 4.75, 6.5, 6.5], "texture": "#0"},
				"south": {"uv": [3.25, 4.75, 6.5, 6.5], "texture": "#0"},
				"west": {"uv": [3.25, 4.75, 6.5, 6.5], "texture": "#0"},
				"up": {"uv": [3.25, 4.75, 0, 8], "texture": "#0"},
				"down": {"uv": [0, 3.5, 0.25, 3.75], "texture": "#0"}
			}
		},
		{
			"from": [2.75, 0, 11],
			"to": [4.75, 8, 13],
			"rotation": {"angle": 0, "axis": "y", "origin": [3, 10, 8]},
			"faces": {
				"north": {"uv": [3.5, 0, 3, 2], "texture": "#0"},
				"east": {"uv": [3, 0, 3.5, 2], "texture": "#0"},
				"south": {"uv": [3.5, 0, 3, 2], "texture": "#0"},
				"west": {"uv": [3, 0, 3.5, 2], "texture": "#0"},
				"up": {"uv": [3.5, 0, 4, 0.5], "texture": "#0"},
				"down": {"uv": [3.5, 0, 4, 0.5], "texture": "#0"}
			}
		},
		{
			"from": [2.75, 0, 3],
			"to": [4.75, 8, 5],
			"rotation": {"angle": 0, "axis": "y", "origin": [3, 10, 8]},
			"faces": {
				"north": {"uv": [3, 0, 3.5, 2], "texture": "#0"},
				"east": {"uv": [3.5, 0, 3, 2], "texture": "#0"},
				"south": {"uv": [3, 0, 3.5, 2], "texture": "#0"},
				"west": {"uv": [3.5, 0, 3, 2], "texture": "#0"},
				"up": {"uv": [3.5, 0.5, 4, 0], "texture": "#0"},
				"down": {"uv": [3.5, 0.5, 4, 0], "texture": "#0"}
			}
		},
		{
			"from": [11.25, 0, 3],
			"to": [13.25, 8, 5],
			"rotation": {"angle": 0, "axis": "y", "origin": [13, 10, 8]},
			"faces": {
				"north": {"uv": [3.5, 0, 3, 2], "texture": "#0"},
				"east": {"uv": [3, 0, 3.5, 2], "texture": "#0"},
				"south": {"uv": [3.5, 0, 3, 2], "texture": "#0"},
				"west": {"uv": [3, 0, 3.5, 2], "texture": "#0"},
				"up": {"uv": [4, 0.5, 3.5, 0], "texture": "#0"},
				"down": {"uv": [4, 0.5, 3.5, 0], "texture": "#0"}
			}
		},
		{
			"from": [11.25, 0, 11],
			"to": [13.25, 8, 13],
			"rotation": {"angle": 0, "axis": "y", "origin": [13, 10, 8]},
			"faces": {
				"north": {"uv": [3, 0, 3.5, 2], "texture": "#0"},
				"east": {"uv": [3.5, 0, 3, 2], "texture": "#0"},
				"south": {"uv": [3, 0, 3.5, 2], "texture": "#0"},
				"west": {"uv": [3.5, 0, 3, 2], "texture": "#0"},
				"up": {"uv": [4, 0, 3.5, 0.5], "texture": "#0"},
				"down": {"uv": [4, 0, 3.5, 0.5], "texture": "#0"}
			}
		},
		{
			"name": "cube inverted",
			"from": [14.5, 11, 14.5],
			"to": [1.5, 4, 1.5],
			"rotation": {"angle": 0, "axis": "y", "origin": [7.5, 10, 7.5]},
			"faces": {
				"north": {"uv": [3.25, 6.5, 6.5, 4.75], "texture": "#0"},
				"east": {"uv": [3.25, 6.5, 6.5, 4.75], "texture": "#0"},
				"south": {"uv": [3.25, 6.5, 6.5, 4.75], "texture": "#0"},
				"west": {"uv": [3.25, 6.5, 6.5, 4.75], "texture": "#0"},
				"up": {"uv": [0.25, 3.5, 0, 3.75], "texture": "#0"},
				"down": {"uv": [0, 4.75, 3.25, 8], "texture": "#0"}
			}
		}
	],
	"display": {
		"thirdperson_righthand": {
			"rotation": [75, 45, 0],
			"translation": [0, 2.5, 0],
			"scale": [0.375, 0.375, 0.375]
		},
		"thirdperson_lefthand": {
			"rotation": [75, 45, 0],
			"translation": [0, 2.5, 0],
			"scale": [0.375, 0.375, 0.375]
		},
		"firstperson_righthand": {
			"rotation": [0, 45, 0],
			"scale": [0.4, 0.4, 0.4]
		},
		"firstperson_lefthand": {
			"rotation": [0, 225, 0],
			"scale": [0.4, 0.4, 0.4]
		},
		"ground": {
			"translation": [0, 3, 0],
			"scale": [0.25, 0.25, 0.25]
		},
		"gui": {
			"rotation": [30, 225, 0],
			"scale": [0.625, 0.625, 0.625]
		},
		"fixed": {
			"rotation": [-90, 0, 0],
			"translation": [0, 0, -14],
			"scale": [2, 2, 2]
		}
	}
}