{
	"credit": "Made with Blockbench",
	"texture_size": [64, 64],
	"textures": {
		"3": "outpost/object/chair5"
	},
	"elements": [
		{
			"from": [12, 0, 2],
			"to": [15, 8, 5],
			"faces": {
				"north": {"uv": [7.75, 5, 8.5, 7], "texture": "#3"},
				"east": {"uv": [7.75, 7, 8.5, 9], "texture": "#3"},
				"south": {"uv": [0, 8, 0.75, 10], "texture": "#3"},
				"west": {"uv": [0.75, 8, 1.5, 10], "texture": "#3"},
				"up": {"uv": [10.5, 8.75, 9.75, 8], "texture": "#3"},
				"down": {"uv": [0.75, 10, 0, 10.75], "texture": "#3"}
			}
		},
		{
			"from": [12, 0, 11],
			"to": [15, 8, 14],
			"faces": {
				"north": {"uv": [7, 3, 7.75, 5], "texture": "#3"},
				"east": {"uv": [7, 5, 7.75, 7], "texture": "#3"},
				"south": {"uv": [7, 7, 7.75, 9], "texture": "#3"},
				"west": {"uv": [7.75, 3, 8.5, 5], "texture": "#3"},
				"up": {"uv": [10.5, 7.25, 9.75, 6.5], "texture": "#3"},
				"down": {"uv": [10.5, 7.25, 9.75, 8], "texture": "#3"}
			}
		},
		{
			"from": [1, 0, 2],
			"to": [4, 8, 5],
			"rotation": {"angle": 0, "axis": "y", "origin": [2.5, 4, 3.5]},
			"faces": {
				"north": {"uv": [1.5, 8, 2.25, 10], "texture": "#3"},
				"east": {"uv": [2.25, 8, 3, 10], "texture": "#3"},
				"south": {"uv": [3, 8, 3.75, 10], "texture": "#3"},
				"west": {"uv": [8.5, 3, 9.25, 5], "texture": "#3"},
				"up": {"uv": [10.75, 2.75, 10, 2], "texture": "#3"},
				"down": {"uv": [3, 10, 2.25, 10.75], "texture": "#3"}
			}
		},
		{
			"from": [1, 0, 11],
			"to": [4, 8, 14],
			"rotation": {"angle": 0, "axis": "y", "origin": [2.5, 4, 3.5]},
			"faces": {
				"north": {"uv": [8.5, 5, 9.25, 7], "texture": "#3"},
				"east": {"uv": [8.5, 7, 9.25, 9], "texture": "#3"},
				"south": {"uv": [7, 9, 7.75, 11], "texture": "#3"},
				"west": {"uv": [7.75, 9, 8.5, 11], "texture": "#3"},
				"up": {"uv": [3.75, 10.75, 3, 10], "texture": "#3"},
				"down": {"uv": [10.75, 9.5, 10, 10.25], "texture": "#3"}
			}
		},
		{
			"from": [13, 4, 5],
			"to": [14, 6, 11],
			"faces": {
				"north": {"uv": [3.75, 9.5, 4, 10], "texture": "#3"},
				"east": {"uv": [9.25, 4.5, 10.75, 5], "texture": "#3"},
				"south": {"uv": [3.75, 10, 4, 10.5], "texture": "#3"},
				"west": {"uv": [9.25, 5, 10.75, 5.5], "texture": "#3"},
				"up": {"uv": [4, 9.5, 3.75, 8], "texture": "#3"},
				"down": {"uv": [6, 10.5, 5.75, 12], "texture": "#3"}
			}
		},
		{
			"from": [2, 4, 5],
			"to": [3, 6, 11],
			"faces": {
				"north": {"uv": [10.5, 7.5, 10.75, 8], "texture": "#3"},
				"east": {"uv": [9.25, 5.5, 10.75, 6], "texture": "#3"},
				"south": {"uv": [10.5, 8, 10.75, 8.5], "texture": "#3"},
				"west": {"uv": [9.25, 6, 10.75, 6.5], "texture": "#3"},
				"up": {"uv": [6.25, 12, 6, 10.5], "texture": "#3"},
				"down": {"uv": [6.5, 10.5, 6.25, 12], "texture": "#3"}
			}
		},
		{
			"from": [4, 4, 3],
			"to": [12, 6, 4],
			"faces": {
				"north": {"uv": [8.5, 9, 10.5, 9.5], "texture": "#3"},
				"east": {"uv": [6.5, 10.5, 6.75, 11], "texture": "#3"},
				"south": {"uv": [9.25, 3, 11.25, 3.5], "texture": "#3"},
				"west": {"uv": [10.5, 6.5, 10.75, 7], "texture": "#3"},
				"up": {"uv": [11.75, 9, 9.75, 8.75], "texture": "#3"},
				"down": {"uv": [12, 2.75, 10, 3], "texture": "#3"}
			}
		},
		{
			"from": [4, 4, 12],
			"to": [12, 6, 13],
			"faces": {
				"north": {"uv": [9.25, 3.5, 11.25, 4], "texture": "#3"},
				"east": {"uv": [6.75, 10.5, 7, 11], "texture": "#3"},
				"south": {"uv": [9.25, 4, 11.25, 4.5], "texture": "#3"},
				"west": {"uv": [10.5, 7, 10.75, 7.5], "texture": "#3"},
				"up": {"uv": [10.5, 10.5, 8.5, 10.25], "texture": "#3"},
				"down": {"uv": [5.75, 10.5, 3.75, 10.75], "texture": "#3"}
			}
		},
		{
			"from": [0, 8, 0],
			"to": [16, 10, 16],
			"faces": {
				"north": {"uv": [7, 0, 11, 0.5], "texture": "#3"},
				"east": {"uv": [7, 0.5, 11, 1], "texture": "#3"},
				"south": {"uv": [7, 1, 11, 1.5], "texture": "#3"},
				"west": {"uv": [7, 1.5, 11, 2], "texture": "#3"},
				"up": {"uv": [4, 4, 0, 0], "texture": "#3"},
				"down": {"uv": [4, 4, 0, 8], "texture": "#3"}
			}
		},
		{
			"from": [0.5, 9.58501, 11.86365],
			"to": [3.5, 25.58501, 14.86365],
			"rotation": {"angle": 0, "axis": "x", "origin": [8, 18.83501, 17.36365]},
			"faces": {
				"north": {"uv": [4, 2.5, 4.75, 6.5], "texture": "#3"},
				"east": {"uv": [4.75, 2.5, 5.5, 6.5], "texture": "#3"},
				"south": {"uv": [5.5, 2.5, 6.25, 6.5], "texture": "#3"},
				"west": {"uv": [6.25, 2.5, 7, 6.5], "texture": "#3"},
				"up": {"uv": [9.25, 10.25, 8.5, 9.5], "texture": "#3"},
				"down": {"uv": [10, 9.5, 9.25, 10.25], "texture": "#3"}
			}
		},
		{
			"from": [12.5, 9.58501, 11.86365],
			"to": [15.5, 25.58501, 14.86365],
			"rotation": {"angle": 0, "axis": "y", "origin": [14, 17.58501, 13.36365]},
			"faces": {
				"north": {"uv": [4, 6.5, 4.75, 10.5], "texture": "#3"},
				"east": {"uv": [4.75, 6.5, 5.5, 10.5], "texture": "#3"},
				"south": {"uv": [5.5, 6.5, 6.25, 10.5], "texture": "#3"},
				"west": {"uv": [6.25, 6.5, 7, 10.5], "texture": "#3"},
				"up": {"uv": [1.5, 10.75, 0.75, 10], "texture": "#3"},
				"down": {"uv": [2.25, 10, 1.5, 10.75], "texture": "#3"}
			}
		},
		{
			"from": [3, 19.58501, 12.36365],
			"to": [15, 24.58501, 14.36365],
			"rotation": {"angle": 0, "axis": "x", "origin": [8, 18.83501, 17.36365]},
			"faces": {
				"north": {"uv": [4, 0, 7, 1.25], "texture": "#3"},
				"east": {"uv": [9.25, 6.5, 9.75, 7.75], "texture": "#3"},
				"south": {"uv": [4, 1.25, 7, 2.5], "texture": "#3"},
				"west": {"uv": [9.25, 7.75, 9.75, 9], "texture": "#3"},
				"up": {"uv": [10, 2.5, 7, 2], "texture": "#3"},
				"down": {"uv": [10, 2.5, 7, 3], "texture": "#3"}
			}
		}
	],
	"display": {
		"thirdperson_righthand": {
			"scale": [0.5, 0.5, 0.5]
		},
		"gui": {
			"rotation": [44, 127, 0],
			"translation": [0, -1.5, 0],
			"scale": [0.5, 0.5, 0.5]
		},
		"fixed": {
			"rotation": [-90, 0, 0],
			"translation": [0, 0, -14],
			"scale": [2, 2, 2]
		}
	}
}