{
	"credit": "Made by Forest#3391&gaon0700",
	"texture_size": [64, 64],
	"textures": {
		"1": "object/chair3"
	},
	"elements": [
		{
			"from": [2, 8, 2],
			"to": [14, 10, 14],
			"rotation": {"angle": 0, "axis": "y", "origin": [8, 10, 8]},
			"faces": {
				"north": {"uv": [6.5, 8.5, 9.5, 9], "texture": "#1"},
				"east": {"uv": [0, 9, 3, 9.5], "texture": "#1"},
				"south": {"uv": [3, 9, 6, 9.5], "texture": "#1"},
				"west": {"uv": [6, 9, 9, 9.5], "texture": "#1"},
				"up": {"uv": [6.25, 3, 3.25, 0], "texture": "#1"},
				"down": {"uv": [6.25, 3, 3.25, 6], "texture": "#1"}
			}
		},
		{
			"from": [1.5, 9, 1.5],
			"to": [14.5, 11, 14.5],
			"rotation": {"angle": 0, "axis": "y", "origin": [8, 10, 8]},
			"faces": {
				"north": {"uv": [6.5, 7.5, 9.75, 8], "texture": "#1"},
				"east": {"uv": [0, 8, 3.25, 8.5], "texture": "#1"},
				"south": {"uv": [6.5, 8, 9.75, 8.5], "texture": "#1"},
				"west": {"uv": [0, 8.5, 3.25, 9], "texture": "#1"},
				"up": {"uv": [3.25, 3.25, 0, 0], "texture": "#1"},
				"down": {"uv": [3.25, 3.25, 0, 6.5], "texture": "#1"}
			}
		},
		{
			"from": [2.75, 0, 3],
			"to": [4.75, 8, 5],
			"rotation": {"angle": 0, "axis": "y", "origin": [3, 10, 8]},
			"faces": {
				"north": {"uv": [9, 9, 9.5, 11], "texture": "#1"},
				"east": {"uv": [0, 9.5, 0.5, 11.5], "texture": "#1"},
				"south": {"uv": [9.5, 0, 10, 2], "texture": "#1"},
				"west": {"uv": [0.5, 9.5, 1, 11.5], "texture": "#1"},
				"up": {"uv": [6.5, 10, 6, 9.5], "texture": "#1"},
				"down": {"uv": [7, 9.5, 6.5, 10], "texture": "#1"}
			}
		},
		{
			"from": [11.25, 0, 3],
			"to": [13.25, 8, 5],
			"rotation": {"angle": 0, "axis": "y", "origin": [13, 10, 8]},
			"faces": {
				"north": {"uv": [1, 9.5, 1.5, 11.5], "texture": "#1"},
				"east": {"uv": [1.5, 9.5, 2, 11.5], "texture": "#1"},
				"south": {"uv": [2, 9.5, 2.5, 11.5], "texture": "#1"},
				"west": {"uv": [9.5, 2, 10, 4], "texture": "#1"},
				"up": {"uv": [7.5, 10, 7, 9.5], "texture": "#1"},
				"down": {"uv": [8, 9.5, 7.5, 10], "texture": "#1"}
			}
		},
		{
			"from": [11.25, 0, 11],
			"to": [13.25, 8, 13],
			"rotation": {"angle": 0, "axis": "y", "origin": [13, 10, 8]},
			"faces": {
				"north": {"uv": [2.5, 9.5, 3, 11.5], "texture": "#1"},
				"east": {"uv": [3, 9.5, 3.5, 11.5], "texture": "#1"},
				"south": {"uv": [3.5, 9.5, 4, 11.5], "texture": "#1"},
				"west": {"uv": [4, 9.5, 4.5, 11.5], "texture": "#1"},
				"up": {"uv": [8.5, 10, 8, 9.5], "texture": "#1"},
				"down": {"uv": [9, 9.5, 8.5, 10], "texture": "#1"}
			}
		},
		{
			"from": [2.75, 0, 11],
			"to": [4.75, 8, 13],
			"rotation": {"angle": 0, "axis": "y", "origin": [3, 10, 8]},
			"faces": {
				"north": {"uv": [9.5, 4, 10, 6], "texture": "#1"},
				"east": {"uv": [4.5, 9.5, 5, 11.5], "texture": "#1"},
				"south": {"uv": [5, 9.5, 5.5, 11.5], "texture": "#1"},
				"west": {"uv": [5.5, 9.5, 6, 11.5], "texture": "#1"},
				"up": {"uv": [10, 9, 9.5, 8.5], "texture": "#1"},
				"down": {"uv": [10, 9, 9.5, 9.5], "texture": "#1"}
			}
		},
		{
			"from": [1.5, 3, 1.5],
			"to": [14.5, 9, 1.5],
			"faces": {
				"north": {"uv": [6.25, 1.5, 9.5, 3], "texture": "#1"},
				"east": {"uv": [0, 0, 0, 1.5], "texture": "#1"},
				"south": {"uv": [6.25, 3, 9.5, 4.5], "texture": "#1"},
				"west": {"uv": [0, 0, 0, 1.5], "texture": "#1"},
				"up": {"uv": [3.25, 0, 0, 0], "texture": "#1"},
				"down": {"uv": [3.25, 0, 0, 0], "texture": "#1"}
			}
		},
		{
			"from": [1.5, 3, 14.5],
			"to": [14.5, 9, 14.5],
			"faces": {
				"north": {"uv": [6.25, 4.5, 9.5, 6], "texture": "#1"},
				"east": {"uv": [0, 0, 0, 1.5], "texture": "#1"},
				"south": {"uv": [0, 6.5, 3.25, 8], "texture": "#1"},
				"west": {"uv": [0, 0, 0, 1.5], "texture": "#1"},
				"up": {"uv": [3.25, 0, 0, 0], "texture": "#1"},
				"down": {"uv": [3.25, 0, 0, 0], "texture": "#1"}
			}
		},
		{
			"from": [1.5, 3, 1.5],
			"to": [1.5, 9, 14.5],
			"faces": {
				"north": {"uv": [0, 0, 0, 1.5], "texture": "#1"},
				"east": {"uv": [6.5, 6, 9.75, 7.5], "texture": "#1"},
				"south": {"uv": [0, 0, 0, 1.5], "texture": "#1"},
				"west": {"uv": [3.25, 7.5, 6.5, 9], "texture": "#1"},
				"up": {"uv": [0, 3.25, 0, 0], "texture": "#1"},
				"down": {"uv": [0, 0, 0, 3.25], "texture": "#1"}
			}
		},
		{
			"from": [14.5, 3, 1.5],
			"to": [14.5, 9, 14.5],
			"faces": {
				"north": {"uv": [0, 0, 0, 1.5], "texture": "#1"},
				"east": {"uv": [3.25, 6, 6.5, 7.5], "texture": "#1"},
				"south": {"uv": [0, 0, 0, 1.5], "texture": "#1"},
				"west": {"uv": [6.25, 0, 9.5, 1.5], "texture": "#1"},
				"up": {"uv": [0, 3.25, 0, 0], "texture": "#1"},
				"down": {"uv": [0, 0, 0, 3.25], "texture": "#1"}
			}
		}
	],
	"display": {
		"thirdperson_righthand": {
			"rotation": [75, 45, 0],
			"translation": [0, 2.5, 0],
			"scale": [0.375, 0.375, 0.375]
		},
		"thirdperson_lefthand": {
			"rotation": [75, 45, 0],
			"translation": [0, 2.5, 0],
			"scale": [0.375, 0.375, 0.375]
		},
		"firstperson_righthand": {
			"rotation": [0, 45, 0],
			"scale": [0.4, 0.4, 0.4]
		},
		"firstperson_lefthand": {
			"rotation": [0, 225, 0],
			"scale": [0.4, 0.4, 0.4]
		},
		"ground": {
			"translation": [0, 3, 0],
			"scale": [0.25, 0.25, 0.25]
		},
		"gui": {
			"rotation": [30, 225, 0],
			"scale": [0.625, 0.625, 0.625]
		},
		"fixed": {
			"rotation": [-90, 0, 0],
			"translation": [0, 0, -14],
			"scale": [2, 2, 2]
		}
	}
}