{
	"credit": "Made with Blockbench",
	"texture_size": [64, 64],
	"textures": {
		"1": "outpost/object/chain_type_1"
	},
	"elements": [
		{
			"from": [3, 12, 2.5],
			"to": [6, 32, 2.5],
			"rotation": {"angle": 0, "axis": "y", "origin": [12, 39, 10.5]},
			"faces": {
				"north": {"uv": [3, 0, 3.75, 5], "texture": "#1"},
				"east": {"uv": [0, 0, 0, 5], "texture": "#1"},
				"south": {"uv": [3.75, 0, 4.5, 5], "texture": "#1"},
				"west": {"uv": [0, 0, 0, 5], "texture": "#1"},
				"up": {"uv": [0.75, 0, 0, 0], "texture": "#1"},
				"down": {"uv": [0.75, 0, 0, 0], "texture": "#1"}
			}
		},
		{
			"from": [4.75, 12, 1],
			"to": [4.75, 30, 4],
			"rotation": {"angle": 0, "axis": "y", "origin": [11.75, 36.5, 10]},
			"faces": {
				"north": {"uv": [0, 0, 0, 4.5], "texture": "#1"},
				"east": {"uv": [4.5, 0, 5.25, 4.5], "texture": "#1"},
				"south": {"uv": [0, 0, 0, 4.5], "texture": "#1"},
				"west": {"uv": [4.5, 4.5, 5.25, 9], "texture": "#1"},
				"up": {"uv": [0, 0.75, 0, 0], "texture": "#1"},
				"down": {"uv": [0, 0, 0, 0.75], "texture": "#1"}
			}
		},
		{
			"from": [5, 7, 10.5],
			"to": [8, 32, 10.5],
			"rotation": {"angle": 0, "axis": "y", "origin": [14, 39, 18.5]},
			"faces": {
				"north": {"uv": [0, 0, 0.75, 6.25], "texture": "#1"},
				"east": {"uv": [0, 0, 0, 6.25], "texture": "#1"},
				"south": {"uv": [0.75, 0, 1.5, 6.25], "texture": "#1"},
				"west": {"uv": [0, 0, 0, 6.25], "texture": "#1"},
				"up": {"uv": [0.75, 0, 0, 0], "texture": "#1"},
				"down": {"uv": [0.75, 0, 0, 0], "texture": "#1"}
			}
		},
		{
			"from": [6.75, 7, 9],
			"to": [6.75, 30, 12],
			"rotation": {"angle": 0, "axis": "y", "origin": [13.75, 36.5, 18]},
			"faces": {
				"north": {"uv": [0, 0, 0, 5.75], "texture": "#1"},
				"east": {"uv": [1.5, 0, 2.25, 5.75], "texture": "#1"},
				"south": {"uv": [0, 0, 0, 5.75], "texture": "#1"},
				"west": {"uv": [2.25, 0, 3, 5.75], "texture": "#1"},
				"up": {"uv": [0, 0.75, 0, 0], "texture": "#1"},
				"down": {"uv": [0, 0, 0, 0.75], "texture": "#1"}
			}
		},
		{
			"from": [13, 15, 4.5],
			"to": [16, 32, 4.5],
			"rotation": {"angle": 0, "axis": "y", "origin": [22, 39, 12.5]},
			"faces": {
				"north": {"uv": [3, 5, 3.75, 9.25], "texture": "#1"},
				"east": {"uv": [0, 0, 0, 4.25], "texture": "#1"},
				"south": {"uv": [3.75, 5, 4.5, 9.25], "texture": "#1"},
				"west": {"uv": [0, 0, 0, 4.25], "texture": "#1"},
				"up": {"uv": [0.75, 0, 0, 0], "texture": "#1"},
				"down": {"uv": [0.75, 0, 0, 0], "texture": "#1"}
			}
		},
		{
			"from": [14.5, 15, 3],
			"to": [14.5, 30, 6],
			"rotation": {"angle": 0, "axis": "y", "origin": [21.75, 36.5, 12]},
			"faces": {
				"north": {"uv": [0, 0, 0, 3.75], "texture": "#1"},
				"east": {"uv": [5.25, 0, 6, 3.75], "texture": "#1"},
				"south": {"uv": [0, 0, 0, 3.75], "texture": "#1"},
				"west": {"uv": [5.25, 3.75, 6, 7.5], "texture": "#1"},
				"up": {"uv": [0, 0.75, 0, 0], "texture": "#1"},
				"down": {"uv": [0, 0, 0, 0.75], "texture": "#1"}
			}
		}
	],
	"display": {
		"fixed": {
			"rotation": [90, 0, 0],
			"translation": [-1.75, 0, -45.25],
			"scale": [2, 2, 2]
		}
	}
}