{
	"credit": "Made with Blockbench",
	"texture_size": [32, 32],
	"textures": {
		"2": "outpost/object/chain_type_2"
	},
	"elements": [
		{
			"from": [8.5, 9.75, 5],
			"to": [10.5, 10.75, 9],
			"rotation": {"angle": -22.5, "axis": "x", "origin": [16.5, 2.75, 15]},
			"faces": {
				"north": {"uv": [7.5, 2.5, 8.5, 3], "texture": "#2"},
				"east": {"uv": [7, 4, 9, 4.5], "texture": "#2"},
				"south": {"uv": [7.5, 3, 8.5, 3.5], "texture": "#2"},
				"west": {"uv": [7, 4.5, 9, 5], "texture": "#2"},
				"up": {"uv": [7, 6, 6, 4], "texture": "#2"},
				"down": {"uv": [7, 6, 6, 8], "texture": "#2"}
			}
		},
		{
			"from": [8.5, -0.60338, 7.05941],
			"to": [10.5, 3.39662, 8.05941],
			"rotation": {"angle": -22.5, "axis": "x", "origin": [16.5, -5.60338, 0.05941]},
			"faces": {
				"north": {"uv": [6, 0, 7, 2], "texture": "#2"},
				"east": {"uv": [7, 0, 7.5, 2], "texture": "#2"},
				"south": {"uv": [6, 2, 7, 4], "texture": "#2"},
				"west": {"uv": [7, 2, 7.5, 4], "texture": "#2"},
				"up": {"uv": [8.5, 2, 7.5, 1.5], "texture": "#2"},
				"down": {"uv": [8.5, 2, 7.5, 2.5], "texture": "#2"}
			}
		},
		{
			"from": [9, 9.40191, 7.63397],
			"to": [10, 10.40191, 10.63397],
			"rotation": {"angle": -45, "axis": "x", "origin": [17, 2.40191, 16.63397]},
			"faces": {
				"north": {"uv": [7.5, 3.5, 8, 4], "texture": "#2"},
				"east": {"uv": [7, 5, 8.5, 5.5], "texture": "#2"},
				"south": {"uv": [7.5, 6, 8, 6.5], "texture": "#2"},
				"west": {"uv": [7, 5.5, 8.5, 6], "texture": "#2"},
				"up": {"uv": [7.5, 7.5, 7, 6], "texture": "#2"},
				"down": {"uv": [8, 0, 7.5, 1.5], "texture": "#2"}
			}
		},
		{
			"from": [9.5, 7, 4],
			"to": [9.5, 30, 7],
			"rotation": {"angle": 0, "axis": "y", "origin": [16.75, 36.5, 13]},
			"faces": {
				"north": {"uv": [0, 0, 0, 11.5], "texture": "#2"},
				"east": {"uv": [3, 0, 4.5, 11.5], "texture": "#2"},
				"south": {"uv": [0, 0, 0, 11.5], "texture": "#2"},
				"west": {"uv": [4.5, 0, 6, 11.5], "texture": "#2"},
				"up": {"uv": [0, 1.5, 0, 0], "texture": "#2"},
				"down": {"uv": [0, 0, 0, 1.5], "texture": "#2"}
			}
		},
		{
			"from": [8, 7, 5.5],
			"to": [11, 32, 5.5],
			"rotation": {"angle": 0, "axis": "y", "origin": [17, 39, 13.5]},
			"faces": {
				"north": {"uv": [0, 0, 1.5, 12.5], "texture": "#2"},
				"east": {"uv": [0, 0, 0, 12.5], "texture": "#2"},
				"south": {"uv": [1.5, 0, 3, 12.5], "texture": "#2"},
				"west": {"uv": [0, 0, 0, 12.5], "texture": "#2"},
				"up": {"uv": [1.5, 0, 0, 0], "texture": "#2"},
				"down": {"uv": [1.5, 0, 0, 0], "texture": "#2"}
			}
		}
	],
	"display": {
		"fixed": {
			"rotation": [90, 0, 0],
			"translation": [-1.75, 0, -45.25],
			"scale": [2, 2, 2]
		}
	}
}