{
	"credit": "Made with Blockbench",
	"texture_size": [64, 64],
	"textures": {
		"0": "outpost/object/clothing_display_rack",
		"particle": "outpost/object/clothing_display_rack"
	},
	"elements": [
		{
			"from": [7.5, 0.21, -3.3125],
			"to": [8.5, 1.21, 19.3125],
			"rotation": {"angle": 0, "axis": "y", "origin": [8, 0.71, 8]},
			"faces": {
				"north": {"uv": [0.125, 0, 0, 0.125], "texture": "#0"},
				"east": {"uv": [2.875, 0, 0, 0.125], "texture": "#0"},
				"south": {"uv": [2.875, 0, 2.75, 0.125], "texture": "#0"},
				"west": {"uv": [2.875, 0, 0, 0.125], "texture": "#0"},
				"up": {"uv": [2.875, 0, 0, 0.125], "rotation": 90, "texture": "#0"},
				"down": {"uv": [2.875, 0, 0, 0.125], "rotation": 90, "texture": "#0"}
			}
		},
		{
			"from": [2.5, 0.21, -4],
			"to": [13.5, 1.21, -3],
			"rotation": {"angle": -45, "axis": "x", "origin": [8, 0.71, -3.5]},
			"faces": {
				"north": {"uv": [1.375, 0.125, 0, 0.25], "texture": "#0"},
				"east": {"uv": [0.125, 0.125, 0, 0.25], "texture": "#0"},
				"south": {"uv": [1.375, 0.125, 0, 0.25], "texture": "#0"},
				"west": {"uv": [1.375, 0.125, 1.25, 0.25], "texture": "#0"},
				"up": {"uv": [0, 0.25, 1.375, 0.125], "texture": "#0"},
				"down": {"uv": [0, 0.25, 1.375, 0.125], "texture": "#0"}
			}
		},
		{
			"from": [2.5, 0.21, 19],
			"to": [13.5, 1.21, 20],
			"rotation": {"angle": 45, "axis": "x", "origin": [8, 0.71, 19.5]},
			"faces": {
				"north": {"uv": [0, 0.125, 1.375, 0.25], "texture": "#0"},
				"east": {"uv": [0, 0.125, 0.125, 0.25], "texture": "#0"},
				"south": {"uv": [0, 0.125, 1.375, 0.25], "texture": "#0"},
				"west": {"uv": [1.25, 0.125, 1.375, 0.25], "texture": "#0"},
				"up": {"uv": [0, 0.125, 1.375, 0.25], "texture": "#0"},
				"down": {"uv": [0, 0.125, 1.375, 0.25], "texture": "#0"}
			}
		},
		{
			"from": [7.625, 1.04203, -3.875],
			"to": [8.375, 23.29203, -3.125],
			"rotation": {"angle": 0, "axis": "x", "origin": [8, 1.54203, -3.5]},
			"faces": {
				"north": {"uv": [0, 0.375, 3, 0.25], "rotation": 270, "texture": "#0"},
				"east": {"uv": [0, 0.375, 3, 0.25], "rotation": 270, "texture": "#0"},
				"south": {"uv": [0, 0.375, 3, 0.25], "rotation": 270, "texture": "#0"},
				"west": {"uv": [0, 0.375, 3, 0.25], "rotation": 270, "texture": "#0"},
				"up": {"uv": [2.875, 0.375, 3, 0.25], "rotation": 180, "texture": "#0"},
				"down": {"uv": [0, 0.375, 0.125, 0.25], "texture": "#0"}
			}
		},
		{
			"from": [7.625, 1.04203, 19.125],
			"to": [8.375, 23.29203, 19.875],
			"rotation": {"angle": 0, "axis": "x", "origin": [8, 1.54203, 19.5]},
			"faces": {
				"north": {"uv": [0, 0.25, 3, 0.375], "rotation": 270, "texture": "#0"},
				"east": {"uv": [0, 0.25, 3, 0.375], "rotation": 270, "texture": "#0"},
				"south": {"uv": [0, 0.25, 3, 0.375], "rotation": 270, "texture": "#0"},
				"west": {"uv": [0, 0.25, 3, 0.375], "rotation": 270, "texture": "#0"},
				"up": {"uv": [2.875, 0.25, 3, 0.375], "rotation": 180, "texture": "#0"},
				"down": {"uv": [0, 0.25, 0.125, 0.375], "texture": "#0"}
			}
		},
		{
			"from": [7.625, 23.29203, -10.125],
			"to": [8.375, 24.04203, 26.125],
			"rotation": {"angle": 0, "axis": "x", "origin": [8, 1.54203, 18.75]},
			"faces": {
				"north": {"uv": [0.125, 0.375, 0, 0.5], "rotation": 180, "texture": "#0"},
				"east": {"uv": [4.5, 0.375, 0, 0.5], "rotation": 180, "texture": "#0"},
				"south": {"uv": [0.125, 0.375, 0, 0.5], "rotation": 180, "texture": "#0"},
				"west": {"uv": [4.5, 0.375, 0, 0.5], "rotation": 180, "texture": "#0"},
				"up": {"uv": [4.5, 0.375, 0, 0.5], "rotation": 90, "texture": "#0"},
				"down": {"uv": [4.5, 0.375, 0, 0.5], "rotation": 90, "texture": "#0"}
			}
		},
		{
			"name": "hanger",
			"from": [1.5, 14.04203, -0.25],
			"to": [14.5, 25.04203, -0.25],
			"rotation": {"angle": 0, "axis": "y", "origin": [8, 15.04203, 0.125]},
			"faces": {
				"north": {"uv": [6.375, 1.375, 8, 0], "rotation": 180, "texture": "#0"},
				"east": {"uv": [0, 0, 4, 0], "rotation": 270, "texture": "#0"},
				"south": {"uv": [8, 1.375, 6.375, 0], "rotation": 180, "texture": "#0"},
				"west": {"uv": [0, 0, 4, 0], "rotation": 90, "texture": "#0"},
				"up": {"uv": [1, 0, 3.75, 0], "rotation": 180, "texture": "#0"},
				"down": {"uv": [1, 0, 3.75, 0], "texture": "#0"}
			}
		},
		{
			"name": "outer_layer",
			"from": [1.5, 4.04203, -1.75],
			"to": [14.5, 19.04203, 1.25],
			"rotation": {"angle": 0, "axis": "y", "origin": [8, 15.04203, 0.125]},
			"faces": {
				"north": {"uv": [0, 12.5, 1.625, 10.625], "rotation": 180, "texture": "#0"},
				"east": {"uv": [2, 10.625, 1.625, 12.5], "texture": "#0"},
				"south": {"uv": [3.625, 12.5, 2, 10.625], "rotation": 180, "texture": "#0"},
				"west": {"uv": [2, 10.625, 1.625, 12.5], "texture": "#0"},
				"up": {"uv": [0, 10.625, 1.625, 10.25], "rotation": 180, "texture": "#0"},
				"down": {"uv": [15.875, 0.125, 16, 0], "texture": "#0"}
			}
		},
		{
			"name": "inner_layer",
			"from": [14.5, 19.04203, 1.25],
			"to": [1.5, 4.04203, -1.75],
			"rotation": {"angle": 0, "axis": "y", "origin": [21, -4.95797, 14.625]},
			"faces": {
				"north": {"uv": [5.625, 10.625, 7.25, 12.5], "rotation": 180, "texture": "#0"},
				"east": {"uv": [5.25, 12.5, 5.625, 10.625], "texture": "#0"},
				"south": {"uv": [5.25, 10.625, 3.625, 12.5], "rotation": 180, "texture": "#0"},
				"west": {"uv": [5.25, 12.5, 5.625, 10.625], "texture": "#0"},
				"up": {"uv": [15.875, 0.125, 16, 0], "texture": "#0"},
				"down": {"uv": [3.625, 10.625, 5.25, 10.25], "rotation": 180, "texture": "#0"}
			}
		},
		{
			"name": "hanger",
			"from": [1.5, 14.04203, 5.25],
			"to": [14.5, 25.04203, 5.25],
			"rotation": {"angle": 0, "axis": "y", "origin": [8, 15.04203, 11.125]},
			"faces": {
				"north": {"uv": [6.375, 1.375, 8, 0], "rotation": 180, "texture": "#0"},
				"east": {"uv": [0, 0, 4, 0], "rotation": 90, "texture": "#0"},
				"south": {"uv": [8, 1.375, 6.375, 0], "rotation": 180, "texture": "#0"},
				"west": {"uv": [0, 0, 4, 0], "rotation": 270, "texture": "#0"},
				"up": {"uv": [1, 0, 3.75, 0], "texture": "#0"},
				"down": {"uv": [1, 0, 3.75, 0], "rotation": 180, "texture": "#0"}
			}
		},
		{
			"name": "outer_layer",
			"from": [1.5, 4.04203, 3.75],
			"to": [14.5, 19.04203, 6.75],
			"rotation": {"angle": 0, "axis": "y", "origin": [8, 15.04203, 11.125]},
			"faces": {
				"north": {"uv": [8.875, 14.75, 7.25, 12.875], "rotation": 180, "texture": "#0"},
				"east": {"uv": [8.875, 12.875, 9.25, 14.75], "texture": "#0"},
				"south": {"uv": [9.25, 14.75, 10.875, 12.875], "rotation": 180, "texture": "#0"},
				"west": {"uv": [8.875, 12.875, 9.25, 14.75], "texture": "#0"},
				"up": {"uv": [7.25, 12.5, 8.875, 12.875], "texture": "#0"},
				"down": {"uv": [15.875, 0.125, 16, 0], "texture": "#0"}
			}
		},
		{
			"name": "inner_layer",
			"from": [14.5, 19.04203, 6.75],
			"to": [1.5, 4.04203, 3.75],
			"rotation": {"angle": 0, "axis": "y", "origin": [-5, -4.95797, 25.625]},
			"faces": {
				"north": {"uv": [14.5, 12.875, 12.875, 14.75], "rotation": 180, "texture": "#0"},
				"east": {"uv": [12.875, 14.75, 12.5, 12.875], "texture": "#0"},
				"south": {"uv": [10.875, 12.875, 12.5, 14.75], "rotation": 180, "texture": "#0"},
				"west": {"uv": [12.875, 14.75, 12.5, 12.875], "texture": "#0"},
				"up": {"uv": [15.875, 0.125, 16, 0], "texture": "#0"},
				"down": {"uv": [10.875, 12.5, 12.5, 12.875], "texture": "#0"}
			}
		},
		{
			"name": "hanger",
			"from": [1.5, 14.04203, 10.75],
			"to": [14.5, 25.04203, 10.75],
			"rotation": {"angle": 0, "axis": "y", "origin": [8, 15.04203, 11.125]},
			"faces": {
				"north": {"uv": [6.375, 1.375, 8, 0], "rotation": 180, "texture": "#0"},
				"east": {"uv": [0, 0, 4, 0], "rotation": 90, "texture": "#0"},
				"south": {"uv": [8, 1.375, 6.375, 0], "rotation": 180, "texture": "#0"},
				"west": {"uv": [0, 0, 4, 0], "rotation": 270, "texture": "#0"},
				"up": {"uv": [1, 0, 3.75, 0], "texture": "#0"},
				"down": {"uv": [1, 0, 3.75, 0], "rotation": 180, "texture": "#0"}
			}
		},
		{
			"name": "outer_layer",
			"from": [1.5, 4.04203, 9.25],
			"to": [14.5, 19.04203, 12.25],
			"rotation": {"angle": 0, "axis": "y", "origin": [8, 15.04203, 11.125]},
			"faces": {
				"north": {"uv": [1.625, 14.75, 0, 12.875], "rotation": 180, "texture": "#0"},
				"east": {"uv": [1.625, 12.875, 2, 14.75], "texture": "#0"},
				"south": {"uv": [2, 14.75, 3.625, 12.875], "rotation": 180, "texture": "#0"},
				"west": {"uv": [1.625, 12.875, 2, 14.75], "texture": "#0"},
				"up": {"uv": [0, 12.5, 1.625, 12.875], "texture": "#0"},
				"down": {"uv": [15.875, 0.125, 16, 0], "texture": "#0"}
			}
		},
		{
			"name": "inner_layer",
			"from": [14.5, 19.04203, 12.25],
			"to": [1.5, 4.04203, 9.25],
			"rotation": {"angle": 0, "axis": "y", "origin": [-5, -4.95797, 25.625]},
			"faces": {
				"north": {"uv": [7.25, 12.875, 5.625, 14.75], "rotation": 180, "texture": "#0"},
				"east": {"uv": [5.625, 14.75, 5.25, 12.875], "texture": "#0"},
				"south": {"uv": [3.625, 12.875, 5.25, 14.75], "rotation": 180, "texture": "#0"},
				"west": {"uv": [5.625, 14.75, 5.25, 12.875], "texture": "#0"},
				"up": {"uv": [15.875, 0.125, 16, 0], "texture": "#0"},
				"down": {"uv": [3.625, 12.5, 5.25, 12.875], "texture": "#0"}
			}
		},
		{
			"name": "hanger",
			"from": [1.5, 14.04203, 16.25],
			"to": [14.5, 25.04203, 16.25],
			"rotation": {"angle": 0, "axis": "y", "origin": [8, 15.04203, 11.125]},
			"faces": {
				"north": {"uv": [6.375, 1.375, 8, 0], "rotation": 180, "texture": "#0"},
				"east": {"uv": [0, 0, 4, 0], "rotation": 90, "texture": "#0"},
				"south": {"uv": [8, 1.375, 6.375, 0], "rotation": 180, "texture": "#0"},
				"west": {"uv": [0, 0, 4, 0], "rotation": 270, "texture": "#0"},
				"up": {"uv": [1, 0, 3.75, 0], "texture": "#0"},
				"down": {"uv": [1, 0, 3.75, 0], "rotation": 180, "texture": "#0"}
			}
		},
		{
			"name": "outer_layer",
			"from": [1.5, 4.04203, 14.75],
			"to": [14.5, 19.04203, 17.75],
			"rotation": {"angle": 0, "axis": "y", "origin": [8, 15.04203, 11.125]},
			"faces": {
				"north": {"uv": [8.875, 12.5, 7.25, 10.625], "rotation": 180, "texture": "#0"},
				"east": {"uv": [8.875, 10.625, 9.25, 12.5], "texture": "#0"},
				"south": {"uv": [9.25, 12.5, 10.875, 10.625], "rotation": 180, "texture": "#0"},
				"west": {"uv": [8.875, 10.625, 9.25, 12.5], "texture": "#0"},
				"up": {"uv": [7.25, 10.25, 8.875, 10.625], "texture": "#0"},
				"down": {"uv": [15.875, 0.125, 16, 0], "texture": "#0"}
			}
		},
		{
			"name": "inner_layer",
			"from": [14.5, 19.04203, 17.75],
			"to": [1.5, 4.04203, 14.75],
			"rotation": {"angle": 0, "axis": "y", "origin": [-5, -4.95797, 25.625]},
			"faces": {
				"north": {"uv": [14.5, 10.625, 12.875, 12.5], "rotation": 180, "texture": "#0"},
				"east": {"uv": [12.875, 12.5, 12.5, 10.625], "texture": "#0"},
				"south": {"uv": [10.875, 10.625, 12.5, 12.5], "rotation": 180, "texture": "#0"},
				"west": {"uv": [12.875, 12.5, 12.5, 10.625], "texture": "#0"},
				"up": {"uv": [15.875, 0.125, 16, 0], "texture": "#0"},
				"down": {"uv": [10.875, 10.25, 12.5, 10.625], "texture": "#0"}
			}
		}
	],
	"display": {
		"thirdperson_righthand": {
			"rotation": [75, 45, 0],
			"translation": [0, 2.5, 0],
			"scale": [0.375, 0.375, 0.375]
		},
		"thirdperson_lefthand": {
			"rotation": [75, 45, 0],
			"translation": [0, 2.5, 0],
			"scale": [0.375, 0.375, 0.375]
		},
		"firstperson_righthand": {
			"rotation": [0, 45, 0],
			"scale": [0.4, 0.4, 0.4]
		},
		"firstperson_lefthand": {
			"rotation": [0, 225, 0],
			"scale": [0.4, 0.4, 0.4]
		},
		"ground": {
			"translation": [0, 3, 0],
			"scale": [0.25, 0.25, 0.25]
		},
		"gui": {
			"rotation": [30, 225, 0],
			"translation": [0, -1.75, 0],
			"scale": [0.45, 0.45, 0.45]
		},
		"head": {
			"translation": [0, -4.25, 0]
		},
		"fixed": {
			"rotation": [-90, 0, 0],
			"translation": [0, 0, -14],
			"scale": [2, 2, 2]
		}
	},
	"groups": [
		0,
		1,
		2,
		3,
		4,
		5,
		{
			"name": "forest_camouflage_shirt",
			"origin": [8.125, 1.54203, 24.25],
			"color": 0,
			"children": [6, 7, 8]
		},
		{
			"name": "desert_camouflage_shirt",
			"origin": [8.125, 1.54203, 24.25],
			"color": 0,
			"children": [9, 10, 11]
		},
		{
			"name": "forest_ghillie_suit",
			"origin": [8.125, 1.54203, 24.25],
			"color": 0,
			"children": [12, 13, 14]
		},
		{
			"name": "desert_ghillie_suit",
			"origin": [8.125, 1.54203, 24.25],
			"color": 0,
			"children": [15, 16, 17]
		}
	]
}