{
	"credit": "Made with Blockbench",
	"texture_size": [32, 32],
	"textures": {
		"1": "outpost/object/cloth_stand"
	},
	"elements": [
		{
			"from": [7.5, 0.21, -3.3125],
			"to": [8.5, 1.21, 19.3125],
			"rotation": {"angle": 0, "axis": "y", "origin": [8, 0.71, 8]},
			"faces": {
				"north": {"uv": [5.5, 0, 5.75, 0.25], "texture": "#1"},
				"east": {"uv": [0, 0, 5.75, 0.25], "texture": "#1"},
				"south": {"uv": [0, 0, 0.25, 0.25], "texture": "#1"},
				"west": {"uv": [0, 0, 5.75, 0.25], "texture": "#1"},
				"up": {"uv": [0, 0, 5.75, 0.25], "rotation": 90, "texture": "#1"},
				"down": {"uv": [0, 0, 5.75, 0.25], "rotation": 90, "texture": "#1"}
			}
		},
		{
			"from": [2.5, 0.21, 19],
			"to": [13.5, 1.21, 20],
			"rotation": {"angle": 45, "axis": "x", "origin": [8, 0.71, 19.5]},
			"faces": {
				"north": {"uv": [0, 0.25, 2.75, 0.5], "texture": "#1"},
				"east": {"uv": [0, 0.25, 0.25, 0.5], "texture": "#1"},
				"south": {"uv": [0, 0.25, 2.75, 0.5], "texture": "#1"},
				"west": {"uv": [2.5, 0.25, 2.75, 0.5], "texture": "#1"},
				"up": {"uv": [0, 0.25, 2.75, 0.5], "texture": "#1"},
				"down": {"uv": [0, 0.25, 2.75, 0.5], "texture": "#1"}
			}
		},
		{
			"from": [2.5, 0.21, -4],
			"to": [13.5, 1.21, -3],
			"rotation": {"angle": -45, "axis": "x", "origin": [8, 0.71, -3.5]},
			"faces": {
				"north": {"uv": [2.75, 0.25, 0, 0.5], "texture": "#1"},
				"east": {"uv": [0.25, 0.25, 0, 0.5], "texture": "#1"},
				"south": {"uv": [2.75, 0.25, 0, 0.5], "texture": "#1"},
				"west": {"uv": [2.75, 0.25, 2.5, 0.5], "texture": "#1"},
				"up": {"uv": [0, 0.5, 2.75, 0.25], "texture": "#1"},
				"down": {"uv": [0, 0.5, 2.75, 0.25], "texture": "#1"}
			}
		},
		{
			"from": [7.625, 1.04203, 19.125],
			"to": [8.375, 23.29203, 19.875],
			"rotation": {"angle": 0, "axis": "x", "origin": [8, 1.54203, 19.5]},
			"faces": {
				"north": {"uv": [0, 0.5, 6, 0.75], "rotation": 270, "texture": "#1"},
				"east": {"uv": [0, 0.5, 6, 0.75], "rotation": 270, "texture": "#1"},
				"south": {"uv": [0, 0.5, 6, 0.75], "rotation": 270, "texture": "#1"},
				"west": {"uv": [0, 0.5, 6, 0.75], "rotation": 270, "texture": "#1"},
				"up": {"uv": [5.75, 0.5, 6, 0.75], "rotation": 180, "texture": "#1"},
				"down": {"uv": [0, 0.5, 0.25, 0.75], "texture": "#1"}
			}
		},
		{
			"from": [7.625, 1.04203, -3.875],
			"to": [8.375, 23.29203, -3.125],
			"rotation": {"angle": 0, "axis": "x", "origin": [8, 1.54203, -3.5]},
			"faces": {
				"north": {"uv": [0, 0.75, 6, 0.5], "rotation": 270, "texture": "#1"},
				"east": {"uv": [0, 0.75, 6, 0.5], "rotation": 270, "texture": "#1"},
				"south": {"uv": [0, 0.75, 6, 0.5], "rotation": 270, "texture": "#1"},
				"west": {"uv": [0, 0.75, 6, 0.5], "rotation": 270, "texture": "#1"},
				"up": {"uv": [5.75, 0.75, 6, 0.5], "rotation": 180, "texture": "#1"},
				"down": {"uv": [0, 0.75, 0.25, 0.5], "texture": "#1"}
			}
		},
		{
			"from": [7.625, 23.29203, -10.125],
			"to": [8.375, 24.04203, 26.125],
			"rotation": {"angle": 0, "axis": "x", "origin": [8, 1.54203, -2.75]},
			"faces": {
				"north": {"uv": [0, 0.75, 0.25, 1], "rotation": 180, "texture": "#1"},
				"east": {"uv": [0, 0.75, 9, 1], "rotation": 180, "texture": "#1"},
				"south": {"uv": [0, 0.75, 0.25, 1], "rotation": 180, "texture": "#1"},
				"west": {"uv": [0, 0.75, 9, 1], "rotation": 180, "texture": "#1"},
				"up": {"uv": [0, 0.75, 9, 1], "rotation": 90, "texture": "#1"},
				"down": {"uv": [0, 0.75, 9, 1], "rotation": 90, "texture": "#1"}
			}
		},
		{
			"from": [1.5, 5.04203, 13.5],
			"to": [14.5, 25.04203, 13.5],
			"rotation": {"angle": 0, "axis": "y", "origin": [8, 15.04203, 13.5]},
			"faces": {
				"north": {"uv": [13, 6, 9.75, 1], "rotation": 180, "texture": "#1"},
				"east": {"uv": [0, 0, 8, 0], "rotation": 270, "texture": "#1"},
				"south": {"uv": [6.5, 6, 9.75, 1], "rotation": 180, "texture": "#1"},
				"west": {"uv": [0, 0, 8, 0], "rotation": 90, "texture": "#1"},
				"up": {"uv": [2, 0, 7.5, 0], "rotation": 180, "texture": "#1"},
				"down": {"uv": [2, 0, 7.5, 0], "texture": "#1"}
			}
		},
		{
			"from": [1.5, 5.04203, 5.5],
			"to": [14.5, 25.04203, 5.5],
			"rotation": {"angle": 0, "axis": "x", "origin": [8.125, 1.54203, 16.25]},
			"faces": {
				"north": {"uv": [6.5, 6, 3.25, 1], "rotation": 180, "texture": "#1"},
				"east": {"uv": [0, 0, 8, 0], "rotation": 270, "texture": "#1"},
				"south": {"uv": [3.25, 6, 6.5, 1], "rotation": 180, "texture": "#1"},
				"west": {"uv": [0, 0, 8, 0], "rotation": 90, "texture": "#1"},
				"up": {"uv": [2, 0, 7.5, 0], "rotation": 180, "texture": "#1"},
				"down": {"uv": [2, 0, 7.5, 0], "texture": "#1"}
			}
		},
		{
			"from": [1.5, 5.04203, -1.5],
			"to": [14.5, 25.04203, -1.5],
			"rotation": {"angle": 0, "axis": "x", "origin": [8.125, 1.54203, 9.25]},
			"faces": {
				"north": {"uv": [3.25, 6, 0, 1], "rotation": 180, "texture": "#1"},
				"east": {"uv": [0, 0, 8, 0], "rotation": 270, "texture": "#1"},
				"south": {"uv": [0, 6, 3.25, 1], "rotation": 180, "texture": "#1"},
				"west": {"uv": [0, 0, 8, 0], "rotation": 90, "texture": "#1"},
				"up": {"uv": [2, 0, 7.5, 0], "rotation": 180, "texture": "#1"},
				"down": {"uv": [2, 0, 7.5, 0], "texture": "#1"}
			}
		},
		{
			"from": [1.5, 5.04203, 17.5],
			"to": [14.5, 25.04203, 17.5],
			"rotation": {"angle": 0, "axis": "y", "origin": [8, 15.04203, 17.5]},
			"faces": {
				"north": {"uv": [13, 6, 9.75, 1], "rotation": 180, "texture": "#1"},
				"east": {"uv": [0, 0, 8, 0], "rotation": 270, "texture": "#1"},
				"south": {"uv": [6.5, 6, 9.75, 1], "rotation": 180, "texture": "#1"},
				"west": {"uv": [0, 0, 8, 0], "rotation": 90, "texture": "#1"},
				"up": {"uv": [2, 0, 7.5, 0], "rotation": 180, "texture": "#1"},
				"down": {"uv": [2, 0, 7.5, 0], "texture": "#1"}
			}
		},
		{
			"from": [1.5, 5.04203, 10],
			"to": [14.5, 25.04203, 10],
			"rotation": {"angle": 0, "axis": "x", "origin": [8.125, 1.54203, 20.75]},
			"faces": {
				"north": {"uv": [6.5, 6, 3.25, 1], "rotation": 180, "texture": "#1"},
				"east": {"uv": [0, 0, 8, 0], "rotation": 270, "texture": "#1"},
				"south": {"uv": [3.25, 6, 6.5, 1], "rotation": 180, "texture": "#1"},
				"west": {"uv": [0, 0, 8, 0], "rotation": 90, "texture": "#1"},
				"up": {"uv": [2, 0, 7.5, 0], "rotation": 180, "texture": "#1"},
				"down": {"uv": [2, 0, 7.5, 0], "texture": "#1"}
			}
		},
		{
			"from": [1.5, 5.04203, 2],
			"to": [14.5, 25.04203, 2],
			"rotation": {"angle": 0, "axis": "x", "origin": [8.125, 1.54203, 12.75]},
			"faces": {
				"north": {"uv": [3.25, 6, 0, 1], "rotation": 180, "texture": "#1"},
				"east": {"uv": [0, 0, 8, 0], "rotation": 270, "texture": "#1"},
				"south": {"uv": [0, 6, 3.25, 1], "rotation": 180, "texture": "#1"},
				"west": {"uv": [0, 0, 8, 0], "rotation": 90, "texture": "#1"},
				"up": {"uv": [2, 0, 7.5, 0], "rotation": 180, "texture": "#1"},
				"down": {"uv": [2, 0, 7.5, 0], "texture": "#1"}
			}
		}
	],
	"display": {
		"thirdperson_righthand": {
			"rotation": [75, 45, 0],
			"translation": [0, 2.5, 0],
			"scale": [0.375, 0.375, 0.375]
		},
		"thirdperson_lefthand": {
			"rotation": [75, 45, 0],
			"translation": [0, 2.5, 0],
			"scale": [0.375, 0.375, 0.375]
		},
		"firstperson_righthand": {
			"rotation": [0, 45, 0],
			"scale": [0.4, 0.4, 0.4]
		},
		"firstperson_lefthand": {
			"rotation": [0, 225, 0],
			"scale": [0.4, 0.4, 0.4]
		},
		"ground": {
			"translation": [0, 3, 0],
			"scale": [0.25, 0.25, 0.25]
		},
		"gui": {
			"rotation": [30, 225, 0],
			"translation": [0, -1.75, 0],
			"scale": [0.45, 0.45, 0.45]
		},
		"head": {
			"translation": [0, -4.25, 0]
		},
		"fixed": {
			"rotation": [-90, 0, 0],
			"translation": [0, 0, -14],
			"scale": [2, 2, 2]
		}
	},
	"groups": [
		0,
		1,
		2,
		3,
		4,
		5,
		{
			"name": "cloth",
			"origin": [8.125, 1.54203, 24.25],
			"color": 0,
			"children": [6, 7, 8, 9, 10, 11]
		}
	]
}