{
	"credit": "Made by Forest#3391",
	"texture_size": [32, 32],
	"textures": {
		"0": "outpost/object/concrete_barricade",
		"particle": "outpost/object/concrete_barricade"
	},
	"elements": [
		{
			"from": [-16, 0, 5],
			"to": [16, 16, 11],
			"rotation": {"angle": 0, "axis": "y", "origin": [8, 5, 8]},
			"faces": {
				"north": {"uv": [16, 0, 0, 8], "texture": "#0"},
				"east": {"uv": [16, 2, 13, 10], "texture": "#0"},
				"south": {"uv": [0, 0, 16, 8], "texture": "#0"},
				"west": {"uv": [3, 2, 0, 10], "texture": "#0"},
				"up": {"uv": [16, 6, 0, 3], "texture": "#0"},
				"down": {"uv": [0, 14, 16, 11], "rotation": 180, "texture": "#0"}
			}
		},
		{
			"from": [-16, 0, 3],
			"to": [16, 4, 13],
			"rotation": {"angle": 0, "axis": "y", "origin": [8, 5, 8]},
			"faces": {
				"north": {"uv": [16, 4.5, 0, 6.5], "texture": "#0"},
				"east": {"uv": [13, 8, 8, 10], "texture": "#0"},
				"south": {"uv": [0, 4.5, 16, 6.5], "texture": "#0"},
				"west": {"uv": [8, 8, 3, 10], "texture": "#0"},
				"up": {"uv": [16, 15, 0, 10], "texture": "#0"},
				"down": {"uv": [0, 5.5, 16, 0.5], "rotation": 180, "texture": "#0"}
			}
		}
	],
	"display": {
		"thirdperson_righthand": {
			"rotation": [75, 45, 0],
			"translation": [4, 6, 0],
			"scale": [0.375, 0.375, 0.375]
		},
		"thirdperson_lefthand": {
			"rotation": [75, 45, 0],
			"translation": [0, 2.5, 0],
			"scale": [0.375, 0.375, 0.375]
		},
		"firstperson_righthand": {
			"rotation": [0, 26, 0],
			"translation": [3, 3.5, 0],
			"scale": [0.4, 0.4, 0.4]
		},
		"firstperson_lefthand": {
			"rotation": [-180, -26, 180],
			"translation": [3, 3.5, 0],
			"scale": [0.4, 0.4, 0.4]
		},
		"ground": {
			"translation": [2.25, 0.5, 0],
			"scale": [0.25, 0.25, 0.25]
		},
		"gui": {
			"rotation": [30, 225, 0],
			"translation": [-2.25, -1, 0],
			"scale": [0.4, 0.4, 0.4]
		},
		"fixed": {
			"translation": [4, 0, 0],
			"scale": [0.5, 0.5, 0.5]
		}
	}
}