{
	"credit": "Made by Forest#3391",
	"textures": {
		"0": "outpost/object/concrete_object",
		"particle": "outpost/object/concrete_object"
	},
	"elements": [
		{
			"from": [6.5, 0, 0],
			"to": [9.5, 8, 16],
			"rotation": {"angle": 0, "axis": "y", "origin": [6, 0, 0]},
			"faces": {
				"north": {"uv": [0, 4, 1.5, 8], "texture": "#0"},
				"east": {"uv": [8, 0, 0, 4], "texture": "#0"},
				"south": {"uv": [0, 4, 1.5, 8], "texture": "#0"},
				"west": {"uv": [0, 0, 8, 4], "texture": "#0"},
				"up": {"uv": [1.5, 4, 3, 8], "texture": "#0"},
				"down": {"uv": [1.5, 4, 3, 8], "texture": "#0"}
			}
		},
		{
			"from": [6.5, -1.66406, 0.05],
			"to": [9.75, 1.58594, 15.95],
			"rotation": {"angle": 45, "axis": "z", "origin": [8, -0.16406, 8.05]},
			"faces": {
				"north": {"uv": [4, 4, 5, 5], "texture": "#0"},
				"east": {"uv": [4, 4, 3, 8], "texture": "#0"},
				"south": {"uv": [4, 4, 5, 5], "texture": "#0"},
				"west": {"uv": [3, 4, 4, 8], "texture": "#0"},
				"up": {"uv": [3, 4, 4, 8], "texture": "#0"},
				"down": {"uv": [3, 4, 4, 8], "texture": "#0"}
			}
		}
	],
	"display": {
		"thirdperson_righthand": {
			"translation": [0, 3, 1],
			"scale": [0.55, 0.55, 0.55]
		},
		"thirdperson_lefthand": {
			"translation": [0, 3, 1],
			"scale": [0.55, 0.55, 0.55]
		},
		"firstperson_righthand": {
			"rotation": [0, -90, 25],
			"translation": [1.13, 6.7, 1.13],
			"scale": [0.68, 0.68, 0.68]
		},
		"firstperson_lefthand": {
			"rotation": [0, -90, 25],
			"translation": [1.13, 6.7, 1.13],
			"scale": [0.68, 0.68, 0.68]
		},
		"ground": {
			"translation": [0, 2, 0],
			"scale": [0.5, 0.5, 0.5]
		},
		"gui": {
			"rotation": [35, 45, 0],
			"translation": [0, 2.5, 0],
			"scale": [0.75, 0.75, 0.75]
		},
		"head": {
			"rotation": [0, 180, 0],
			"translation": [0, 13, 0]
		},
		"fixed": {
			"rotation": [-90, 0, 0],
			"translation": [0, 0, -14],
			"scale": [2, 2, 2]
		}
	}
}