{
	"credit": "Made by Forest#3391",
	"texture_size": [32, 32],
	"textures": {
		"0": "outpost/object/dummy",
		"particle": "outpost/object/dummy"
	},
	"elements": [
		{
			"from": [4, 0, 4],
			"to": [12, 2, 12],
			"rotation": {"angle": 0, "axis": "y", "origin": [8, 15.5, 8]},
			"faces": {
				"north": {"uv": [4, 12, 5, 16], "rotation": 90, "texture": "#0"},
				"east": {"uv": [4, 12, 5, 16], "rotation": 90, "texture": "#0"},
				"south": {"uv": [4, 12, 5, 16], "rotation": 90, "texture": "#0"},
				"west": {"uv": [4, 12, 5, 16], "rotation": 90, "texture": "#0"},
				"up": {"uv": [0, 12, 4, 16], "rotation": 90, "texture": "#0"},
				"down": {"uv": [0, 16, 4, 12], "rotation": 270, "texture": "#0"}
			}
		},
		{
			"from": [6.5, 29, 6.5],
			"to": [9.5, 32, 9.5],
			"rotation": {"angle": 0, "axis": "x", "origin": [8, 15.5, 8]},
			"faces": {
				"north": {"uv": [8, 6, 9.5, 7.5], "texture": "#0"},
				"east": {"uv": [8, 6, 9.5, 7.5], "texture": "#0"},
				"south": {"uv": [8, 6, 9.5, 7.5], "texture": "#0"},
				"west": {"uv": [8, 6, 9.5, 7.5], "texture": "#0"},
				"up": {"uv": [8, 6, 9.5, 7.5], "texture": "#0"},
				"down": {"uv": [8, 6, 9.5, 7.5], "texture": "#0"}
			}
		},
		{
			"from": [7, 2, 7],
			"to": [9, 29, 9],
			"rotation": {"angle": 0, "axis": "x", "origin": [8, 15.5, 8]},
			"faces": {
				"north": {"uv": [12, 0, 13, 13.5], "texture": "#0"},
				"east": {"uv": [13, 0, 12, 13.5], "texture": "#0"},
				"south": {"uv": [12, 0, 13, 13.5], "texture": "#0"},
				"west": {"uv": [13, 0, 12, 13.5], "texture": "#0"},
				"up": {"uv": [11, 5, 12, 6], "rotation": 90, "texture": "#0"},
				"down": {"uv": [11, 4, 12, 5], "rotation": 270, "texture": "#0"}
			}
		},
		{
			"from": [4, 10.5, 6],
			"to": [12, 22.5, 10],
			"rotation": {"angle": 0, "axis": "x", "origin": [8, 15.5, 8]},
			"faces": {
				"north": {"uv": [0, 0, 4, 6], "texture": "#0"},
				"east": {"uv": [6, 0, 4, 6], "texture": "#0"},
				"south": {"uv": [6, 0, 10, 6], "texture": "#0"},
				"west": {"uv": [4, 0, 6, 6], "texture": "#0"},
				"up": {"uv": [10, 0, 12, 4], "rotation": 90, "texture": "#0"},
				"down": {"uv": [0, 0, 2, 4], "rotation": 270, "texture": "#0"}
			}
		},
		{
			"from": [-2.3743, 8.43642, 6],
			"to": [1.6257, 20.43642, 10],
			"rotation": {"angle": -22.5, "axis": "z", "origin": [8, 15.5, 8]},
			"faces": {
				"north": {"uv": [0, 6, 2, 12], "texture": "#0"},
				"east": {"uv": [4, 6, 6, 12], "texture": "#0"},
				"south": {"uv": [2, 6, 0, 12], "texture": "#0"},
				"west": {"uv": [2, 6, 4, 12], "texture": "#0"},
				"up": {"uv": [6, 6, 8, 8], "rotation": 90, "texture": "#0"},
				"down": {"uv": [6, 8, 8, 10], "rotation": 270, "texture": "#0"}
			}
		},
		{
			"from": [14.3743, 8.43642, 6],
			"to": [18.3743, 20.43642, 10],
			"rotation": {"angle": 22.5, "axis": "z", "origin": [8, 15.5, 8]},
			"faces": {
				"north": {"uv": [2, 6, 0, 12], "texture": "#0"},
				"east": {"uv": [4, 6, 2, 12], "texture": "#0"},
				"south": {"uv": [0, 6, 2, 12], "texture": "#0"},
				"west": {"uv": [6, 6, 4, 12], "texture": "#0"},
				"up": {"uv": [6, 8, 8, 6], "rotation": 90, "texture": "#0"},
				"down": {"uv": [6, 10, 8, 8], "rotation": 270, "texture": "#0"}
			}
		}
	],
	"display": {
		"thirdperson_righthand": {
			"rotation": [75, 45, 0],
			"translation": [0, 2.5, 0],
			"scale": [0.375, 0.375, 0.375]
		},
		"thirdperson_lefthand": {
			"rotation": [75, 45, 0],
			"translation": [0, 2.5, 0],
			"scale": [0.375, 0.375, 0.375]
		},
		"firstperson_righthand": {
			"rotation": [0, 20, 0],
			"translation": [2, 0, 0],
			"scale": [0.4, 0.4, 0.4]
		},
		"firstperson_lefthand": {
			"rotation": [-180, -20, -180],
			"translation": [2, 0, 0],
			"scale": [0.4, 0.4, 0.4]
		},
		"ground": {
			"translation": [0, 0.75, 0],
			"scale": [0.25, 0.25, 0.25]
		},
		"gui": {
			"rotation": [30, 225, 0],
			"translation": [0, -2.75, 0],
			"scale": [0.45, 0.45, 0.45]
		},
		"head": {
			"translation": [0, 14.25, 0]
		},
		"fixed": {
			"translation": [0, -4, 0],
			"scale": [0.5, 0.5, 0.5]
		}
	}
}