{
	"credit": "Made by Forest#3391",
	"texture_size": [32, 32],
	"textures": {
		"0": "outpost/object/dummy",
		"particle": "outpost/object/dummy"
	},
	"elements": [
		{
			"from": [4, 0, 4],
			"to": [12, 2, 12],
			"rotation": {"angle": 0, "axis": "y", "origin": [8, 15.5, 8]},
			"faces": {
				"north": {"uv": [4, 14.5, 5, 10.5], "rotation": 90, "texture": "#0"},
				"east": {"uv": [4, 14.5, 5, 10.5], "rotation": 90, "texture": "#0"},
				"south": {"uv": [4, 14.5, 5, 10.5], "rotation": 90, "texture": "#0"},
				"west": {"uv": [4, 14.5, 5, 10.5], "rotation": 90, "texture": "#0"},
				"up": {"uv": [0, 14.5, 4, 10.5], "texture": "#0"},
				"down": {"uv": [5, 14.5, 9, 10.5], "texture": "#0"}
			}
		},
		{
			"from": [7, 1.5, 7],
			"to": [9, 27.5, 9],
			"rotation": {"angle": 0, "axis": "x", "origin": [8, 13.5, 8]},
			"faces": {
				"north": {"uv": [0, 9.5, 13, 10.5], "rotation": 90, "texture": "#0"},
				"east": {"uv": [0, 10.5, 13, 9.5], "rotation": 90, "texture": "#0"},
				"south": {"uv": [0, 9.5, 13, 10.5], "rotation": 90, "texture": "#0"},
				"west": {"uv": [0, 10.5, 13, 9.5], "rotation": 90, "texture": "#0"},
				"up": {"uv": [14, 10.5, 13, 9.5], "rotation": 90, "texture": "#0"},
				"down": {"uv": [15, 10.5, 14, 9.5], "rotation": 270, "texture": "#0"}
			}
		},
		{
			"from": [4, 10.5, 6],
			"to": [12, 22.5, 10],
			"rotation": {"angle": 0, "axis": "x", "origin": [8, 16.5, 8]},
			"faces": {
				"north": {"uv": [0, 0, 4, 6], "texture": "#0"},
				"east": {"uv": [4, 0, 6, 6], "texture": "#0"},
				"south": {"uv": [6, 0, 10, 6], "texture": "#0"},
				"west": {"uv": [6, 0, 4, 6], "texture": "#0"},
				"up": {"uv": [8, 8, 4, 6], "texture": "#0"},
				"down": {"uv": [4, 8, 0, 6], "texture": "#0"}
			}
		},
		{
			"from": [6.5, 27.499, 6.5],
			"to": [9.5, 30.499, 9.5],
			"rotation": {"angle": 0, "axis": "x", "origin": [8, 16.5, 8]},
			"faces": {
				"north": {"uv": [0, 8, 1.5, 9.5], "texture": "#0"},
				"east": {"uv": [1.5, 8, 0, 9.5], "texture": "#0"},
				"south": {"uv": [3, 8, 1.5, 9.5], "texture": "#0"},
				"west": {"uv": [1.5, 8, 3, 9.5], "texture": "#0"},
				"up": {"uv": [1.5, 9.5, 0, 8], "rotation": 270, "texture": "#0"},
				"down": {"uv": [3, 9.5, 1.5, 8], "texture": "#0"}
			}
		},
		{
			"from": [-1.18192, 11.53074, 6],
			"to": [1.81808, 23.53074, 10],
			"rotation": {"angle": -22.5, "axis": "z", "origin": [0.31808, 17.53074, 8]},
			"faces": {
				"north": {"uv": [12, 0, 13.5, 6], "texture": "#0"},
				"east": {"uv": [10, 0, 12, 6], "texture": "#0"},
				"south": {"uv": [13.5, 0, 12, 6], "texture": "#0"},
				"west": {"uv": [13.5, 0, 15.5, 6], "texture": "#0"},
				"up": {"uv": [11.5, 8, 10, 6], "texture": "#0"},
				"down": {"uv": [13, 8, 11.5, 6], "texture": "#0"}
			}
		},
		{
			"from": [14.18192, 11.53074, 6],
			"to": [17.18192, 23.53074, 10],
			"rotation": {"angle": 22.5, "axis": "z", "origin": [15.68192, 17.53074, 8]},
			"faces": {
				"north": {"uv": [13.5, 0, 12, 6], "texture": "#0"},
				"east": {"uv": [15.5, 0, 13.5, 6], "texture": "#0"},
				"south": {"uv": [12, 0, 13.5, 6], "texture": "#0"},
				"west": {"uv": [12, 0, 10, 6], "texture": "#0"},
				"up": {"uv": [10, 8, 11.5, 6], "texture": "#0"},
				"down": {"uv": [11.5, 8, 13, 6], "texture": "#0"}
			}
		}
	],
	"display": {
		"thirdperson_righthand": {
			"rotation": [75, 45, 0],
			"translation": [0, 2.5, 2.5],
			"scale": [0.375, 0.375, 0.375]
		},
		"thirdperson_lefthand": {
			"rotation": [75, 45, 0],
			"translation": [0, 2.5, 2.5],
			"scale": [0.375, 0.375, 0.375]
		},
		"firstperson_righthand": {
			"rotation": [0, 20, 0],
			"translation": [2, 0, 0],
			"scale": [0.4, 0.4, 0.4]
		},
		"firstperson_lefthand": {
			"rotation": [-180, -20, -180],
			"translation": [2, 0, 0],
			"scale": [0.4, 0.4, 0.4]
		},
		"ground": {
			"translation": [0, 0.75, 0],
			"scale": [0.25, 0.25, 0.25]
		},
		"gui": {
			"rotation": [30, 225, 0],
			"translation": [0, -2.75, 0],
			"scale": [0.5, 0.5, 0.5]
		},
		"head": {
			"translation": [0, 14.25, 0]
		},
		"fixed": {
			"translation": [0, -4.25, 0],
			"scale": [0.6, 0.6, 0.6]
		}
	}
}