{
	"credit": "Made with Blockbench",
	"texture_size": [128, 128],
	"textures": {
		"0": "outpost/object/grill",
		"particle": "outpost/object/grill"
	},
	"elements": [
		{
			"from": [-2, 12, 19],
			"to": [14, 19, 21],
			"rotation": {"angle": 0, "axis": "y", "origin": [5, 26, 5]},
			"faces": {
				"north": {"uv": [2.25, 0, 4.25, 0.875], "texture": "#0"},
				"east": {"uv": [7.75, 4.375, 8, 5.25], "texture": "#0"},
				"south": {"uv": [2.25, 0.875, 4.25, 1.75], "texture": "#0"},
				"west": {"uv": [12, 13.25, 12.25, 14.125], "texture": "#0"},
				"up": {"uv": [13.5, 13.25, 11.5, 13], "texture": "#0"},
				"down": {"uv": [15.125, 6.375, 13.125, 6.625], "texture": "#0"}
			}
		},
		{
			"from": [-2, 12, -14],
			"to": [14, 19, -12],
			"rotation": {"angle": 0, "axis": "y", "origin": [5, 26, -28]},
			"faces": {
				"north": {"uv": [0, 8.75, 2, 9.625], "texture": "#0"},
				"east": {"uv": [12.25, 13.25, 12.5, 14.125], "texture": "#0"},
				"south": {"uv": [0, 9.625, 2, 10.5], "texture": "#0"},
				"west": {"uv": [12.5, 13.25, 12.75, 14.125], "texture": "#0"},
				"up": {"uv": [15.125, 6.875, 13.125, 6.625], "texture": "#0"},
				"down": {"uv": [15.125, 6.875, 13.125, 7.125], "texture": "#0"}
			}
		},
		{
			"from": [-4, 12, -14],
			"to": [-2, 19, 21],
			"rotation": {"angle": 0, "axis": "y", "origin": [5, 26, 5]},
			"faces": {
				"north": {"uv": [4.25, 0, 4.5, 0.875], "texture": "#0"},
				"east": {"uv": [8.75, 8.75, 13.125, 9.625], "texture": "#0"},
				"south": {"uv": [4.25, 0.875, 4.5, 1.75], "texture": "#0"},
				"west": {"uv": [8.75, 6.5, 13.125, 7.375], "texture": "#0"},
				"up": {"uv": [1, 14.875, 0.75, 10.5], "texture": "#0"},
				"down": {"uv": [1.25, 10.5, 1, 14.875], "texture": "#0"}
			}
		},
		{
			"from": [14, 12, -14],
			"to": [16, 19, 21],
			"rotation": {"angle": 0, "axis": "y", "origin": [23, 26, 5]},
			"faces": {
				"north": {"uv": [4.25, 6.625, 4.5, 7.5], "texture": "#0"},
				"east": {"uv": [8.75, 7.375, 13.125, 8.25], "texture": "#0"},
				"south": {"uv": [4.25, 7.5, 4.5, 8.375], "texture": "#0"},
				"west": {"uv": [8.75, 9.625, 13.125, 10.5], "texture": "#0"},
				"up": {"uv": [1.5, 14.875, 1.25, 10.5], "texture": "#0"},
				"down": {"uv": [1.75, 10.5, 1.5, 14.875], "texture": "#0"}
			}
		},
		{
			"from": [14.25, 29.9528, -14],
			"to": [30.25, 31.9528, 21],
			"rotation": {"angle": -45, "axis": "z", "origin": [22.91726, 38.9528, 5]},
			"faces": {
				"north": {"uv": [12.625, 11.125, 14.625, 11.375], "texture": "#0"},
				"east": {"uv": [10.75, 6.125, 15.125, 6.375], "texture": "#0"},
				"south": {"uv": [11.5, 12.75, 13.5, 13], "texture": "#0"},
				"west": {"uv": [6.75, 11.375, 11.125, 11.625], "texture": "#0"},
				"up": {"uv": [4.25, 11, 2.25, 6.625], "texture": "#0"},
				"down": {"uv": [8.75, 6.75, 6.75, 11.125], "texture": "#0"}
			}
		},
		{
			"from": [11.75, 27.42767, -14],
			"to": [29.75, 30.42767, 21],
			"rotation": {"angle": -45, "axis": "z", "origin": [21.61396, 37.42767, 5]},
			"faces": {
				"north": {"uv": [3, 11.5, 5.25, 11.875], "texture": "#0"},
				"east": {"uv": [10.75, 3.875, 15.125, 4.25], "texture": "#0"},
				"south": {"uv": [5.25, 11.625, 7.5, 12], "texture": "#0"},
				"west": {"uv": [10.75, 4.25, 15.125, 4.625], "texture": "#0"},
				"up": {"uv": [2.25, 8.75, 0, 4.375], "texture": "#0"},
				"down": {"uv": [6.75, 4.5, 4.5, 8.875], "texture": "#0"}
			}
		},
		{
			"from": [27, 22.67767, -12],
			"to": [29, 29.67767, 19],
			"rotation": {"angle": -45, "axis": "z", "origin": [18.12132, 36.67767, 5]},
			"faces": {
				"north": {"uv": [8, 13.375, 8.25, 14.25], "texture": "#0"},
				"east": {"uv": [10.75, 0.875, 14.625, 1.75], "texture": "#0"},
				"south": {"uv": [8.25, 13.375, 8.5, 14.25], "texture": "#0"},
				"west": {"uv": [10.75, 1.75, 14.625, 2.625], "texture": "#0"},
				"up": {"uv": [2.75, 14.875, 2.5, 11], "texture": "#0"},
				"down": {"uv": [3, 11, 2.75, 14.875], "texture": "#0"}
			}
		},
		{
			"from": [9, 22.67767, -12],
			"to": [11, 29.67767, 19],
			"rotation": {"angle": -45, "axis": "z", "origin": [18.12132, 36.67767, 5]},
			"faces": {
				"north": {"uv": [7.5, 13.375, 7.75, 14.25], "texture": "#0"},
				"east": {"uv": [8.75, 10.5, 12.625, 11.375], "texture": "#0"},
				"south": {"uv": [7.75, 13.375, 8, 14.25], "texture": "#0"},
				"west": {"uv": [10.75, 0, 14.625, 0.875], "texture": "#0"},
				"up": {"uv": [2, 14.375, 1.75, 10.5], "texture": "#0"},
				"down": {"uv": [2.5, 11, 2.25, 14.875], "texture": "#0"}
			}
		},
		{
			"from": [9, 22.67767, 19],
			"to": [29, 29.67767, 21],
			"rotation": {"angle": -45, "axis": "z", "origin": [18.12132, 36.67767, 5]},
			"faces": {
				"north": {"uv": [4.25, 8.875, 6.75, 9.75], "texture": "#0"},
				"east": {"uv": [12.75, 13.25, 13, 14.125], "texture": "#0"},
				"south": {"uv": [4.25, 9.75, 6.75, 10.625], "texture": "#0"},
				"west": {"uv": [13, 13.25, 13.25, 14.125], "texture": "#0"},
				"up": {"uv": [10, 11.875, 7.5, 11.625], "texture": "#0"},
				"down": {"uv": [12.5, 11.75, 10, 12], "texture": "#0"}
			}
		},
		{
			"from": [9, 22.67767, -14],
			"to": [29, 29.67767, -12],
			"rotation": {"angle": -45, "axis": "z", "origin": [18.12132, 36.67767, -28]},
			"faces": {
				"north": {"uv": [4.25, 10.625, 6.75, 11.5], "texture": "#0"},
				"east": {"uv": [13.25, 13.25, 13.5, 14.125], "texture": "#0"},
				"south": {"uv": [10.75, 2.625, 13.25, 3.5], "texture": "#0"},
				"west": {"uv": [13.25, 2.625, 13.5, 3.5], "texture": "#0"},
				"up": {"uv": [10, 12.125, 7.5, 11.875], "texture": "#0"},
				"down": {"uv": [5.5, 12, 3, 12.25], "texture": "#0"}
			}
		},
		{
			"from": [-3, 9, -14],
			"to": [15, 12, 21],
			"rotation": {"angle": 0, "axis": "y", "origin": [5, 19, 5]},
			"faces": {
				"north": {"uv": [2.25, 1.75, 4.5, 2.125], "texture": "#0"},
				"east": {"uv": [8.75, 8.25, 13.125, 8.625], "texture": "#0"},
				"south": {"uv": [11.125, 11.375, 13.375, 11.75], "texture": "#0"},
				"west": {"uv": [10.75, 3.5, 15.125, 3.875], "texture": "#0"},
				"up": {"uv": [2.25, 4.375, 0, 0], "texture": "#0"},
				"down": {"uv": [4.5, 2.25, 2.25, 6.625], "texture": "#0"}
			}
		},
		{
			"from": [-3, 18.5, -10],
			"to": [15, 18.5, 16],
			"rotation": {"angle": 0, "axis": "y", "origin": [5, 28.5, 9]},
			"faces": {
				"north": {"uv": [0, 0, 2.25, 0], "texture": "#0"},
				"east": {"uv": [0, 0, 3.25, 0], "texture": "#0"},
				"south": {"uv": [0, 0, 2.25, 0], "texture": "#0"},
				"west": {"uv": [0, 0, 3.25, 0], "texture": "#0"},
				"up": {"uv": [10.75, 3.25, 8.5, 0], "texture": "#0"},
				"down": {"uv": [10.75, 3.25, 8.5, 6.5], "texture": "#0"}
			}
		},
		{
			"from": [-2, 7, -14],
			"to": [14, 9, 21],
			"rotation": {"angle": 0, "axis": "y", "origin": [5, 16, 5]},
			"faces": {
				"north": {"uv": [6.75, 11.125, 8.75, 11.375], "texture": "#0"},
				"east": {"uv": [10.75, 5.625, 15.125, 5.875], "texture": "#0"},
				"south": {"uv": [12.625, 10.875, 14.625, 11.125], "texture": "#0"},
				"west": {"uv": [10.75, 5.875, 15.125, 6.125], "texture": "#0"},
				"up": {"uv": [6.5, 4.375, 4.5, 0], "texture": "#0"},
				"down": {"uv": [8.5, 0, 6.5, 4.375], "texture": "#0"}
			}
		},
		{
			"from": [4, 12, -8],
			"to": [8, 15, 2],
			"rotation": {"angle": 45, "axis": "y", "origin": [12, 20, 0]},
			"faces": {
				"north": {"uv": [13.125, 10.125, 13.625, 10.5], "texture": "#0"},
				"east": {"uv": [3, 11, 4.25, 11.375], "texture": "#0"},
				"south": {"uv": [13.375, 11.375, 13.875, 11.75], "texture": "#0"},
				"west": {"uv": [4.125, 12.75, 5.375, 13.125], "texture": "#0"},
				"up": {"uv": [7.25, 5.625, 6.75, 4.375], "texture": "#0"},
				"down": {"uv": [7.75, 4.375, 7.25, 5.625], "texture": "#0"}
			}
		},
		{
			"from": [-2, 12, 8],
			"to": [8, 15, 12],
			"rotation": {"angle": 45, "axis": "y", "origin": [6, 20, 4]},
			"faces": {
				"north": {"uv": [7.5, 13, 8.75, 13.375], "texture": "#0"},
				"east": {"uv": [4.125, 13.5, 4.625, 13.875], "texture": "#0"},
				"south": {"uv": [4.125, 13.125, 5.375, 13.5], "texture": "#0"},
				"west": {"uv": [4.625, 13.5, 5.125, 13.875], "texture": "#0"},
				"up": {"uv": [8, 6.125, 6.75, 5.625], "texture": "#0"},
				"down": {"uv": [8, 6.125, 6.75, 6.625], "texture": "#0"}
			}
		},
		{
			"from": [3, 14, -11],
			"to": [6, 17, 0],
			"rotation": {"angle": -22.5, "axis": "x", "origin": [11, 22, -3]},
			"faces": {
				"north": {"uv": [13.5, 3, 13.875, 3.375], "texture": "#0"},
				"east": {"uv": [7.5, 12.625, 8.875, 13], "texture": "#0"},
				"south": {"uv": [13.5, 12.75, 13.875, 13.125], "texture": "#0"},
				"west": {"uv": [12.625, 10.5, 14, 10.875], "texture": "#0"},
				"up": {"uv": [9.25, 14, 8.875, 12.625], "texture": "#0"},
				"down": {"uv": [9.625, 12.625, 9.25, 14], "texture": "#0"}
			}
		},
		{
			"from": [-5, 10, -16],
			"to": [-3, 12, 23],
			"rotation": {"angle": 0, "axis": "y", "origin": [4, 19, 6]},
			"faces": {
				"north": {"uv": [7.75, 5.25, 8, 5.5], "texture": "#0"},
				"east": {"uv": [10.75, 4.625, 15.625, 4.875], "texture": "#0"},
				"south": {"uv": [4.25, 8.375, 4.5, 8.625], "texture": "#0"},
				"west": {"uv": [10.75, 4.875, 15.625, 5.125], "texture": "#0"},
				"up": {"uv": [2.25, 13.625, 2, 8.75], "texture": "#0"},
				"down": {"uv": [0.25, 10.5, 0, 15.375], "texture": "#0"}
			}
		},
		{
			"from": [15, 10, -16],
			"to": [17, 12, 23],
			"rotation": {"angle": 0, "axis": "y", "origin": [24, 19, 6]},
			"faces": {
				"north": {"uv": [8.5, 6.5, 8.75, 6.75], "texture": "#0"},
				"east": {"uv": [10.75, 5.125, 15.625, 5.375], "texture": "#0"},
				"south": {"uv": [4.25, 8.625, 4.5, 8.875], "texture": "#0"},
				"west": {"uv": [10.75, 5.375, 15.625, 5.625], "texture": "#0"},
				"up": {"uv": [0.5, 15.375, 0.25, 10.5], "texture": "#0"},
				"down": {"uv": [0.75, 10.5, 0.5, 15.375], "texture": "#0"}
			}
		},
		{
			"from": [-5, -9, 19],
			"to": [-3, 10, 21],
			"rotation": {"angle": 0, "axis": "y", "origin": [3, 17, 27]},
			"faces": {
				"north": {"uv": [8, 4.375, 8.25, 6.75], "texture": "#0"},
				"east": {"uv": [8.25, 4.375, 8.5, 6.75], "texture": "#0"},
				"south": {"uv": [5.5, 12, 5.75, 14.375], "texture": "#0"},
				"west": {"uv": [5.75, 12, 6, 14.375], "texture": "#0"},
				"up": {"uv": [10, 12.375, 9.75, 12.125], "texture": "#0"},
				"down": {"uv": [5.5, 12.25, 5.25, 12.5], "texture": "#0"}
			}
		},
		{
			"from": [-5, -9, -14],
			"to": [-3, 10, -12],
			"rotation": {"angle": 0, "axis": "y", "origin": [3, 17, -6]},
			"faces": {
				"north": {"uv": [6, 12, 6.25, 14.375], "texture": "#0"},
				"east": {"uv": [6.25, 12, 6.5, 14.375], "texture": "#0"},
				"south": {"uv": [6.5, 12, 6.75, 14.375], "texture": "#0"},
				"west": {"uv": [6.75, 12, 7, 14.375], "texture": "#0"},
				"up": {"uv": [10, 12.625, 9.75, 12.375], "texture": "#0"},
				"down": {"uv": [5.5, 12.5, 5.25, 12.75], "texture": "#0"}
			}
		},
		{
			"from": [15, -9, 19],
			"to": [17, 10, 21],
			"rotation": {"angle": 0, "axis": "y", "origin": [23, 17, 27]},
			"faces": {
				"north": {"uv": [10.5, 12, 10.75, 14.375], "texture": "#0"},
				"east": {"uv": [10.75, 12, 11, 14.375], "texture": "#0"},
				"south": {"uv": [11, 12, 11.25, 14.375], "texture": "#0"},
				"west": {"uv": [11.25, 12, 11.5, 14.375], "texture": "#0"},
				"up": {"uv": [13.875, 8.75, 13.625, 8.5], "texture": "#0"},
				"down": {"uv": [13.875, 8.75, 13.625, 9], "texture": "#0"}
			}
		},
		{
			"from": [-3, 4, 19],
			"to": [15, 6, 21],
			"rotation": {"angle": 0, "axis": "y", "origin": [21, 13, 27]},
			"faces": {
				"north": {"uv": [11.5, 12, 13.75, 12.25], "texture": "#0"},
				"east": {"uv": [13.625, 9, 13.875, 9.25], "texture": "#0"},
				"south": {"uv": [7.5, 12.125, 9.75, 12.375], "texture": "#0"},
				"west": {"uv": [13.625, 9.25, 13.875, 9.5], "texture": "#0"},
				"up": {"uv": [5.25, 12.5, 3, 12.25], "texture": "#0"},
				"down": {"uv": [13.75, 12.25, 11.5, 12.5], "texture": "#0"}
			}
		},
		{
			"from": [-3, 4, -14],
			"to": [15, 6, -12],
			"rotation": {"angle": 0, "axis": "y", "origin": [21, 13, -6]},
			"faces": {
				"north": {"uv": [7.5, 12.375, 9.75, 12.625], "texture": "#0"},
				"east": {"uv": [13.625, 9.5, 13.875, 9.75], "texture": "#0"},
				"south": {"uv": [3, 12.5, 5.25, 12.75], "texture": "#0"},
				"west": {"uv": [13.625, 9.75, 13.875, 10], "texture": "#0"},
				"up": {"uv": [13.75, 12.75, 11.5, 12.5], "texture": "#0"},
				"down": {"uv": [14.75, 11.75, 12.5, 12], "texture": "#0"}
			}
		},
		{
			"from": [15, -9, -14],
			"to": [17, 10, -12],
			"rotation": {"angle": 0, "axis": "y", "origin": [23, 17, -6]},
			"faces": {
				"north": {"uv": [7, 12, 7.25, 14.375], "texture": "#0"},
				"east": {"uv": [7.25, 12, 7.5, 14.375], "texture": "#0"},
				"south": {"uv": [10, 12, 10.25, 14.375], "texture": "#0"},
				"west": {"uv": [10.25, 12, 10.5, 14.375], "texture": "#0"},
				"up": {"uv": [2.25, 13.875, 2, 13.625], "texture": "#0"},
				"down": {"uv": [13.875, 8.25, 13.625, 8.5], "texture": "#0"}
			}
		},
		{
			"from": [9, 15, 21],
			"to": [12, 18, 25],
			"rotation": {"angle": 0, "axis": "y", "origin": [19, 23, 29]},
			"faces": {
				"north": {"uv": [13.5, 13.125, 13.875, 13.5], "texture": "#0"},
				"east": {"uv": [13.5, 13.5, 14, 13.875], "texture": "#0"},
				"south": {"uv": [13.625, 7.125, 14, 7.5], "texture": "#0"},
				"west": {"uv": [13.5, 2.625, 14, 3], "texture": "#0"},
				"up": {"uv": [8.875, 13.875, 8.5, 13.375], "texture": "#0"},
				"down": {"uv": [5.5, 13.5, 5.125, 14], "texture": "#0"}
			}
		},
		{
			"from": [9, 12.47762, 24.68087],
			"to": [12, 23.47762, 27.68087],
			"rotation": {"angle": 22.5, "axis": "x", "origin": [19, 20.47762, 32.68087]},
			"faces": {
				"north": {"uv": [9.625, 12.625, 10, 14], "texture": "#0"},
				"east": {"uv": [3, 12.75, 3.375, 14.125], "texture": "#0"},
				"south": {"uv": [3.375, 12.75, 3.75, 14.125], "texture": "#0"},
				"west": {"uv": [3.75, 12.75, 4.125, 14.125], "texture": "#0"},
				"up": {"uv": [14, 7.875, 13.625, 7.5], "texture": "#0"},
				"down": {"uv": [14, 7.875, 13.625, 8.25], "texture": "#0"}
			}
		},
		{
			"from": [8.5, 20.97762, 24.43087],
			"to": [12.5, 25.97762, 28.43087],
			"rotation": {"angle": 22.5, "axis": "x", "origin": [18.5, 20.97762, 32.43087]},
			"faces": {
				"north": {"uv": [13.125, 7.125, 13.625, 7.75], "texture": "#0"},
				"east": {"uv": [13.125, 7.75, 13.625, 8.375], "texture": "#0"},
				"south": {"uv": [13.125, 8.375, 13.625, 9], "texture": "#0"},
				"west": {"uv": [13.125, 9, 13.625, 9.625], "texture": "#0"},
				"up": {"uv": [13.625, 10.125, 13.125, 9.625], "texture": "#0"},
				"down": {"uv": [12, 13.25, 11.5, 13.75], "texture": "#0"}
			}
		}
	],
	"display": {
		"thirdperson_righthand": {
			"scale": [0.3, 0.3, 0.3]
		},
		"thirdperson_lefthand": {
			"scale": [0.3, 0.3, 0.3]
		},
		"firstperson_righthand": {
			"scale": [0.3, 0.3, 0.3]
		},
		"firstperson_lefthand": {
			"scale": [0.3, 0.3, 0.3]
		},
		"ground": {
			"scale": [0.3, 0.3, 0.3]
		},
		"fixed": {
			"rotation": [-90, 0, 0],
			"translation": [0, 4, -13.25],
			"scale": [0.9, 0.9, 0.9]
		}
	}
}