{
	"credit": "Made with Blockbench",
	"texture_size": [128, 128],
	"textures": {
		"0": "outpost/object/iron_chain_door",
		"particle": "outpost/object/iron_chain_door"
	},
	"elements": [
		{
			"from": [15, -16, 0],
			"to": [17, 18, 2],
			"rotation": {"angle": 0, "axis": "y", "origin": [24, -7, 8]},
			"faces": {
				"north": {"uv": [1.5, 3.5, 1.75, 7.75], "texture": "#0"},
				"east": {"uv": [1.5, 3.5, 1.75, 7.75], "texture": "#0"},
				"south": {"uv": [1.5, 3.5, 1.75, 7.75], "texture": "#0"},
				"west": {"uv": [1.5, 3.5, 1.75, 7.75], "texture": "#0"},
				"up": {"uv": [2.75, 2.5, 2.5, 2.25], "texture": "#0"},
				"down": {"uv": [3.5, 3, 3.25, 3.25], "texture": "#0"}
			}
		},
		{
			"from": [26.97918, -0.92031, 0.5],
			"to": [28.97918, 6.07969, 1.5],
			"rotation": {"angle": 45, "axis": "z", "origin": [4.97918, -7.92031, 8.5]},
			"faces": {
				"north": {"uv": [4.625, 2.25, 4.875, 3.125], "texture": "#0"},
				"east": {"uv": [4.25, 4.75, 4.375, 5.625], "texture": "#0"},
				"south": {"uv": [4.625, 2.25, 4.875, 3.125], "texture": "#0"},
				"west": {"uv": [4.875, 2.25, 5, 3.125], "texture": "#0"},
				"up": {"uv": [4.625, 4.375, 4.375, 4.25], "texture": "#0"},
				"down": {"uv": [5.375, 0.25, 5.125, 0.375], "texture": "#0"}
			}
		},
		{
			"from": [-4.46725, 16.14811, 0.5],
			"to": [2.28275, 18.14811, 1.5],
			"rotation": {"angle": -22.5, "axis": "z", "origin": [9.28275, -5.85189, 8.5]},
			"faces": {
				"north": {"uv": [4.625, 3.125, 5.5, 3.375], "texture": "#0"},
				"east": {"uv": [2.625, 2, 2.75, 2.25], "texture": "#0"},
				"south": {"uv": [4.625, 3.125, 5.5, 3.375], "texture": "#0"},
				"west": {"uv": [3.375, 2.75, 3.5, 3], "texture": "#0"},
				"up": {"uv": [5.5, 3.75, 4.625, 3.625], "texture": "#0"},
				"down": {"uv": [5.625, 1.375, 4.75, 1.5], "texture": "#0"}
			}
		},
		{
			"from": [0.01381, 19.58311, 0.5],
			"to": [5.76381, 21.58311, 1.5],
			"rotation": {"angle": 0, "axis": "y", "origin": [12.76381, -2.41689, 8.5]},
			"faces": {
				"north": {"uv": [4.75, 4.75, 5.5, 5], "texture": "#0"},
				"east": {"uv": [4.125, 3.5, 4.25, 3.75], "texture": "#0"},
				"south": {"uv": [4.75, 4.75, 5.5, 5], "texture": "#0"},
				"west": {"uv": [4.625, 5.125, 4.75, 5.375], "texture": "#0"},
				"up": {"uv": [5.5, 4.75, 4.75, 4.625], "texture": "#0"},
				"down": {"uv": [5.75, 2.5, 5, 2.625], "texture": "#0"}
			}
		},
		{
			"from": [0.01381, -15.41689, 0.5],
			"to": [15.76381, -13.41689, 1.5],
			"rotation": {"angle": 0, "axis": "y", "origin": [12.76381, -37.41689, 8.5]},
			"faces": {
				"north": {"uv": [2, 1, 4, 1.25], "texture": "#0"},
				"east": {"uv": [5.125, 0.375, 5.25, 0.625], "texture": "#0"},
				"south": {"uv": [2, 1.25, 4, 1.5], "texture": "#0"},
				"west": {"uv": [5.125, 0.625, 5.25, 0.875], "texture": "#0"},
				"up": {"uv": [6, 3.875, 4, 3.75], "texture": "#0"},
				"down": {"uv": [6, 3.875, 4, 4], "texture": "#0"}
			}
		},
		{
			"from": [0.01381, -9.41689, 0.5],
			"to": [15.76381, -7.41689, 1.5],
			"rotation": {"angle": 0, "axis": "y", "origin": [12.76381, -31.41689, 8.5]},
			"faces": {
				"north": {"uv": [2, 1.5, 4, 1.75], "texture": "#0"},
				"east": {"uv": [5.125, 0.875, 5.25, 1.125], "texture": "#0"},
				"south": {"uv": [2, 1, 4, 1.25], "texture": "#0"},
				"west": {"uv": [5.125, 1.125, 5.25, 1.375], "texture": "#0"},
				"up": {"uv": [6.375, 4.125, 4.375, 4], "texture": "#0"},
				"down": {"uv": [6.375, 4.125, 4.375, 4.25], "texture": "#0"}
			}
		},
		{
			"from": [0.01381, -13.41689, 1],
			"to": [15.76381, -9.41689, 1],
			"rotation": {"angle": 0, "axis": "y", "origin": [12.76381, -35.41689, 9]},
			"faces": {
				"north": {"uv": [2, 0, 4, 0.5], "texture": "#0"},
				"east": {"uv": [0, 0, 0, 0.5], "texture": "#0"},
				"south": {"uv": [2, 0, 3.75, 0.5], "texture": "#0"},
				"west": {"uv": [0, 0, 0, 0.5], "texture": "#0"},
				"up": {"uv": [2, 0, 0, 0], "texture": "#0"},
				"down": {"uv": [2, 0, 0, 0], "texture": "#0"}
			}
		},
		{
			"from": [0.01381, -0.41689, 1],
			"to": [15.76381, 13.58311, 1],
			"rotation": {"angle": 0, "axis": "y", "origin": [12.76381, -12.41689, 9]},
			"faces": {
				"north": {"uv": [0, 0, 2, 1.75], "texture": "#0"},
				"east": {"uv": [0, 0, 0, 1.75], "texture": "#0"},
				"south": {"uv": [0, 0, 1.75, 1.75], "texture": "#0"},
				"west": {"uv": [0, 0, 0, 1.75], "texture": "#0"},
				"up": {"uv": [2, 0, 0, 0], "texture": "#0"},
				"down": {"uv": [2, 0, 0, 0], "texture": "#0"}
			}
		},
		{
			"from": [10, -16, 0],
			"to": [12, 21, 2],
			"rotation": {"angle": 0, "axis": "y", "origin": [19, -8, 8]},
			"faces": {
				"north": {"uv": [0.5, 3.5, 0.75, 8.125], "texture": "#0"},
				"east": {"uv": [0.5, 3.5, 0.75, 8.125], "texture": "#0"},
				"south": {"uv": [0.5, 3.5, 0.75, 8.125], "texture": "#0"},
				"west": {"uv": [0.5, 3.5, 0.75, 8.125], "texture": "#0"},
				"up": {"uv": [2.75, 2.5, 2.5, 2.25], "texture": "#0"},
				"down": {"uv": [4.25, 1.75, 4, 2], "texture": "#0"}
			}
		},
		{
			"from": [5, -16, 0],
			"to": [7, 23, 2],
			"rotation": {"angle": 0, "axis": "y", "origin": [14, -8, 8]},
			"faces": {
				"north": {"uv": [3, 3, 3.25, 7.875], "texture": "#0"},
				"east": {"uv": [3, 3, 3.25, 7.875], "texture": "#0"},
				"south": {"uv": [3, 3, 3.25, 7.875], "texture": "#0"},
				"west": {"uv": [3, 3, 3.25, 7.875], "texture": "#0"},
				"up": {"uv": [2.75, 2.5, 2.5, 2.25], "texture": "#0"},
				"down": {"uv": [5.25, 2.875, 5, 3.125], "texture": "#0"}
			}
		},
		{
			"from": [0, -16, 0],
			"to": [2, 24.75, 2],
			"rotation": {"angle": 0, "axis": "y", "origin": [9, -8, 8]},
			"faces": {
				"north": {"uv": [2, 2, 2.25, 7.125], "texture": "#0"},
				"east": {"uv": [2, 2, 2.25, 7.125], "texture": "#0"},
				"south": {"uv": [2, 2, 2.25, 7.125], "texture": "#0"},
				"west": {"uv": [2, 2, 2.25, 7.125], "texture": "#0"},
				"up": {"uv": [2.75, 2.5, 2.5, 2.25], "texture": "#0"},
				"down": {"uv": [5.375, 5.125, 5.125, 5.375], "texture": "#0"}
			}
		},
		{
			"from": [14.75, 7, -0.5],
			"to": [17.75, 9, 2.5],
			"rotation": {"angle": 0, "axis": "y", "origin": [22.75, 15, 7.5]},
			"faces": {
				"north": {"uv": [2.25, 2, 2.625, 2.25], "texture": "#0"},
				"east": {"uv": [3, 2.75, 3.375, 3], "texture": "#0"},
				"south": {"uv": [3.75, 3.5, 4.125, 3.75], "texture": "#0"},
				"west": {"uv": [4.75, 5, 5.125, 5.25], "texture": "#0"},
				"up": {"uv": [5.125, 0.625, 4.75, 0.25], "texture": "#0"},
				"down": {"uv": [5.125, 0.625, 4.75, 1], "texture": "#0"}
			}
		},
		{
			"from": [14.75, -6, -0.5],
			"to": [17.75, -4, 2.5],
			"rotation": {"angle": 0, "axis": "y", "origin": [22.75, 2, 7.5]},
			"faces": {
				"north": {"uv": [5, 1.5, 5.375, 1.75], "texture": "#0"},
				"east": {"uv": [5, 1.75, 5.375, 2], "texture": "#0"},
				"south": {"uv": [5, 2, 5.375, 2.25], "texture": "#0"},
				"west": {"uv": [5, 2.25, 5.375, 2.5], "texture": "#0"},
				"up": {"uv": [5.125, 1.375, 4.75, 1], "texture": "#0"},
				"down": {"uv": [5.125, 4.25, 4.75, 4.625], "texture": "#0"}
			}
		},
		{
			"from": [-0.5, 24.75, 1],
			"to": [2.5, 30.75, 1],
			"rotation": {"angle": 0, "axis": "y", "origin": [7.5, 32.75, 9]},
			"faces": {
				"north": {"uv": [3.5, 2.75, 3.875, 3.5], "texture": "#0"},
				"east": {"uv": [0, 0, 0, 0.75], "texture": "#0"},
				"south": {"uv": [3.5, 2.75, 3.875, 3.5], "texture": "#0"},
				"west": {"uv": [3.5, 2.75, 3.875, 3.5], "texture": "#0"},
				"up": {"uv": [0.375, 0, 0, 0], "texture": "#0"},
				"down": {"uv": [0.375, 0, 0, 0], "texture": "#0"}
			}
		},
		{
			"from": [6, 23, -0.5],
			"to": [6, 29, 2.5],
			"rotation": {"angle": 0, "axis": "y", "origin": [11, 31, 7.5]},
			"faces": {
				"north": {"uv": [0, 0, 0, 0.75], "texture": "#0"},
				"east": {"uv": [3.5, 2.75, 3.875, 3.5], "texture": "#0"},
				"south": {"uv": [3.5, 2.75, 3.875, 3.5], "texture": "#0"},
				"west": {"uv": [3.5, 2.75, 3.875, 3.5], "texture": "#0"},
				"up": {"uv": [0, 0.375, 0, 0], "texture": "#0"},
				"down": {"uv": [0, 0, 0, 0.375], "texture": "#0"}
			}
		},
		{
			"from": [9.5, 21, 1],
			"to": [12.5, 27, 1],
			"rotation": {"angle": 0, "axis": "y", "origin": [17.5, 29, 9]},
			"faces": {
				"north": {"uv": [3.5, 2.75, 3.875, 3.5], "texture": "#0"},
				"east": {"uv": [0, 0, 0, 0.75], "texture": "#0"},
				"south": {"uv": [3.5, 2.75, 3.875, 3.5], "texture": "#0"},
				"west": {"uv": [3.5, 2.75, 3.875, 3.5], "texture": "#0"},
				"up": {"uv": [0.375, 0, 0, 0], "texture": "#0"},
				"down": {"uv": [0.375, 0, 0, 0], "texture": "#0"}
			}
		},
		{
			"from": [16, 18, -0.5],
			"to": [16, 24, 2.5],
			"rotation": {"angle": 0, "axis": "y", "origin": [21, 26, 7.5]},
			"faces": {
				"north": {"uv": [0, 0, 0, 0.75], "texture": "#0"},
				"east": {"uv": [3.5, 2.75, 3.875, 3.5], "texture": "#0"},
				"south": {"uv": [3.5, 2.75, 3.875, 3.5], "texture": "#0"},
				"west": {"uv": [3.5, 2.75, 3.875, 3.5], "texture": "#0"},
				"up": {"uv": [0, 0.375, 0, 0], "texture": "#0"},
				"down": {"uv": [0, 0, 0, 0.375], "texture": "#0"}
			}
		},
		{
			"from": [14.5, 18, 1],
			"to": [17.5, 24, 1],
			"rotation": {"angle": 0, "axis": "y", "origin": [22.5, 26, 9]},
			"faces": {
				"north": {"uv": [3.5, 2.75, 3.875, 3.5], "texture": "#0"},
				"east": {"uv": [0, 0, 0, 0.75], "texture": "#0"},
				"south": {"uv": [3.5, 2.75, 3.875, 3.5], "texture": "#0"},
				"west": {"uv": [3.5, 2.75, 3.875, 3.5], "texture": "#0"},
				"up": {"uv": [0.375, 0, 0, 0], "texture": "#0"},
				"down": {"uv": [0.375, 0, 0, 0], "texture": "#0"}
			}
		},
		{
			"from": [11, 21, -0.5],
			"to": [11, 27, 2.5],
			"rotation": {"angle": 0, "axis": "y", "origin": [16, 29, 7.5]},
			"faces": {
				"north": {"uv": [0, 0, 0, 0.75], "texture": "#0"},
				"east": {"uv": [3.5, 2.75, 3.875, 3.5], "texture": "#0"},
				"south": {"uv": [3.5, 2.75, 3.875, 3.5], "texture": "#0"},
				"west": {"uv": [3.5, 2.75, 3.875, 3.5], "texture": "#0"},
				"up": {"uv": [0, 0.375, 0, 0], "texture": "#0"},
				"down": {"uv": [0, 0, 0, 0.375], "texture": "#0"}
			}
		},
		{
			"from": [4.5, 23, 1],
			"to": [7.5, 29, 1],
			"rotation": {"angle": 0, "axis": "y", "origin": [12.5, 31, 9]},
			"faces": {
				"north": {"uv": [3.5, 2.75, 3.875, 3.5], "texture": "#0"},
				"east": {"uv": [0, 0, 0, 0.75], "texture": "#0"},
				"south": {"uv": [3.5, 2.75, 3.875, 3.5], "texture": "#0"},
				"west": {"uv": [3.5, 2.75, 3.875, 3.5], "texture": "#0"},
				"up": {"uv": [0.375, 0, 0, 0], "texture": "#0"},
				"down": {"uv": [0.375, 0, 0, 0], "texture": "#0"}
			}
		},
		{
			"from": [1, 24.75, -0.5],
			"to": [1, 30.75, 2.5],
			"rotation": {"angle": 0, "axis": "y", "origin": [6, 32.75, 7.5]},
			"faces": {
				"north": {"uv": [0, 0, 0, 0.75], "texture": "#0"},
				"east": {"uv": [3.5, 2.75, 3.875, 3.5], "texture": "#0"},
				"south": {"uv": [3.5, 2.75, 3.875, 3.5], "texture": "#0"},
				"west": {"uv": [3.5, 2.75, 3.875, 3.5], "texture": "#0"},
				"up": {"uv": [0, 0.375, 0, 0], "texture": "#0"},
				"down": {"uv": [0, 0, 0, 0.375], "texture": "#0"}
			}
		}
	],
	"display": {
		"thirdperson_righthand": {
			"translation": [0, 0, 1.75],
			"scale": [0.2, 0.2, 0.2]
		},
		"thirdperson_lefthand": {
			"translation": [0, 0, 1.75],
			"scale": [0.2, 0.2, 0.2]
		},
		"firstperson_righthand": {
			"translation": [6.5, 0, 0],
			"scale": [0.2, 0.2, 0.2]
		},
		"firstperson_lefthand": {
			"translation": [7, 0, 0],
			"scale": [0.2, 0.2, 0.2]
		},
		"ground": {
			"translation": [0, 4, 0],
			"scale": [0.2, 0.2, 0.2]
		},
		"gui": {
			"rotation": [23, 34, 0],
			"translation": [1, 0, 0],
			"scale": [0.3, 0.3, 0.3]
		},
		"fixed": {
			"rotation": [-90, 0, 0],
			"translation": [-1.5, 12.5, -42.25],
			"scale": [1.8, 1.8, 1.8]
		}
	}
}