{
	"credit": "Made with Blockbench",
	"texture_size": [128, 128],
	"textures": {
		"0": "outpost/object/iron_chain_fence",
		"particle": "outpost/object/iron_chain_fence"
	},
	"elements": [
		{
			"from": [0, -16, -14],
			"to": [2, 11, -12],
			"rotation": {"angle": 0, "axis": "y", "origin": [8, -8, -6]},
			"faces": {
				"north": {"uv": [4.75, 4.75, 5, 8.125], "texture": "#0"},
				"east": {"uv": [4.75, 4.75, 5, 8.125], "texture": "#0"},
				"south": {"uv": [4.75, 4.75, 5, 8.125], "texture": "#0"},
				"west": {"uv": [4.75, 4.75, 5, 8.125], "texture": "#0"},
				"up": {"uv": [5, 4.75, 4.75, 4.5], "texture": "#0"},
				"down": {"uv": [5.25, 4.5, 5, 4.75], "texture": "#0"}
			}
		},
		{
			"from": [0, -16, 16],
			"to": [2, 11, 18],
			"rotation": {"angle": 0, "axis": "y", "origin": [8, -8, 24]},
			"faces": {
				"north": {"uv": [4.75, 4.75, 5, 8.125], "texture": "#0"},
				"east": {"uv": [4.75, 4.75, 5, 8.125], "texture": "#0"},
				"south": {"uv": [4.75, 4.75, 5, 8.125], "texture": "#0"},
				"west": {"uv": [4.75, 4.75, 5, 8.125], "texture": "#0"},
				"up": {"uv": [6, 5.25, 5.75, 5], "texture": "#0"},
				"down": {"uv": [6, 5.25, 5.75, 5.5], "texture": "#0"}
			}
		},
		{
			"from": [1, 11, 15.5],
			"to": [1, 17, 18.5],
			"rotation": {"angle": 0, "axis": "y", "origin": [9, -2, 23.5]},
			"faces": {
				"north": {"uv": [0, 0, 0, 0.75], "texture": "#0"},
				"east": {"uv": [5.125, 1.75, 5.5, 2.5], "texture": "#0"},
				"south": {"uv": [0, 0, 0, 0.75], "texture": "#0"},
				"west": {"uv": [5.125, 1.75, 5.5, 2.5], "texture": "#0"},
				"up": {"uv": [0, 0.375, 0, 0], "texture": "#0"},
				"down": {"uv": [0, 0, 0, 0.375], "texture": "#0"}
			}
		},
		{
			"from": [-0.5, 11, 17],
			"to": [2.5, 17, 17],
			"rotation": {"angle": 0, "axis": "y", "origin": [9.5, -2, 25]},
			"faces": {
				"north": {"uv": [5.125, 1.75, 5.5, 2.5], "texture": "#0"},
				"east": {"uv": [0, 0, 0, 0.75], "texture": "#0"},
				"south": {"uv": [5.125, 1.75, 5.5, 2.5], "texture": "#0"},
				"west": {"uv": [0, 0, 0, 0.75], "texture": "#0"},
				"up": {"uv": [0.375, 0, 0, 0], "texture": "#0"},
				"down": {"uv": [0.375, 0, 0, 0], "texture": "#0"}
			}
		},
		{
			"from": [1, 11, 5.5],
			"to": [1, 17, 8.5],
			"rotation": {"angle": 0, "axis": "y", "origin": [9, -2, 13.5]},
			"faces": {
				"north": {"uv": [0, 0, 0, 0.75], "texture": "#0"},
				"east": {"uv": [5.125, 1.75, 5.5, 2.5], "texture": "#0"},
				"south": {"uv": [0, 0, 0, 0.75], "texture": "#0"},
				"west": {"uv": [5.125, 1.75, 5.5, 2.5], "texture": "#0"},
				"up": {"uv": [0, 0.375, 0, 0], "texture": "#0"},
				"down": {"uv": [0, 0, 0, 0.375], "texture": "#0"}
			}
		},
		{
			"from": [-0.5, 11, -3],
			"to": [2.5, 17, -3],
			"rotation": {"angle": 0, "axis": "y", "origin": [9.5, -2, 5]},
			"faces": {
				"north": {"uv": [5.125, 1.75, 5.5, 2.5], "texture": "#0"},
				"east": {"uv": [0, 0, 0, 0.75], "texture": "#0"},
				"south": {"uv": [5.125, 1.75, 5.5, 2.5], "texture": "#0"},
				"west": {"uv": [0, 0, 0, 0.75], "texture": "#0"},
				"up": {"uv": [0.375, 0, 0, 0], "texture": "#0"},
				"down": {"uv": [0.375, 0, 0, 0], "texture": "#0"}
			}
		},
		{
			"from": [1, 11, -14.5],
			"to": [1, 17, -11.5],
			"rotation": {"angle": 0, "axis": "y", "origin": [9, -2, -6.5]},
			"faces": {
				"north": {"uv": [0, 0, 0, 0.75], "texture": "#0"},
				"east": {"uv": [5.125, 1.75, 5.5, 2.5], "texture": "#0"},
				"south": {"uv": [0, 0, 0, 0.75], "texture": "#0"},
				"west": {"uv": [5.125, 1.75, 5.5, 2.5], "texture": "#0"},
				"up": {"uv": [0, 0.375, 0, 0], "texture": "#0"},
				"down": {"uv": [0, 0, 0, 0.375], "texture": "#0"}
			}
		},
		{
			"from": [-0.5, 11, -13],
			"to": [2.5, 17, -13],
			"rotation": {"angle": 0, "axis": "y", "origin": [9.5, -2, -5]},
			"faces": {
				"north": {"uv": [5.125, 1.75, 5.5, 2.5], "texture": "#0"},
				"east": {"uv": [0, 0, 0, 0.75], "texture": "#0"},
				"south": {"uv": [5.125, 1.75, 5.5, 2.5], "texture": "#0"},
				"west": {"uv": [0, 0, 0, 0.75], "texture": "#0"},
				"up": {"uv": [0.375, 0, 0, 0], "texture": "#0"},
				"down": {"uv": [0.375, 0, 0, 0], "texture": "#0"}
			}
		},
		{
			"from": [1, 11, -4.5],
			"to": [1, 17, -1.5],
			"rotation": {"angle": 0, "axis": "y", "origin": [9, -2, 3.5]},
			"faces": {
				"north": {"uv": [0, 0, 0, 0.75], "texture": "#0"},
				"east": {"uv": [5.125, 1.75, 5.5, 2.5], "texture": "#0"},
				"south": {"uv": [0, 0, 0, 0.75], "texture": "#0"},
				"west": {"uv": [5.125, 1.75, 5.5, 2.5], "texture": "#0"},
				"up": {"uv": [0, 0.375, 0, 0], "texture": "#0"},
				"down": {"uv": [0, 0, 0, 0.375], "texture": "#0"}
			}
		},
		{
			"from": [-0.5, 11, 7],
			"to": [2.5, 17, 7],
			"rotation": {"angle": 0, "axis": "y", "origin": [9.5, -2, 15]},
			"faces": {
				"north": {"uv": [5.125, 1.75, 5.5, 2.5], "texture": "#0"},
				"east": {"uv": [0, 0, 0, 0.75], "texture": "#0"},
				"south": {"uv": [5.125, 1.75, 5.5, 2.5], "texture": "#0"},
				"west": {"uv": [0, 0, 0, 0.75], "texture": "#0"},
				"up": {"uv": [0.375, 0, 0, 0], "texture": "#0"},
				"down": {"uv": [0.375, 0, 0, 0], "texture": "#0"}
			}
		},
		{
			"from": [0, -16, 6],
			"to": [2, 11, 8],
			"rotation": {"angle": 0, "axis": "y", "origin": [8, -8, 14]},
			"faces": {
				"north": {"uv": [4.75, 4.75, 5, 8.125], "texture": "#0"},
				"east": {"uv": [4.75, 4.75, 5, 8.125], "texture": "#0"},
				"south": {"uv": [4.75, 4.75, 5, 8.125], "texture": "#0"},
				"west": {"uv": [4.75, 4.75, 5, 8.125], "texture": "#0"},
				"up": {"uv": [6, 4.75, 5.75, 4.5], "texture": "#0"},
				"down": {"uv": [6, 4.75, 5.75, 5], "texture": "#0"}
			}
		},
		{
			"from": [0, -16, -4],
			"to": [2, 11, -2],
			"rotation": {"angle": 0, "axis": "y", "origin": [8, -8, 4]},
			"faces": {
				"north": {"uv": [4.75, 4.75, 5, 8.125], "texture": "#0"},
				"east": {"uv": [4.75, 4.75, 5, 8.125], "texture": "#0"},
				"south": {"uv": [4.75, 4.75, 5, 8.125], "texture": "#0"},
				"west": {"uv": [4.75, 4.75, 5, 8.125], "texture": "#0"},
				"up": {"uv": [5.25, 5, 5, 4.75], "texture": "#0"},
				"down": {"uv": [6, 5.75, 5.75, 6], "texture": "#0"}
			}
		},
		{
			"from": [-0.5, 9, -16],
			"to": [2.5, 10, 20],
			"rotation": {"angle": 0, "axis": "y", "origin": [7.5, 17, -6]},
			"faces": {
				"north": {"uv": [5.75, 5.5, 6.125, 5.625], "texture": "#0"},
				"east": {"uv": [4.75, 0.125, 9.25, 0.25], "texture": "#0"},
				"south": {"uv": [5.75, 5.625, 6.125, 5.75], "texture": "#0"},
				"west": {"uv": [4.75, 0.125, 9.25, 0.25], "texture": "#0"},
				"up": {"uv": [1.875, 8.375, 1.5, 3.875], "texture": "#0"},
				"down": {"uv": [0.75, 3.875, 0.375, 8.375], "texture": "#0"}
			}
		},
		{
			"from": [-0.5, 1, -16],
			"to": [2.5, 2, 20],
			"rotation": {"angle": 0, "axis": "y", "origin": [7.5, 9, -6]},
			"faces": {
				"north": {"uv": [5.75, 5.5, 6.125, 5.625], "texture": "#0"},
				"east": {"uv": [4.75, 0.125, 9.25, 0.25], "texture": "#0"},
				"south": {"uv": [5.75, 5.625, 6.125, 5.75], "texture": "#0"},
				"west": {"uv": [4.75, 0.125, 9.25, 0.25], "texture": "#0"},
				"up": {"uv": [1.875, 8.375, 1.5, 3.875], "texture": "#0"},
				"down": {"uv": [1.5, 3.875, 1.125, 8.375], "texture": "#0"}
			}
		},
		{
			"from": [-0.5, -10, -16],
			"to": [2.5, -9, 20],
			"rotation": {"angle": 0, "axis": "y", "origin": [7.5, -2, -6]},
			"faces": {
				"north": {"uv": [5.75, 5.5, 6.125, 5.625], "texture": "#0"},
				"east": {"uv": [4.75, 0.125, 9.25, 0.25], "texture": "#0"},
				"south": {"uv": [5.75, 5.625, 6.125, 5.75], "texture": "#0"},
				"west": {"uv": [4.75, 0.125, 9.25, 0.25], "texture": "#0"},
				"up": {"uv": [1.875, 8.375, 1.5, 3.875], "texture": "#0"},
				"down": {"uv": [2.25, 3.875, 1.875, 8.375], "texture": "#0"}
			}
		},
		{
			"from": [1, -4, -12],
			"to": [1, 9, 16],
			"rotation": {"angle": 0, "axis": "y", "origin": [9, 16, -4]},
			"faces": {
				"north": {"uv": [0, 0, 0, 1.625], "texture": "#0"},
				"east": {"uv": [0, 1.625, 3.5, 3.25], "texture": "#0"},
				"south": {"uv": [0, 0, 0, 1.625], "texture": "#0"},
				"west": {"uv": [0, 1.625, 3.5, 3.25], "texture": "#0"},
				"up": {"uv": [0, 3.5, 0, 0], "texture": "#0"},
				"down": {"uv": [0, 0, 0, 3.5], "texture": "#0"}
			}
		},
		{
			"from": [1, -14.4, -12],
			"to": [1, -9.4, 16],
			"rotation": {"angle": 0, "axis": "y", "origin": [9, -0.4, -4]},
			"faces": {
				"north": {"uv": [0, 0, 0, 0.625], "texture": "#0"},
				"east": {"uv": [3.5, 3.5, 7, 4.125], "texture": "#0"},
				"south": {"uv": [0, 0, 0, 0.625], "texture": "#0"},
				"west": {"uv": [3.5, 3.5, 7, 4.125], "texture": "#0"},
				"up": {"uv": [0, 3.5, 0, 0], "texture": "#0"},
				"down": {"uv": [0, 0, 0, 3.5], "texture": "#0"}
			}
		}
	],
	"display": {
		"thirdperson_righthand": {
			"scale": [0.2, 0.2, 0.2]
		},
		"thirdperson_lefthand": {
			"scale": [0.2, 0.2, 0.2]
		},
		"firstperson_righthand": {
			"translation": [4.5, 4, 0],
			"scale": [0.2, 0.2, 0.2]
		},
		"firstperson_lefthand": {
			"translation": [3, 3.25, 0],
			"scale": [0.2, 0.2, 0.2]
		},
		"ground": {
			"translation": [0, 5.75, 0],
			"scale": [0.2, 0.2, 0.2]
		},
		"fixed": {
			"rotation": [-90, 0, 0],
			"translation": [7.25, 6, -24]
		}
	}
}