{
	"credit": "Made with Blockbench",
	"texture_size": [64, 64],
	"textures": {
		"1": "outpost/object/metting"
	},
	"elements": [
		{
			"from": [-16, -16, 8],
			"to": [32, 16, 8],
			"rotation": {"angle": 0, "axis": "y", "origin": [0, 0, 7.75]},
			"faces": {
				"north": {"uv": [0, 0, 12, 8], "texture": "#1"},
				"east": {"uv": [0, 0, 0, 16], "texture": "#1"},
				"south": {"uv": [0, 0, 12, 8], "texture": "#1"},
				"west": {"uv": [0, 0, 0, 16], "texture": "#1"},
				"up": {"uv": [0, 0, 16, 0], "texture": "#1"},
				"down": {"uv": [0, 0, 16, 0], "texture": "#1"}
			}
		}
	],
	"display": {
		"thirdperson_righthand": {
			"rotation": [75, 45, 0],
			"translation": [2.5, 2.5, 0],
			"scale": [0.375, 0.375, 0.375]
		},
		"thirdperson_lefthand": {
			"rotation": [75, 45, 0],
			"translation": [2.5, 2.5, 0],
			"scale": [0.375, 0.375, 0.375]
		},
		"firstperson_righthand": {
			"rotation": [0, 30, 0],
			"translation": [4.5, 3.25, 0],
			"scale": [0.4, 0.4, 0.4]
		},
		"firstperson_lefthand": {
			"rotation": [-180, -30, -180],
			"translation": [4.5, 3.25, 0],
			"scale": [0.4, 0.4, 0.4]
		},
		"ground": {
			"translation": [0, 3, 0],
			"scale": [0.175, 0.175, 0.175]
		},
		"gui": {
			"translation": [0, 2, 0],
			"scale": [0.3, 0.3, 0.3]
		},
		"head": {
			"rotation": [0, 180, 0],
			"translation": [0, 13, 7]
		},
		"fixed": {
			"translation": [0, 0, 1.95],
			"scale": [2, 2, 2]
		}
	}
}