{
	"credit": "Made with Blockbench",
	"texture_size": [64, 64],
	"textures": {
		"0": "outpost/object/stone_pillar",
		"particle": "outpost/object/stone_pillar"
	},
	"elements": [
		{
			"from": [0, 29, 0],
			"to": [16, 32, 16],
			"rotation": {"angle": 0, "axis": "y", "origin": [8, 37, 8]},
			"faces": {
				"north": {"uv": [7.5, 4, 3.5, 4.75], "texture": "#0"},
				"east": {"uv": [3.5, 4, 7.5, 4.75], "texture": "#0"},
				"south": {"uv": [7.5, 4, 3.5, 4.75], "texture": "#0"},
				"west": {"uv": [3.5, 4, 7.5, 4.75], "texture": "#0"},
				"up": {"uv": [3.5, 0, 7.5, 4], "texture": "#0"},
				"down": {"uv": [3.5, 4, 7.5, 0], "texture": "#0"}
			}
		},
		{
			"from": [0, 21, 0],
			"to": [16, 24, 16],
			"rotation": {"angle": 0, "axis": "y", "origin": [8, 37, 8]},
			"faces": {
				"north": {"uv": [7.5, 4, 3.5, 4.75], "texture": "#0"},
				"east": {"uv": [3.5, 4, 7.5, 4.75], "texture": "#0"},
				"south": {"uv": [7.5, 4, 3.5, 4.75], "texture": "#0"},
				"west": {"uv": [3.5, 4, 7.5, 4.75], "texture": "#0"},
				"up": {"uv": [3.5, 0, 7.5, 4], "texture": "#0"},
				"down": {"uv": [3.5, 4, 7.5, 0], "texture": "#0"}
			}
		},
		{
			"from": [0, -8, 0],
			"to": [16, -5, 16],
			"rotation": {"angle": 0, "axis": "y", "origin": [8, -21, 8]},
			"faces": {
				"north": {"uv": [7.5, 4.75, 3.5, 4], "texture": "#0"},
				"east": {"uv": [3.5, 4.75, 7.5, 4], "texture": "#0"},
				"south": {"uv": [7.5, 4.75, 3.5, 4], "texture": "#0"},
				"west": {"uv": [3.5, 4.75, 7.5, 4], "texture": "#0"},
				"up": {"uv": [3.5, 0, 7.5, 4], "texture": "#0"},
				"down": {"uv": [3.5, 4, 7.5, 0], "texture": "#0"}
			}
		},
		{
			"from": [0, -16, 0],
			"to": [16, -13, 16],
			"rotation": {"angle": 0, "axis": "y", "origin": [8, -21, 8]},
			"faces": {
				"north": {"uv": [7.5, 4.75, 3.5, 4], "texture": "#0"},
				"east": {"uv": [3.5, 4.75, 7.5, 4], "texture": "#0"},
				"south": {"uv": [7.5, 4.75, 3.5, 4], "texture": "#0"},
				"west": {"uv": [3.5, 4.75, 7.5, 4], "texture": "#0"},
				"up": {"uv": [3.5, 0, 7.5, 4], "texture": "#0"},
				"down": {"uv": [3.5, 4, 7.5, 0], "texture": "#0"}
			}
		},
		{
			"from": [1, -13, 1],
			"to": [15, 29, 15],
			"rotation": {"angle": 0, "axis": "y", "origin": [8, 3, 8]},
			"faces": {
				"north": {"uv": [0, 0, 3.5, 10.5], "texture": "#0"},
				"east": {"uv": [0, 0, 3.5, 10.5], "texture": "#0"},
				"south": {"uv": [0, 0, 3.5, 10.5], "texture": "#0"},
				"west": {"uv": [0, 0, 3.5, 10.5], "texture": "#0"},
				"up": {"uv": [4.5, 2.75, 3.625, 1.875], "texture": "#0"},
				"down": {"uv": [4.5, 2.75, 3.625, 3.625], "texture": "#0"}
			}
		}
	],
	"display": {
		"thirdperson_righthand": {
			"scale": [0.3, 0.3, 0.3]
		},
		"thirdperson_lefthand": {
			"scale": [0.3, 0.3, 0.3]
		},
		"firstperson_righthand": {
			"scale": [0.3, 0.3, 0.3]
		},
		"firstperson_lefthand": {
			"translation": [2.25, 0, 0],
			"scale": [0.3, 0.3, 0.3]
		},
		"ground": {
			"translation": [0, 3, 0],
			"scale": [0.3, 0.3, 0.3]
		},
		"gui": {
			"rotation": [15, -64, 0],
			"scale": [0.3, 0.3, 0.3]
		},
		"fixed": {
			"rotation": [90, 0, 0],
			"translation": [0, 0, -46.75],
			"scale": [2, 2, 2]
		}
	}
}