{
	"credit": "Made with Blockbench",
	"texture_size": [128, 128],
	"textures": {
		"0": "outpost/object/stone_pillar",
		"particle": "outpost/object/stone_pillar"
	},
	"elements": [
		{
			"from": [0, -16, 0],
			"to": [16, -13, 16],
			"rotation": {"angle": 0, "axis": "y", "origin": [8, -8, 8]},
			"faces": {
				"north": {"uv": [1.75, 8.75, 3.75, 9.125], "texture": "#0"},
				"east": {"uv": [9, 1.75, 11, 2.125], "texture": "#0"},
				"south": {"uv": [9, 2.125, 11, 2.5], "texture": "#0"},
				"west": {"uv": [9, 2.5, 11, 2.875], "texture": "#0"},
				"up": {"uv": [5.5, 2, 3.5, 0], "texture": "#0"},
				"down": {"uv": [7.25, 5.25, 5.25, 7.25], "texture": "#0"}
			}
		},
		{
			"from": [1, 24, 1],
			"to": [15, 29, 15],
			"rotation": {"angle": 0, "axis": "y", "origin": [8, 32, 8]},
			"faces": {
				"north": {"uv": [1.75, 5, 3.5, 5.625], "texture": "#0"},
				"east": {"uv": [1.75, 5, 3.5, 5.625], "texture": "#0"},
				"south": {"uv": [1.75, 5, 3.5, 5.625], "texture": "#0"},
				"west": {"uv": [1.75, 5, 3.5, 5.625], "texture": "#0"},
				"up": {"uv": [9.25, 1.75, 7.5, 0], "texture": "#0"},
				"down": {"uv": [9.75, 8, 8, 9.75], "texture": "#0"}
			}
		},
		{
			"from": [0, 29, 0],
			"to": [16, 32, 16],
			"rotation": {"angle": 0, "axis": "y", "origin": [8, 37, 8]},
			"faces": {
				"north": {"uv": [1.75, 8.75, 3.75, 9.125], "texture": "#0"},
				"east": {"uv": [9, 1.75, 11, 2.125], "texture": "#0"},
				"south": {"uv": [9, 2.125, 11, 2.5], "texture": "#0"},
				"west": {"uv": [9, 2.5, 11, 2.875], "texture": "#0"},
				"up": {"uv": [6, 9.25, 4, 7.25], "texture": "#0"},
				"down": {"uv": [8, 7.25, 6, 9.25], "texture": "#0"}
			}
		},
		{
			"from": [0, 21, 0],
			"to": [16, 24, 16],
			"rotation": {"angle": 0, "axis": "y", "origin": [8, 29, 8]},
			"faces": {
				"north": {"uv": [1.75, 8.75, 3.75, 9.125], "texture": "#0"},
				"east": {"uv": [9, 1.75, 11, 2.125], "texture": "#0"},
				"south": {"uv": [9, 2.125, 11, 2.5], "texture": "#0"},
				"west": {"uv": [9, 2.5, 11, 2.875], "texture": "#0"},
				"up": {"uv": [5.5, 2, 3.5, 0], "texture": "#0"},
				"down": {"uv": [4, 6.75, 2, 8.75], "texture": "#0"}
			}
		},
		{
			"from": [0, -8, 0],
			"to": [16, -5, 16],
			"rotation": {"angle": 0, "axis": "y", "origin": [8, 0, 8]},
			"faces": {
				"north": {"uv": [1.75, 8.75, 3.75, 9.125], "texture": "#0"},
				"east": {"uv": [9, 1.75, 11, 2.125], "texture": "#0"},
				"south": {"uv": [9, 2.125, 11, 2.5], "texture": "#0"},
				"west": {"uv": [9, 2.5, 11, 2.875], "texture": "#0"},
				"up": {"uv": [5.5, 2, 3.5, 0], "texture": "#0"},
				"down": {"uv": [7.5, 0, 5.5, 2], "texture": "#0"}
			}
		},
		{
			"from": [1, -13, 1],
			"to": [15, -8, 15],
			"rotation": {"angle": 0, "axis": "y", "origin": [8, -5, 8]},
			"faces": {
				"north": {"uv": [1.75, 5, 3.5, 5.625], "texture": "#0"},
				"east": {"uv": [1.75, 5, 3.5, 5.625], "texture": "#0"},
				"south": {"uv": [1.75, 5, 3.5, 5.625], "texture": "#0"},
				"west": {"uv": [1.75, 5, 3.5, 5.625], "texture": "#0"},
				"up": {"uv": [3.5, 1.75, 1.75, 0], "texture": "#0"},
				"down": {"uv": [9, 2, 7.25, 3.75], "texture": "#0"}
			}
		},
		{
			"from": [1, -5, 1],
			"to": [15, 21, 15],
			"rotation": {"angle": 0, "axis": "y", "origin": [8, 3, 8]},
			"faces": {
				"north": {"uv": [0, 0, 1.75, 3.25], "texture": "#0"},
				"east": {"uv": [1.75, 1.75, 3.5, 5], "texture": "#0"},
				"south": {"uv": [0, 3.25, 1.75, 6.5], "texture": "#0"},
				"west": {"uv": [3.5, 3.5, 5.25, 6.75], "texture": "#0"},
				"up": {"uv": [9, 5.5, 7.25, 3.75], "texture": "#0"},
				"down": {"uv": [9, 5.5, 7.25, 7.25], "texture": "#0"}
			}
		}
	],
	"display": {
		"thirdperson_righthand": {
			"scale": [0.3, 0.3, 0.3]
		},
		"thirdperson_lefthand": {
			"scale": [0.3, 0.3, 0.3]
		},
		"firstperson_righthand": {
			"scale": [0.3, 0.3, 0.3]
		},
		"firstperson_lefthand": {
			"translation": [2.25, 0, 0],
			"scale": [0.3, 0.3, 0.3]
		},
		"ground": {
			"translation": [0, 3, 0],
			"scale": [0.3, 0.3, 0.3]
		},
		"gui": {
			"rotation": [15, -64, 0],
			"scale": [0.3, 0.3, 0.3]
		},
		"fixed": {
			"rotation": [90, 0, 0],
			"translation": [0, 0, -46.75],
			"scale": [2, 2, 2]
		}
	}
}