{
	"credit": "Made by Forest#3391",
	"texture_size": [64, 64],
	"textures": {
		"0": "outpost/object/trophy_deer",
		"particle": "outpost/object/trophy_deer"
	},
	"elements": [
		{
			"from": [5, 8.14979, -3.51553],
			"to": [11, 20.14979, 2.48447],
			"rotation": {"angle": -45, "axis": "x", "origin": [8, 15.14979, -0.51553]},
			"faces": {
				"north": {"uv": [7, 0, 5.5, 3], "texture": "#0"},
				"east": {"uv": [5.5, 0, 4, 3], "texture": "#0"},
				"south": {"uv": [8.5, 0, 7, 3], "texture": "#0"},
				"west": {"uv": [4, 0, 5.5, 3], "texture": "#0"},
				"up": {"uv": [4, 4.5, 5.5, 3], "texture": "#0"},
				"down": {"uv": [4, 4.5, 5.5, 3], "texture": "#0"}
			}
		},
		{
			"from": [4.4531, 16.55939, -8.91943],
			"to": [11.4531, 23.55939, -1.91943],
			"rotation": {"angle": 0, "axis": "x", "origin": [7.9531, 20.80939, -6.16943]},
			"faces": {
				"north": {"uv": [10.25, 0, 8.5, 1.75], "texture": "#0"},
				"east": {"uv": [4, 6.25, 5.75, 4.5], "rotation": 270, "texture": "#0"},
				"south": {"uv": [10.25, 1.75, 8.5, 0], "texture": "#0"},
				"west": {"uv": [4, 4.5, 5.75, 6.25], "rotation": 270, "texture": "#0"},
				"up": {"uv": [5.75, 6.25, 7.5, 4.5], "rotation": 180, "texture": "#0"},
				"down": {"uv": [5.75, 4.5, 7.5, 6.25], "rotation": 180, "texture": "#0"}
			}
		},
		{
			"from": [2.2031, 19.05939, -4.91943],
			"to": [5.2031, 22.05939, -3.91943],
			"rotation": {"angle": -22.5, "axis": "z", "origin": [3.7031, 20.55939, -4.41943]},
			"faces": {
				"north": {"uv": [15.25, 1.5, 16, 2.25], "texture": "#0"},
				"east": {"uv": [15.25, 1.5, 15.5, 2.25], "texture": "#0"},
				"south": {"uv": [15.25, 2.25, 16, 3], "texture": "#0"},
				"west": {"uv": [15.8125, 1.5, 16, 2.25], "texture": "#0"},
				"up": {"uv": [16, 1.5, 15.25, 1.75], "texture": "#0"},
				"down": {"uv": [16, 2, 15.25, 2.25], "texture": "#0"}
			}
		},
		{
			"from": [10.7969, 19.05939, -4.91943],
			"to": [13.7969, 22.05939, -3.91943],
			"rotation": {"angle": 22.5, "axis": "z", "origin": [12.2969, 20.55939, -4.41943]},
			"faces": {
				"north": {"uv": [16, 1.5, 15.25, 2.25], "texture": "#0"},
				"east": {"uv": [16, 1.5, 15.8125, 2.25], "texture": "#0"},
				"south": {"uv": [16, 2.25, 15.25, 3], "texture": "#0"},
				"west": {"uv": [15.5, 1.5, 15.25, 2.25], "texture": "#0"},
				"up": {"uv": [15.25, 1.5, 16, 1.75], "texture": "#0"},
				"down": {"uv": [15.25, 2, 16, 2.25], "texture": "#0"}
			}
		},
		{
			"from": [5.9531, 16.55939, -13.91943],
			"to": [9.9531, 20.55939, -8.91943],
			"rotation": {"angle": 0, "axis": "x", "origin": [7.9531, 20.80939, -6.16943]},
			"faces": {
				"north": {"uv": [8.5, 3.75, 7.5, 4.75], "texture": "#0"},
				"east": {"uv": [7, 3, 5.75, 4], "texture": "#0"},
				"south": {"uv": [1, 0, 0, 1], "rotation": 180, "texture": "#0"},
				"west": {"uv": [5.75, 3, 7, 4], "texture": "#0"},
				"up": {"uv": [7.5, 6, 8.5, 4.75], "rotation": 180, "texture": "#0"},
				"down": {"uv": [8.5, 6, 9.5, 4.75], "texture": "#0"}
			}
		},
		{
			"from": [10.88469, 23.15855, -5.91943],
			"to": [11.88469, 26.58042, -3.91943],
			"rotation": {"angle": -22.5, "axis": "z", "origin": [11.68938, 24.2523, -4.91943]},
			"faces": {
				"north": {"uv": [0.25, 6, 0, 6.75], "texture": "#0"},
				"east": {"uv": [0.5, 6, 0, 6.75], "texture": "#0"},
				"south": {"uv": [0.5, 6, 0.25, 6.75], "texture": "#0"},
				"west": {"uv": [0, 6, 0.5, 6.75], "texture": "#0"},
				"up": {"uv": [0, 6, 0.5, 6.25], "rotation": 90, "texture": "#0"},
				"down": {"uv": [0, 6.5, 0.5, 6.75], "rotation": 90, "texture": "#0"}
			}
		},
		{
			"from": [11.67544, 26.32139, -6.91943],
			"to": [15.67544, 28.32139, 1.08057],
			"rotation": {"angle": 0, "axis": "z", "origin": [11.67544, 26.32239, -4.91943]},
			"faces": {
				"north": {"uv": [1.5, 6.5, 0.5, 6], "rotation": 180, "texture": "#0"},
				"east": {"uv": [3.5, 6, 1.5, 6.5], "rotation": 180, "texture": "#0"},
				"south": {"uv": [1.5, 6.5, 0.5, 6], "rotation": 180, "texture": "#0"},
				"west": {"uv": [3.5, 6.5, 1.5, 7], "rotation": 180, "texture": "#0"},
				"up": {"uv": [14.8125, 16, 16, 14], "rotation": 180, "texture": "#0"},
				"down": {"uv": [0.5, 8.5, 1.5, 6.5], "texture": "#0"}
			}
		},
		{
			"from": [4.11531, 23.15855, -5.91943],
			"to": [5.11531, 26.58042, -3.91943],
			"rotation": {"angle": 22.5, "axis": "z", "origin": [4.31062, 24.2523, -4.91943]},
			"faces": {
				"north": {"uv": [0, 6, 0.25, 6.75], "texture": "#0"},
				"east": {"uv": [0.5, 6, 0, 6.75], "texture": "#0"},
				"south": {"uv": [0.25, 6, 0.5, 6.75], "texture": "#0"},
				"west": {"uv": [0, 6, 0.5, 6.75], "texture": "#0"},
				"up": {"uv": [0, 6.25, 0.5, 6], "rotation": 90, "texture": "#0"},
				"down": {"uv": [0, 6.75, 0.5, 6.5], "rotation": 90, "texture": "#0"}
			}
		},
		{
			"from": [0.32456, 26.32139, -6.91943],
			"to": [4.32456, 28.32139, 1.08057],
			"rotation": {"angle": 0, "axis": "z", "origin": [4.32456, 26.32239, -4.91943]},
			"faces": {
				"north": {"uv": [0.5, 6.5, 1.5, 6], "rotation": 180, "texture": "#0"},
				"east": {"uv": [1.5, 6.5, 3.5, 7], "rotation": 180, "texture": "#0"},
				"south": {"uv": [0.5, 6.5, 1.5, 6], "rotation": 180, "texture": "#0"},
				"west": {"uv": [1.5, 6, 3.5, 6.5], "rotation": 180, "texture": "#0"},
				"up": {"uv": [16, 16, 14.8125, 14], "rotation": 180, "texture": "#0"},
				"down": {"uv": [1.5, 8.5, 0.5, 6.5], "texture": "#0"}
			}
		},
		{
			"from": [0, 0, 7.5],
			"to": [16, 24, 9.5],
			"rotation": {"angle": 0, "axis": "y", "origin": [0, 0, 8.5]},
			"faces": {
				"north": {"uv": [0, 0, 4, 6], "texture": "#0"},
				"east": {"uv": [0.5, 0, 0, 6], "texture": "#0"},
				"south": {"uv": [4, 0, 0, 6], "texture": "#0"},
				"west": {"uv": [4, 0, 3.5, 6], "texture": "#0"},
				"up": {"uv": [4, 0.25, 0, 0], "texture": "#0"},
				"down": {"uv": [0, 6, 4, 5.75], "texture": "#0"}
			}
		},
		{
			"from": [4, 5.57872, 1.5],
			"to": [12, 17.57872, 7.5],
			"rotation": {"angle": 0, "axis": "x", "origin": [8, 11.07872, 8.3129]},
			"faces": {
				"north": {"uv": [13.75, 0, 11.75, 3], "texture": "#0"},
				"east": {"uv": [11.75, 3, 10.25, 0], "rotation": 180, "texture": "#0"},
				"south": {"uv": [11.75, 0, 13.75, 3], "texture": "#0"},
				"west": {"uv": [10.25, 3, 11.75, 0], "rotation": 180, "texture": "#0"},
				"up": {"uv": [13.75, 1.5, 15.75, 0], "rotation": 180, "texture": "#0"},
				"down": {"uv": [13.75, 1.5, 15.75, 0], "rotation": 180, "texture": "#0"}
			}
		},
		{
			"name": "cube inverted",
			"from": [15.67544, 28.32139, 1.08057],
			"to": [11.67544, 26.32139, -6.91943],
			"rotation": {"angle": 0, "axis": "z", "origin": [11.67544, 26.32239, -4.91943]},
			"faces": {
				"north": {"uv": [1.5, 6, 0.5, 6.5], "rotation": 180, "texture": "#0"},
				"east": {"uv": [3.5, 7, 1.5, 6.5], "rotation": 180, "texture": "#0"},
				"south": {"uv": [1.5, 6, 0.5, 6.5], "rotation": 180, "texture": "#0"},
				"west": {"uv": [3.5, 6.5, 1.5, 6], "rotation": 180, "texture": "#0"},
				"up": {"uv": [1.5, 8.5, 0.5, 6.5], "texture": "#0"},
				"down": {"uv": [16, 16, 14.8125, 14], "rotation": 180, "texture": "#0"}
			}
		},
		{
			"name": "cube inverted",
			"from": [4.32456, 28.32139, 1.08057],
			"to": [0.32456, 26.32139, -6.91943],
			"rotation": {"angle": 0, "axis": "z", "origin": [4.32456, 26.32239, -4.91943]},
			"faces": {
				"north": {"uv": [0.5, 6, 1.5, 6.5], "rotation": 180, "texture": "#0"},
				"east": {"uv": [1.5, 6.5, 3.5, 6], "rotation": 180, "texture": "#0"},
				"south": {"uv": [0.5, 6, 1.5, 6.5], "rotation": 180, "texture": "#0"},
				"west": {"uv": [1.5, 7, 3.5, 6.5], "rotation": 180, "texture": "#0"},
				"up": {"uv": [0.5, 8.5, 1.5, 6.5], "texture": "#0"},
				"down": {"uv": [14.8125, 16, 16, 14], "rotation": 180, "texture": "#0"}
			}
		}
	],
	"display": {
		"thirdperson_righthand": {
			"translation": [0, 3, 1],
			"scale": [0.55, 0.55, 0.55]
		},
		"thirdperson_lefthand": {
			"translation": [0, 3, 1],
			"scale": [0.55, 0.55, 0.55]
		},
		"firstperson_righthand": {
			"rotation": [0, 45, 25],
			"translation": [5.88, 3.2, 1.13],
			"scale": [0.68, 0.68, 0.68]
		},
		"firstperson_lefthand": {
			"rotation": [0, 45, 25],
			"translation": [5.88, 3.2, 1.13],
			"scale": [0.68, 0.68, 0.68]
		},
		"ground": {
			"translation": [0, 2, 0],
			"scale": [0.35, 0.35, 0.35]
		},
		"gui": {
			"rotation": [25, 135, 0],
			"translation": [2.25, -2.25, 0],
			"scale": [0.5, 0.5, 0.5]
		},
		"head": {
			"translation": [0, -3.5, -7.75]
		},
		"fixed": {
			"translation": [0, -8, -1],
			"scale": [2, 2, 2]
		}
	}
}