{
	"credit": "Made with Blockbench",
	"texture_size": [64, 64],
	"textures": {
		"1": "outpost/object/weapon_trader"
	},
	"elements": [
		{
			"from": [8, -1, 9.8125],
			"to": [8.25, -0.75, 10.0625],
			"rotation": {"angle": 0, "axis": "y", "origin": [8, -6.5, 9.8125]},
			"faces": {
				"north": {"uv": [0, 0, 0.0625, 0.0625], "texture": "#1"},
				"east": {"uv": [0, 0, 0.0625, 0.0625], "texture": "#1"},
				"south": {"uv": [0, 0, 0.0625, 0.0625], "texture": "#1"},
				"west": {"uv": [0, 0, 0.0625, 0.0625], "texture": "#1"},
				"up": {"uv": [0, 0, 0.0625, 0.0625], "texture": "#1"},
				"down": {"uv": [0, 0, 0.0625, 0.0625], "texture": "#1"}
			}
		},
		{
			"name": "head",
			"from": [5, 26, 6.8125],
			"to": [11, 32, 12.8125],
			"rotation": {"angle": 0, "axis": "y", "origin": [8, 23.5, 9.8125]},
			"faces": {
				"north": {"uv": [0, 7.75, 1.5, 9.25], "texture": "#1"},
				"east": {"uv": [3, 7.75, 1.5, 9.25], "texture": "#1"},
				"south": {"uv": [3, 7.75, 4.5, 9.25], "texture": "#1"},
				"west": {"uv": [1.5, 7.75, 3, 9.25], "texture": "#1"},
				"up": {"uv": [6, 9.25, 4.5, 7.75], "texture": "#1"},
				"down": {"uv": [2, 9.25, 0.5, 10.75], "texture": "#1"}
			}
		},
		{
			"name": "body",
			"from": [2.025, 16, 5.8125],
			"to": [13.975, 26, 13.8125],
			"rotation": {"angle": 0, "axis": "y", "origin": [8.025, 15.5, 9.8125]},
			"faces": {
				"north": {"uv": [0, 0, 3, 2.5], "texture": "#1"},
				"east": {"uv": [5, 0, 3, 2.5], "texture": "#1"},
				"south": {"uv": [5, 0, 8, 2.5], "texture": "#1"},
				"west": {"uv": [3, 0, 5, 2.5], "texture": "#1"},
				"up": {"uv": [6, 7.75, 3, 5.75], "texture": "#1"},
				"down": {"uv": [6, 3.75, 3, 5.75], "texture": "#1"}
			}
		},
		{
			"name": "right_arm_joint",
			"from": [14.00391, 10.5, 7.31641],
			"to": [18.99609, 17.5, 12.30859],
			"rotation": {"angle": 0, "axis": "y", "origin": [16.5, 8.5, 9.8125]},
			"faces": {
				"north": {"uv": [11.5, 0, 9.75, 1.25], "rotation": 270, "texture": "#1"},
				"east": {"uv": [9.75, 0, 11.5, 1.25], "rotation": 90, "texture": "#1"},
				"south": {"uv": [9.75, 0, 11.5, 1.25], "rotation": 90, "texture": "#1"},
				"west": {"uv": [9.75, 0, 11.5, 1.25], "rotation": 90, "texture": "#1"},
				"up": {"uv": [11.5, 1.25, 12.75, 2.5], "rotation": 270, "texture": "#1"},
				"down": {"uv": [11.5, 0, 12.75, 1.25], "rotation": 90, "texture": "#1"}
			}
		},
		{
			"name": "left_leg",
			"from": [3.75, -1, 7.8125],
			"to": [7.75, 11, 11.8125],
			"rotation": {"angle": 0, "axis": "y", "origin": [5.75, -0.5, 9.8125]},
			"faces": {
				"north": {"uv": [6, 3.75, 7, 6.75], "texture": "#1"},
				"east": {"uv": [6, 3.75, 7, 6.75], "texture": "#1"},
				"south": {"uv": [6, 3.75, 7, 6.75], "texture": "#1"},
				"west": {"uv": [6, 3.75, 7, 6.75], "texture": "#1"},
				"up": {"uv": [6, 13, 5, 12], "texture": "#1"},
				"down": {"uv": [7, 12, 6, 13], "texture": "#1"}
			}
		},
		{
			"name": "right_leg",
			"from": [8.25, -1, 7.8125],
			"to": [12.25, 11, 11.8125],
			"rotation": {"angle": 0, "axis": "y", "origin": [10.25, -0.5, 9.8125]},
			"faces": {
				"north": {"uv": [7, 3.75, 6, 6.75], "texture": "#1"},
				"east": {"uv": [6, 3.75, 7, 6.75], "texture": "#1"},
				"south": {"uv": [6, 3.75, 7, 6.75], "texture": "#1"},
				"west": {"uv": [7, 3.75, 6, 6.75], "texture": "#1"},
				"up": {"uv": [8, 4.75, 7, 3.75], "texture": "#1"},
				"down": {"uv": [8, 4.75, 7, 3.75], "texture": "#1"}
			}
		},
		{
			"name": "right_arm",
			"from": [14, 17.5, 7.3125],
			"to": [19, 24.5, 12.3125],
			"rotation": {"angle": 0, "axis": "y", "origin": [16.5, 15.5, 9.8125]},
			"faces": {
				"north": {"uv": [9.75, 0, 8, 1.25], "rotation": 270, "texture": "#1"},
				"east": {"uv": [8, 0, 9.75, 1.25], "rotation": 90, "texture": "#1"},
				"south": {"uv": [8, 0, 9.75, 1.25], "rotation": 90, "texture": "#1"},
				"west": {"uv": [8, 0, 9.75, 1.25], "rotation": 90, "texture": "#1"},
				"up": {"uv": [8, 0, 9.25, 1.25], "rotation": 90, "texture": "#1"},
				"down": {"uv": [11.5, 1.25, 12.75, 2.5], "rotation": 270, "texture": "#1"}
			}
		},
		{
			"name": "body",
			"from": [2, 11, 5.8125],
			"to": [14, 16, 13.8125],
			"rotation": {"angle": 0, "axis": "y", "origin": [8, 8, 9.8125]},
			"faces": {
				"north": {"uv": [0, 2.5, 3, 3.75], "texture": "#1"},
				"east": {"uv": [5, 2.5, 3, 3.75], "texture": "#1"},
				"south": {"uv": [5, 2.5, 8, 3.75], "texture": "#1"},
				"west": {"uv": [3, 2.5, 5, 3.75], "texture": "#1"},
				"up": {"uv": [3, 5.75, 0, 7.75], "texture": "#1"},
				"down": {"uv": [3, 3.75, 0, 5.75], "texture": "#1"}
			}
		},
		{
			"name": "right_arm",
			"from": [-3, 17.5, 7.3125],
			"to": [2, 24.5, 12.3125],
			"rotation": {"angle": 0, "axis": "y", "origin": [-0.5, 15.5, 9.8125]},
			"faces": {
				"north": {"uv": [8, 0, 9.75, 1.25], "rotation": 90, "texture": "#1"},
				"east": {"uv": [9.75, 0, 8, 1.25], "rotation": 270, "texture": "#1"},
				"south": {"uv": [9.75, 0, 8, 1.25], "rotation": 270, "texture": "#1"},
				"west": {"uv": [9.75, 0, 8, 1.25], "rotation": 270, "texture": "#1"},
				"up": {"uv": [8, 0, 9.25, 1.25], "rotation": 270, "texture": "#1"},
				"down": {"uv": [11.5, 1.25, 12.75, 2.5], "rotation": 270, "texture": "#1"}
			}
		},
		{
			"name": "right_arm_joint",
			"from": [-2.99609, 10.5, 7.31641],
			"to": [1.99609, 17.5, 12.30859],
			"rotation": {"angle": 0, "axis": "y", "origin": [-0.5, 8.5, 9.8125]},
			"faces": {
				"north": {"uv": [9.75, 0, 11.5, 1.25], "rotation": 90, "texture": "#1"},
				"east": {"uv": [11.5, 0, 9.75, 1.25], "rotation": 270, "texture": "#1"},
				"south": {"uv": [11.5, 0, 9.75, 1.25], "rotation": 270, "texture": "#1"},
				"west": {"uv": [11.5, 0, 9.75, 1.25], "rotation": 270, "texture": "#1"},
				"up": {"uv": [11.5, 1.25, 12.75, 2.5], "rotation": 270, "texture": "#1"},
				"down": {"uv": [11.5, 0, 12.75, 1.25], "rotation": 270, "texture": "#1"}
			}
		},
		{
			"name": "right_foot",
			"from": [8.25, -4, 5.3125],
			"to": [12.25, -1, 11.8125],
			"rotation": {"angle": 0, "axis": "y", "origin": [10.25, -0.5, 9.8125]},
			"faces": {
				"north": {"uv": [8.625, 6.75, 7.625, 7.5], "texture": "#1"},
				"east": {"uv": [6, 6.75, 7.625, 7.5], "texture": "#1"},
				"south": {"uv": [8.625, 6.75, 7.625, 7.5], "texture": "#1"},
				"west": {"uv": [7.625, 6.75, 6, 7.5], "texture": "#1"},
				"up": {"uv": [8, 6.75, 7, 5.125], "texture": "#1"},
				"down": {"uv": [8, 5.125, 7, 6.75], "texture": "#1"}
			}
		},
		{
			"name": "left_foot",
			"from": [3.75, -4, 5.3125],
			"to": [7.75, -1, 11.8125],
			"rotation": {"angle": 0, "axis": "y", "origin": [5.75, -0.5, 9.8125]},
			"faces": {
				"north": {"uv": [7.625, 6.75, 8.625, 7.5], "texture": "#1"},
				"east": {"uv": [6, 6.75, 7.625, 7.5], "texture": "#1"},
				"south": {"uv": [7.625, 6.75, 8.625, 7.5], "texture": "#1"},
				"west": {"uv": [7.625, 6.75, 6, 7.5], "texture": "#1"},
				"up": {"uv": [7, 6.75, 8, 5.125], "texture": "#1"},
				"down": {"uv": [7, 5.125, 8, 6.75], "texture": "#1"}
			}
		},
		{
			"name": "nose",
			"from": [7, 28, 5.3125],
			"to": [9, 29.5, 6.8125],
			"rotation": {"angle": 0, "axis": "y", "origin": [8, 23.5, 9.8125]},
			"faces": {
				"north": {"uv": [0, 9.25, 0.5, 9.625], "texture": "#1"},
				"east": {"uv": [0.375, 9.25, 0, 9.625], "texture": "#1"},
				"south": {"uv": [0, 9.25, 0.5, 9.625], "texture": "#1"},
				"west": {"uv": [0, 9.25, 0.375, 9.625], "texture": "#1"},
				"up": {"uv": [0, 9.25, 0.5, 9.625], "texture": "#1"},
				"down": {"uv": [0, 9.25, 0.5, 9.625], "texture": "#1"}
			}
		}
	],
	"display": {
		"thirdperson_righthand": {
			"rotation": [75, 45, 0],
			"translation": [0, 2.5, 0],
			"scale": [0.375, 0.375, 0.375]
		},
		"thirdperson_lefthand": {
			"rotation": [75, 45, 0],
			"translation": [0, 2.5, 0],
			"scale": [0.375, 0.375, 0.375]
		},
		"firstperson_righthand": {
			"rotation": [0, 45, 0],
			"translation": [2.25, 0, 0],
			"scale": [0.4, 0.4, 0.4]
		},
		"firstperson_lefthand": {
			"rotation": [0, 45, 0],
			"translation": [2.25, 0, 0],
			"scale": [0.4, 0.4, 0.4]
		},
		"ground": {
			"translation": [0, 3, 0],
			"scale": [0.25, 0.25, 0.25]
		},
		"gui": {
			"rotation": [30, 225, 0],
			"translation": [0, -2.25, 0],
			"scale": [0.4, 0.4, 0.4]
		},
		"head": {
			"translation": [0, 18.25, 0]
		},
		"fixed": {
			"rotation": [-90, 0, 0],
			"translation": [0, 0, -22],
			"scale": [2, 2, 2]
		}
	}
}