{
	"credit": "Made with Blockbench",
	"texture_size": [32, 32],
	"textures": {
		"1": "outpost/object/chair_type1"
	},
	"elements": [
		{
			"from": [-6, 16, -3],
			"to": [22, 20, 0],
			"faces": {
				"north": {"uv": [0, 0, 14, 2], "texture": "#1"},
				"east": {"uv": [6, 7, 7.5, 9], "texture": "#1"},
				"south": {"uv": [0, 2, 14, 4], "texture": "#1"},
				"west": {"uv": [7.5, 7, 9, 9], "texture": "#1"},
				"up": {"uv": [14, 5.5, 0, 4], "texture": "#1"},
				"down": {"uv": [14, 5.5, 0, 7], "texture": "#1"}
			}
		},
		{
			"from": [-6, -4, -3],
			"to": [22, 0, 0],
			"faces": {
				"north": {"uv": [0, 0, 14, 2], "texture": "#1"},
				"east": {"uv": [6, 7, 7.5, 9], "texture": "#1"},
				"south": {"uv": [0, 2, 14, 4], "texture": "#1"},
				"west": {"uv": [7.5, 7, 9, 9], "texture": "#1"},
				"up": {"uv": [14, 5.5, 0, 4], "texture": "#1"},
				"down": {"uv": [14, 5.5, 0, 7], "texture": "#1"}
			}
		},
		{
			"from": [-4, 0, -2],
			"to": [0, 16, 0],
			"faces": {
				"north": {"uv": [0, 7, 2, 15], "texture": "#1"},
				"east": {"uv": [4, 7, 5, 15], "texture": "#1"},
				"south": {"uv": [2, 7, 4, 15], "texture": "#1"},
				"west": {"uv": [5, 7, 6, 15], "texture": "#1"},
				"up": {"uv": [8, 10, 6, 9], "texture": "#1"},
				"down": {"uv": [11, 7, 9, 8], "texture": "#1"}
			}
		},
		{
			"from": [16, 0, -2],
			"to": [20, 16, 0],
			"faces": {
				"north": {"uv": [0, 7, 2, 15], "texture": "#1"},
				"east": {"uv": [4, 7, 5, 15], "texture": "#1"},
				"south": {"uv": [2, 7, 4, 15], "texture": "#1"},
				"west": {"uv": [5, 7, 6, 15], "texture": "#1"},
				"up": {"uv": [8, 10, 6, 9], "texture": "#1"},
				"down": {"uv": [11, 7, 9, 8], "texture": "#1"}
			}
		},
		{
			"from": [-6, -4, 16],
			"to": [22, 0, 19],
			"faces": {
				"north": {"uv": [0, 0, 14, 2], "texture": "#1"},
				"east": {"uv": [6, 7, 7.5, 9], "texture": "#1"},
				"south": {"uv": [0, 2, 14, 4], "texture": "#1"},
				"west": {"uv": [7.5, 7, 9, 9], "texture": "#1"},
				"up": {"uv": [14, 5.5, 0, 4], "texture": "#1"},
				"down": {"uv": [14, 5.5, 0, 7], "texture": "#1"}
			}
		},
		{
			"from": [-4, 0, 16],
			"to": [0, 16, 18],
			"faces": {
				"north": {"uv": [0, 7, 2, 15], "texture": "#1"},
				"east": {"uv": [4, 7, 5, 15], "texture": "#1"},
				"south": {"uv": [2, 7, 4, 15], "texture": "#1"},
				"west": {"uv": [5, 7, 6, 15], "texture": "#1"},
				"up": {"uv": [8, 10, 6, 9], "texture": "#1"},
				"down": {"uv": [11, 7, 9, 8], "texture": "#1"}
			}
		},
		{
			"from": [-6, 16, 16],
			"to": [22, 20, 19],
			"faces": {
				"north": {"uv": [0, 0, 14, 2], "texture": "#1"},
				"east": {"uv": [6, 7, 7.5, 9], "texture": "#1"},
				"south": {"uv": [0, 2, 14, 4], "texture": "#1"},
				"west": {"uv": [7.5, 7, 9, 9], "texture": "#1"},
				"up": {"uv": [14, 5.5, 0, 4], "texture": "#1"},
				"down": {"uv": [14, 5.5, 0, 7], "texture": "#1"}
			}
		},
		{
			"from": [16, 0, 16],
			"to": [20, 16, 18],
			"faces": {
				"north": {"uv": [0, 7, 2, 15], "texture": "#1"},
				"east": {"uv": [4, 7, 5, 15], "texture": "#1"},
				"south": {"uv": [2, 7, 4, 15], "texture": "#1"},
				"west": {"uv": [5, 7, 6, 15], "texture": "#1"},
				"up": {"uv": [8, 10, 6, 9], "texture": "#1"},
				"down": {"uv": [11, 7, 9, 8], "texture": "#1"}
			}
		}
	],
	"display": {
		"thirdperson_righthand": {
			"translation": [0, -2, 4.5],
			"scale": [0.3, 0.3, 0.3]
		},
		"thirdperson_lefthand": {
			"translation": [0, -1.75, 4],
			"scale": [0.3, 0.3, 0.3]
		},
		"firstperson_righthand": {
			"scale": [0.3, 0.3, 0.3]
		},
		"firstperson_lefthand": {
			"scale": [0.3, 0.3, 0.3]
		},
		"ground": {
			"scale": [0.3, 0.3, 0.3]
		},
		"gui": {
			"rotation": [30, -36, 0],
			"scale": [0.4, 0.4, 0.4]
		},
		"head": {
			"scale": [0.7, 0.7, 0.7]
		},
		"fixed": {
			"translation": [0, 0, 18],
			"scale": [2, 2, 2]
		}
	}
}