{
	"credit": "Made with Blockbench",
	"texture_size": [32, 32],
	"textures": {
		"2": "outpost/object/window_frame_type_1",
		"particle": "outpost/object/window_frame_type_1"
	},
	"elements": [
		{
			"from": [-6, 16, -3],
			"to": [22, 20, 0],
			"faces": {
				"north": {"uv": [0, 0, 14, 2], "texture": "#2"},
				"east": {"uv": [15.5, 0, 14, 2], "texture": "#2"},
				"south": {"uv": [14, 0, 0, 2], "texture": "#2"},
				"west": {"uv": [14, 0, 15.5, 2], "texture": "#2"},
				"up": {"uv": [14, 3.5, 0, 2], "texture": "#2"},
				"down": {"uv": [14, 2, 0, 3.5], "texture": "#2"}
			}
		},
		{
			"from": [-6, -4, -3],
			"to": [22, 0, 0],
			"faces": {
				"north": {"uv": [0, 0, 14, 2], "texture": "#2"},
				"east": {"uv": [15.5, 0, 14, 2], "texture": "#2"},
				"south": {"uv": [14, 0, 0, 2], "texture": "#2"},
				"west": {"uv": [14, 0, 15.5, 2], "texture": "#2"},
				"up": {"uv": [14, 3.5, 0, 2], "texture": "#2"},
				"down": {"uv": [14, 2, 0, 3.5], "texture": "#2"}
			}
		},
		{
			"from": [-4, 0, -2],
			"to": [0, 16, 0],
			"faces": {
				"north": {"uv": [0, 5.5, 8, 3.5], "rotation": 90, "texture": "#2"},
				"east": {"uv": [0, 6.5, 8, 5.5], "rotation": 90, "texture": "#2"},
				"south": {"uv": [0, 3.5, 8, 5.5], "rotation": 90, "texture": "#2"},
				"west": {"uv": [0, 5.5, 8, 6.5], "rotation": 90, "texture": "#2"},
				"up": {"uv": [15.5, 0, 16, 0.5], "texture": "#2"},
				"down": {"uv": [15.5, 0, 16, 0.5], "texture": "#2"}
			}
		},
		{
			"from": [16, 0, -2],
			"to": [20, 16, 0],
			"faces": {
				"north": {"uv": [0, 3.5, 8, 5.5], "rotation": 90, "texture": "#2"},
				"east": {"uv": [0, 6.5, 8, 5.5], "rotation": 90, "texture": "#2"},
				"south": {"uv": [0, 5.5, 8, 3.5], "rotation": 90, "texture": "#2"},
				"west": {"uv": [0, 5.5, 8, 6.5], "rotation": 90, "texture": "#2"},
				"up": {"uv": [15.5, 0, 16, 0.5], "texture": "#2"},
				"down": {"uv": [15.5, 0, 16, 0.5], "texture": "#2"}
			}
		},
		{
			"from": [-6, 16, 16],
			"to": [22, 20, 19],
			"rotation": {"angle": 0, "axis": "y", "origin": [0, 0, 16]},
			"faces": {
				"north": {"uv": [0, 0, 14, 2], "texture": "#2"},
				"east": {"uv": [14, 0, 15.5, 2], "texture": "#2"},
				"south": {"uv": [14, 0, 0, 2], "texture": "#2"},
				"west": {"uv": [15.5, 0, 14, 2], "texture": "#2"},
				"up": {"uv": [14, 2, 0, 3.5], "texture": "#2"},
				"down": {"uv": [14, 3.5, 0, 2], "texture": "#2"}
			}
		},
		{
			"from": [-6, -4, 16],
			"to": [22, 0, 19],
			"rotation": {"angle": 0, "axis": "y", "origin": [0, 0, 16]},
			"faces": {
				"north": {"uv": [0, 0, 14, 2], "texture": "#2"},
				"east": {"uv": [14, 0, 15.5, 2], "texture": "#2"},
				"south": {"uv": [14, 0, 0, 2], "texture": "#2"},
				"west": {"uv": [15.5, 0, 14, 2], "texture": "#2"},
				"up": {"uv": [14, 2, 0, 3.5], "texture": "#2"},
				"down": {"uv": [14, 3.5, 0, 2], "texture": "#2"}
			}
		},
		{
			"from": [-4, 0, 16],
			"to": [0, 16, 18],
			"rotation": {"angle": 0, "axis": "y", "origin": [0, 0, 16]},
			"faces": {
				"north": {"uv": [0, 5.5, 8, 3.5], "rotation": 90, "texture": "#2"},
				"east": {"uv": [0, 5.5, 8, 6.5], "rotation": 90, "texture": "#2"},
				"south": {"uv": [0, 3.5, 8, 5.5], "rotation": 90, "texture": "#2"},
				"west": {"uv": [0, 6.5, 8, 5.5], "rotation": 90, "texture": "#2"},
				"up": {"uv": [15.5, 0.5, 16, 0], "texture": "#2"},
				"down": {"uv": [15.5, 0.5, 16, 0], "texture": "#2"}
			}
		},
		{
			"from": [16, 0, 16],
			"to": [20, 16, 18],
			"rotation": {"angle": 0, "axis": "y", "origin": [0, 0, 16]},
			"faces": {
				"north": {"uv": [0, 3.5, 8, 5.5], "rotation": 90, "texture": "#2"},
				"east": {"uv": [0, 5.5, 8, 6.5], "rotation": 90, "texture": "#2"},
				"south": {"uv": [0, 5.5, 8, 3.5], "rotation": 90, "texture": "#2"},
				"west": {"uv": [0, 6.5, 8, 5.5], "rotation": 90, "texture": "#2"},
				"up": {"uv": [15.5, 0.5, 16, 0], "texture": "#2"},
				"down": {"uv": [15.5, 0.5, 16, 0], "texture": "#2"}
			}
		}
	],
	"display": {
		"thirdperson_righthand": {
			"translation": [0, -2, 4.5],
			"scale": [0.3, 0.3, 0.3]
		},
		"thirdperson_lefthand": {
			"translation": [0, -1.75, 4],
			"scale": [0.3, 0.3, 0.3]
		},
		"firstperson_righthand": {
			"scale": [0.3, 0.3, 0.3]
		},
		"firstperson_lefthand": {
			"scale": [0.3, 0.3, 0.3]
		},
		"ground": {
			"scale": [0.3, 0.3, 0.3]
		},
		"gui": {
			"rotation": [30, -36, 0],
			"scale": [0.4, 0.4, 0.4]
		},
		"head": {
			"scale": [0.7, 0.7, 0.7]
		},
		"fixed": {
			"translation": [0, 0, 18],
			"scale": [2, 2, 2]
		}
	}
}