{
	"credit": "Made with Blockbench",
	"textures": {
		"0": "outpost/object/wooden_rum",
		"particle": "outpost/object/wooden_rum"
	},
	"elements": [
		{
			"from": [5.5, 3.5, 4.375],
			"to": [10.5, 11.5, 9.375],
			"rotation": {"angle": 0, "axis": "y", "origin": [8, 8, 8]},
			"faces": {
				"north": {"uv": [0, 0, 5, 8], "texture": "#0"},
				"east": {"uv": [0, 0, 5, 8], "texture": "#0"},
				"south": {"uv": [0, 0, 5, 8], "texture": "#0"},
				"west": {"uv": [0, 0, 5, 8], "texture": "#0"},
				"up": {"uv": [5, 0, 10, 5], "texture": "#0"},
				"down": {"uv": [10, 0, 15, 5], "texture": "#0"}
			}
		},
		{
			"from": [7, 4.5, 9.375],
			"to": [9, 10.5, 11.375],
			"rotation": {"angle": 0, "axis": "y", "origin": [8, 8, 8]},
			"faces": {
				"north": {"uv": [6, 1, 9, 4], "texture": "#0"},
				"east": {"uv": [0, 8, 2, 14], "texture": "#0"},
				"south": {"uv": [4, 10, 2, 16], "texture": "#0"},
				"west": {"uv": [2, 8, 0, 14], "texture": "#0"},
				"up": {"uv": [2, 14, 0, 16], "texture": "#0"},
				"down": {"uv": [2, 16, 0, 14], "texture": "#0"}
			}
		},
		{
			"name": "cube inverted",
			"from": [9, 9.5, 10.375],
			"to": [7, 5.5, 9.375],
			"rotation": {"angle": 0, "axis": "y", "origin": [8, 8, 8]},
			"faces": {
				"north": {"uv": [4, 15, 2, 11], "texture": "#0"},
				"east": {"uv": [6, 4, 9, 1], "texture": "#0"},
				"south": {"uv": [6, 4, 9, 1], "texture": "#0"},
				"west": {"uv": [6, 4, 9, 1], "texture": "#0"},
				"up": {"uv": [0, 16, 2, 14], "texture": "#0"},
				"down": {"uv": [0, 14, 2, 16], "texture": "#0"}
			}
		},
		{
			"name": "cube inverted",
			"from": [9.5, 11.5, 8.375],
			"to": [6.5, 10.5, 5.375],
			"rotation": {"angle": 0, "axis": "y", "origin": [8, 8, 8]},
			"faces": {
				"north": {"uv": [6, 5, 9, 4], "texture": "#0"},
				"east": {"uv": [6, 5, 9, 4], "texture": "#0"},
				"south": {"uv": [6, 5, 9, 4], "texture": "#0"},
				"west": {"uv": [6, 5, 9, 4], "texture": "#0"},
				"up": {"uv": [8, 5, 5, 8], "texture": "#0"},
				"down": {"uv": [9, 1, 6, 4], "texture": "#0"}
			}
		}
	],
	"display": {
		"thirdperson_righthand": {
			"translation": [0, -1.5, -1.5]
		},
		"thirdperson_lefthand": {
			"translation": [0, -1.5, -1.5]
		},
		"firstperson_righthand": {
			"translation": [2.5, 0.5, 0]
		},
		"firstperson_lefthand": {
			"translation": [2.5, 0.5, 0]
		},
		"ground": {
			"translation": [0, 5.25, 0],
			"scale": [0.6, 0.6, 0.6]
		},
		"gui": {
			"rotation": [30, 129, 0],
			"translation": [0.5, 1.25, 0]
		},
		"head": {
			"translation": [0, 10.75, 0]
		},
		"fixed": {
			"rotation": [-90, 0, 0],
			"translation": [0, 2.25, -7],
			"scale": [2, 2, 2]
		}
	}
}