{
	"credit": "Made with Blockbench",
	"texture_size": [32, 32],
	"textures": {
		"0": "outpost/object/wooden_rum",
		"particle": "outpost/object/wooden_rum"
	},
	"elements": [
		{
			"from": [0, 2, 0],
			"to": [5, 9, 5],
			"rotation": {"angle": 0, "axis": "y", "origin": [8, 8, 8]},
			"faces": {
				"north": {"uv": [0, 0, 2.5, 3.5], "texture": "#0"},
				"east": {"uv": [2.5, 2.5, 5, 6], "texture": "#0"},
				"south": {"uv": [0, 3.5, 2.5, 7], "texture": "#0"},
				"west": {"uv": [5, 5, 7.5, 8.5], "texture": "#0"},
				"up": {"uv": [5, 2.5, 2.5, 0], "texture": "#0"},
				"down": {"uv": [7.5, 0, 5, 2.5], "texture": "#0"}
			}
		},
		{
			"from": [0, 9, 0],
			"to": [5, 10, 1],
			"rotation": {"angle": 0, "axis": "y", "origin": [8, 17, 8]},
			"faces": {
				"north": {"uv": [5, 2.5, 7.5, 3], "texture": "#0"},
				"east": {"uv": [1.5, 8.5, 2, 9], "texture": "#0"},
				"south": {"uv": [5, 3, 7.5, 3.5], "texture": "#0"},
				"west": {"uv": [7, 8.5, 7.5, 9], "texture": "#0"},
				"up": {"uv": [7.5, 4, 5, 3.5], "texture": "#0"},
				"down": {"uv": [7.5, 4, 5, 4.5], "texture": "#0"}
			}
		},
		{
			"from": [0, 9, 4],
			"to": [5, 10, 5],
			"rotation": {"angle": 0, "axis": "y", "origin": [8, 17, 12]},
			"faces": {
				"north": {"uv": [5, 4.5, 7.5, 5], "texture": "#0"},
				"east": {"uv": [8, 8.5, 8.5, 9], "texture": "#0"},
				"south": {"uv": [7.5, 7.5, 10, 8], "texture": "#0"},
				"west": {"uv": [8.5, 8.5, 9, 9], "texture": "#0"},
				"up": {"uv": [10, 0.5, 7.5, 0], "texture": "#0"},
				"down": {"uv": [10, 0.5, 7.5, 1], "texture": "#0"}
			}
		},
		{
			"from": [0, 9, 1],
			"to": [1, 10, 4],
			"rotation": {"angle": 0, "axis": "y", "origin": [8, 17, 11]},
			"faces": {
				"north": {"uv": [8.5, 1, 9, 1.5], "texture": "#0"},
				"east": {"uv": [7.5, 3, 9, 3.5], "texture": "#0"},
				"south": {"uv": [8.5, 1.5, 9, 2], "texture": "#0"},
				"west": {"uv": [7.5, 3.5, 9, 4], "texture": "#0"},
				"up": {"uv": [8, 5.5, 7.5, 4], "texture": "#0"},
				"down": {"uv": [8, 5.5, 7.5, 7], "texture": "#0"}
			}
		},
		{
			"from": [4, 9, 1],
			"to": [5, 10, 4],
			"rotation": {"angle": 0, "axis": "y", "origin": [12, 17, 11]},
			"faces": {
				"north": {"uv": [8.5, 2, 9, 2.5], "texture": "#0"},
				"east": {"uv": [7.5, 7, 9, 7.5], "texture": "#0"},
				"south": {"uv": [8.5, 2.5, 9, 3], "texture": "#0"},
				"west": {"uv": [0.5, 8, 2, 8.5], "texture": "#0"},
				"up": {"uv": [2.5, 9.5, 2, 8], "texture": "#0"},
				"down": {"uv": [8, 8, 7.5, 9.5], "texture": "#0"}
			}
		},
		{
			"from": [1.5, 8, 4.25],
			"to": [3.5, 9, 6.25],
			"rotation": {"angle": 0, "axis": "y", "origin": [10.5, 16, 14.25]},
			"faces": {
				"north": {"uv": [8, 8, 9, 8.5], "texture": "#0"},
				"east": {"uv": [8, 4, 9, 4.5], "texture": "#0"},
				"south": {"uv": [8, 4.5, 9, 5], "texture": "#0"},
				"west": {"uv": [8, 5, 9, 5.5], "texture": "#0"},
				"up": {"uv": [1.5, 8, 0.5, 7], "texture": "#0"},
				"down": {"uv": [2.5, 7, 1.5, 8], "texture": "#0"}
			}
		},
		{
			"from": [1.5, 3, 4.25],
			"to": [3.5, 4, 6.25],
			"rotation": {"angle": 0, "axis": "y", "origin": [10.5, 11, 14.25]},
			"faces": {
				"north": {"uv": [8, 5.5, 9, 6], "texture": "#0"},
				"east": {"uv": [8, 6, 9, 6.5], "texture": "#0"},
				"south": {"uv": [8, 6.5, 9, 7], "texture": "#0"},
				"west": {"uv": [0.5, 8.5, 1.5, 9], "texture": "#0"},
				"up": {"uv": [8.5, 2, 7.5, 1], "texture": "#0"},
				"down": {"uv": [8.5, 2, 7.5, 3], "texture": "#0"}
			}
		},
		{
			"from": [1.5, 3, 6.25],
			"to": [3.5, 9, 7.25],
			"rotation": {"angle": 0, "axis": "y", "origin": [10.5, 9, 16.25]},
			"faces": {
				"north": {"uv": [2.5, 6, 3.5, 9], "texture": "#0"},
				"east": {"uv": [4.5, 6, 5, 9], "texture": "#0"},
				"south": {"uv": [3.5, 6, 4.5, 9], "texture": "#0"},
				"west": {"uv": [0, 7, 0.5, 10], "texture": "#0"},
				"up": {"uv": [6, 9, 5, 8.5], "texture": "#0"},
				"down": {"uv": [7, 8.5, 6, 9], "texture": "#0"}
			}
		}
	],
	"display": {
		"thirdperson_righthand": {
			"translation": [5.75, 0, 2.75]
		},
		"thirdperson_lefthand": {
			"translation": [-5.5, 0, 3.25]
		},
		"firstperson_righthand": {
			"translation": [12.75, 0, 0]
		},
		"firstperson_lefthand": {
			"translation": [0.75, 0, 0]
		},
		"ground": {
			"translation": [0, 5.25, 0],
			"scale": [0.6, 0.6, 0.6]
		},
		"gui": {
			"rotation": [30, 129, 0],
			"translation": [0.5, 5.5, 0]
		},
		"head": {
			"translation": [5.25, 12, 4.5]
		},
		"fixed": {
			"rotation": [-90, 0, 0],
			"translation": [10.75, 10.25, -10],
			"scale": [2, 2, 2]
		}
	}
}