{
"hk416_shoot": {"sounds":["gun/hk416/shoot2","gun/hk416/shoot3"]},
"hk416_swap": {"sounds": ["gun/hk416/swap"]},
"hk416_magdraw1": {"sounds": ["gun/hk416/magdraw1"]},
"hk416_magdraw2": {"sounds": ["gun/hk416/magdraw2"]},
"hk416_reload1": {"sounds": ["gun/hk416/reload1"]},
"hk416_reload2": {"sounds": ["gun/hk416/reload2"]},
"hk416_reload3": {"sounds": ["gun/hk416/reload3"]},
"hk416_tactical_reload1": {"sounds": ["gun/hk416/tactical_reload1"]},
"hk416_tactical_reload2": {"sounds": ["gun/hk416/tactical_reload2"]},

"m700_shoot": {"sounds": ["gun/m700/shoot"]},
"m700_bolt1": {"sounds": ["gun/m700/bolt1"]},
"m700_bolt2": {"sounds": ["gun/m700/bolt2"]},
"m700_reload": {"sounds": ["gun/m700/reload"]},

"winchester_shoot": {"sounds": ["gun/winchester_m95/shoot"]},
"winchester_lever1": {"sounds": ["gun/winchester_m95/lever1"]},
"winchester_lever2": {"sounds": ["gun/winchester_m95/lever2"]},
"winchester_reload": {"sounds": ["gun/winchester_m95/reload"]},

"db_shoot": {"sounds": ["gun/double_barrel/shoot"]},
"db_open": {"sounds": ["gun/double_barrel/open"]},
"db_close": {"sounds": ["gun/double_barrel/close"]},
"db_insert": {"sounds": ["gun/double_barrel/insert"]},
"db_shell": {"sounds": ["gun/double_barrel/shell"]},
"db_shelldrop": {"sounds": ["gun/double_barrel/shell_drop"]},

"gun_selector": {"sounds": ["gun/selector"]},
"gun_noammo": {"sounds": ["gun/no_ammo"]},

"milk_cap_twist": {"sounds": ["food/milk/cap_twist"]},
"milk_cap_open": {"sounds": ["food/milk/cap_open"]},
"milk_drink1": {"sounds": ["food/milk/drink1"]},
"milk_drink2": {"sounds": ["food/milk/drink2"]},

"swap_cloth1": {"sounds": ["swap/cloth1"]},
"swap_cloth2": {"sounds": ["swap/cloth2"]}
}
