{
	"credit": "Made with Blockbench",
	"texture_size": [64, 64],
	"textures": {
		"1": "gun/bullet",
		"3": "gun/winchester/texture",
		"7": "gun/winchester/texture1",
		"particle": "gun/winchester/texture2"
	},
	"elements": [
		{
			"from": [7.98227, 7.46489, 9.21238],
			"to": [8.08227, 8.26489, 9.36238],
			"rotation": {"angle": 0, "axis": "y", "origin": [8.03227, 6.86489, 9.01238]},
			"faces": {
				"north": {"uv": [5.5, 7, 5.53125, 7.1875], "texture": "#3"},
				"east": {"uv": [7, 5.5, 7.03125, 5.6875], "texture": "#3"},
				"south": {"uv": [5.75, 7, 5.78125, 7.1875], "texture": "#3"},
				"west": {"uv": [7, 5.75, 7.03125, 5.9375], "texture": "#3"},
				"up": {"uv": [5.28125, 7.53125, 5.25, 7.5], "texture": "#3"},
				"down": {"uv": [7.53125, 5.25, 7.5, 5.28125], "texture": "#3"}
			}
		},
		{
			"from": [7.98227, 7.32404, 9.07501],
			"to": [8.08227, 7.52404, 9.21501],
			"rotation": {"angle": 22.5, "axis": "x", "origin": [8.03227, 7.12404, 9.14001]},
			"faces": {
				"north": {"uv": [3.5, 7.5, 3.53125, 7.5625], "texture": "#3"},
				"east": {"uv": [3.75, 7.5, 3.78125, 7.5625], "texture": "#3"},
				"south": {"uv": [4, 7.5, 4.03125, 7.5625], "texture": "#3"},
				"west": {"uv": [7.5, 4, 7.53125, 4.0625], "texture": "#3"},
				"up": {"uv": [5.53125, 7.53125, 5.5, 7.5], "texture": "#3"},
				"down": {"uv": [7.53125, 5.5, 7.5, 5.53125], "texture": "#3"}
			}
		},
		{
			"from": [7.98227, 7.1589, 9.09563],
			"to": [8.08227, 7.3589, 9.23563],
			"rotation": {"angle": 45, "axis": "x", "origin": [8.03227, 7.2589, 9.16563]},
			"faces": {
				"north": {"uv": [4.25, 7.5, 4.28125, 7.5625], "texture": "#3"},
				"east": {"uv": [7.5, 4.25, 7.53125, 4.3125], "texture": "#3"},
				"south": {"uv": [4.5, 7.5, 4.53125, 7.5625], "texture": "#3"},
				"west": {"uv": [7.5, 4.5, 7.53125, 4.5625], "texture": "#3"},
				"up": {"uv": [5.78125, 7.53125, 5.75, 7.5], "texture": "#3"},
				"down": {"uv": [7.53125, 5.75, 7.5, 5.78125], "texture": "#3"}
			}
		},
		{
			"from": [7.98227, 7.73489, 9.16238],
			"to": [8.08227, 8.26489, 9.31238],
			"rotation": {"angle": -22.5, "axis": "x", "origin": [8.03227, 7.86489, 9.28738]},
			"faces": {
				"north": {"uv": [7.25, 5, 7.28125, 5.125], "texture": "#3"},
				"east": {"uv": [5.25, 7.25, 5.28125, 7.375], "texture": "#3"},
				"south": {"uv": [7.25, 5.25, 7.28125, 5.375], "texture": "#3"},
				"west": {"uv": [5.5, 7.25, 5.53125, 7.375], "texture": "#3"},
				"up": {"uv": [6.03125, 7.53125, 6, 7.5], "texture": "#3"},
				"down": {"uv": [7.53125, 6, 7.5, 6.03125], "texture": "#3"}
			}
		},
		{
			"from": [7.93227, 7.70013, 7.89362],
			"to": [8.13227, 8.30013, 8.09362],
			"rotation": {"angle": 0, "axis": "y", "origin": [8.03227, 7.93432, 7.85188]},
			"faces": {
				"north": {"uv": [7, 2.5, 7.0625, 2.65625], "texture": "#3"},
				"east": {"uv": [7, 2.75, 7.0625, 2.90625], "texture": "#3"},
				"south": {"uv": [7, 3, 7.0625, 3.15625], "texture": "#3"},
				"west": {"uv": [7, 3.25, 7.0625, 3.40625], "texture": "#3"},
				"up": {"uv": [7.3125, 6.0625, 7.25, 6], "texture": "#3"},
				"down": {"uv": [6.3125, 7.25, 6.25, 7.3125], "texture": "#3"}
			}
		},
		{
			"from": [7.93227, 7.79824, 7.44699],
			"to": [8.13227, 7.99824, 8.04699],
			"rotation": {"angle": 45, "axis": "x", "origin": [8.03227, 7.93432, 7.85188]},
			"faces": {
				"north": {"uv": [7.25, 6.25, 7.3125, 6.3125], "texture": "#3"},
				"east": {"uv": [4, 7, 4.15625, 7.0625], "texture": "#3"},
				"south": {"uv": [6.5, 7.25, 6.5625, 7.3125], "texture": "#3"},
				"west": {"uv": [7, 4, 7.15625, 4.0625], "texture": "#3"},
				"up": {"uv": [4.3125, 7.15625, 4.25, 7], "texture": "#3"},
				"down": {"uv": [7.0625, 4.25, 7, 4.40625], "texture": "#3"}
			}
		},
		{
			"from": [7.93227, 7.30198, 7.80082],
			"to": [8.13227, 7.70198, 8.00082],
			"rotation": {"angle": -22.5, "axis": "x", "origin": [8.03227, 7.93432, 7.85188]},
			"faces": {
				"north": {"uv": [7, 7, 7.0625, 7.09375], "texture": "#3"},
				"east": {"uv": [0, 7.25, 0.0625, 7.34375], "texture": "#3"},
				"south": {"uv": [7.25, 0, 7.3125, 0.09375], "texture": "#3"},
				"west": {"uv": [0.25, 7.25, 0.3125, 7.34375], "texture": "#3"},
				"up": {"uv": [7.3125, 6.5625, 7.25, 6.5], "texture": "#3"},
				"down": {"uv": [6.8125, 7.25, 6.75, 7.3125], "texture": "#3"}
			}
		},
		{
			"from": [7.93227, 7.64517, 8.41654],
			"to": [8.13227, 7.84517, 9.21654],
			"rotation": {"angle": 45, "axis": "x", "origin": [8.03227, 7.93432, 7.85188]},
			"faces": {
				"north": {"uv": [7.25, 6.75, 7.3125, 6.8125], "texture": "#3"},
				"east": {"uv": [6.75, 0, 6.9375, 0.0625], "texture": "#3"},
				"south": {"uv": [7, 7.25, 7.0625, 7.3125], "texture": "#3"},
				"west": {"uv": [0.25, 6.75, 0.4375, 6.8125], "texture": "#3"},
				"up": {"uv": [6.8125, 0.4375, 6.75, 0.25], "texture": "#3"},
				"down": {"uv": [0.5625, 6.75, 0.5, 6.9375], "texture": "#3"}
			}
		},
		{
			"from": [7.93227, 6.76489, 8.61238],
			"to": [8.13227, 6.96489, 9.41238],
			"rotation": {"angle": 0, "axis": "y", "origin": [8.03227, 7.93432, 7.85188]},
			"faces": {
				"north": {"uv": [7.25, 7, 7.3125, 7.0625], "texture": "#3"},
				"east": {"uv": [6.75, 0.5, 6.9375, 0.5625], "texture": "#3"},
				"south": {"uv": [7.25, 7.25, 7.3125, 7.3125], "texture": "#3"},
				"west": {"uv": [0.75, 6.75, 0.9375, 6.8125], "texture": "#3"},
				"up": {"uv": [6.8125, 0.9375, 6.75, 0.75], "texture": "#3"},
				"down": {"uv": [1.5625, 6.75, 1.5, 6.9375], "texture": "#3"}
			}
		},
		{
			"from": [7.93227, 8.21085, 9.58223],
			"to": [8.13227, 8.61085, 9.78223],
			"rotation": {"angle": 45, "axis": "x", "origin": [8.03227, 7.93432, 7.85188]},
			"faces": {
				"north": {"uv": [7.25, 0.25, 7.3125, 0.34375], "texture": "#3"},
				"east": {"uv": [0.5, 7.25, 0.5625, 7.34375], "texture": "#3"},
				"south": {"uv": [7.25, 0.5, 7.3125, 0.59375], "texture": "#3"},
				"west": {"uv": [0.75, 7.25, 0.8125, 7.34375], "texture": "#3"},
				"up": {"uv": [0.0625, 7.5625, 0, 7.5], "texture": "#3"},
				"down": {"uv": [7.5625, 0, 7.5, 0.0625], "texture": "#3"}
			}
		},
		{
			"from": [7.93227, 7.82064, 9.69419],
			"to": [8.13227, 8.22064, 9.89419],
			"rotation": {"angle": 22.5, "axis": "x", "origin": [8.03227, 7.93432, 7.85188]},
			"faces": {
				"north": {"uv": [7.25, 0.75, 7.3125, 0.84375], "texture": "#3"},
				"east": {"uv": [1, 7.25, 1.0625, 7.34375], "texture": "#3"},
				"south": {"uv": [7.25, 1, 7.3125, 1.09375], "texture": "#3"},
				"west": {"uv": [1.25, 7.25, 1.3125, 7.34375], "texture": "#3"},
				"up": {"uv": [0.3125, 7.5625, 0.25, 7.5], "texture": "#3"},
				"down": {"uv": [7.5625, 0.25, 7.5, 0.3125], "texture": "#3"}
			}
		},
		{
			"from": [7.93227, 7.41729, 9.64829],
			"to": [8.13227, 7.81729, 9.84829],
			"rotation": {"angle": 0, "axis": "y", "origin": [8.03227, 7.93432, 7.85188]},
			"faces": {
				"north": {"uv": [7.25, 1.25, 7.3125, 1.34375], "texture": "#3"},
				"east": {"uv": [1.5, 7.25, 1.5625, 7.34375], "texture": "#3"},
				"south": {"uv": [7.25, 1.5, 7.3125, 1.59375], "texture": "#3"},
				"west": {"uv": [1.75, 7.25, 1.8125, 7.34375], "texture": "#3"},
				"up": {"uv": [0.5625, 7.5625, 0.5, 7.5], "texture": "#3"},
				"down": {"uv": [7.5625, 0.5, 7.5, 0.5625], "texture": "#3"}
			}
		},
		{
			"from": [7.98227, 7.80912, 9.83626],
			"to": [8.08227, 8.40912, 9.93626],
			"rotation": {"angle": 22.5, "axis": "x", "origin": [8.03227, 7.93432, 7.85188]},
			"faces": {
				"north": {"uv": [7.25, 3.25, 7.28125, 3.40625], "texture": "#3"},
				"east": {"uv": [3.5, 7.25, 3.53125, 7.40625], "texture": "#3"},
				"south": {"uv": [3.75, 7.25, 3.78125, 7.40625], "texture": "#3"},
				"west": {"uv": [4, 7.25, 4.03125, 7.40625], "texture": "#3"},
				"up": {"uv": [6.28125, 7.53125, 6.25, 7.5], "texture": "#3"},
				"down": {"uv": [7.53125, 6.25, 7.5, 6.28125], "texture": "#3"}
			}
		},
		{
			"from": [7.98227, 6.04262, 9.16652],
			"to": [8.08227, 6.44262, 9.26652],
			"rotation": {"angle": -22.5, "axis": "x", "origin": [8.03227, 7.93432, 7.85188]},
			"faces": {
				"north": {"uv": [0.75, 7.5, 0.78125, 7.59375], "texture": "#3"},
				"east": {"uv": [7.5, 0.75, 7.53125, 0.84375], "texture": "#3"},
				"south": {"uv": [1, 7.5, 1.03125, 7.59375], "texture": "#3"},
				"west": {"uv": [7.5, 1, 7.53125, 1.09375], "texture": "#3"},
				"up": {"uv": [6.53125, 7.53125, 6.5, 7.5], "texture": "#3"},
				"down": {"uv": [7.53125, 6.5, 7.5, 6.53125], "texture": "#3"}
			}
		},
		{
			"from": [7.98227, 8.59196, 10.1191],
			"to": [8.08227, 8.69196, 12.1191],
			"rotation": {"angle": 22.5, "axis": "x", "origin": [8.03227, 7.93432, 7.85188]},
			"faces": {
				"north": {"uv": [6.75, 7.5, 6.78125, 7.53125], "texture": "#3"},
				"east": {"uv": [6.25, 5.75, 6.75, 5.78125], "texture": "#3"},
				"south": {"uv": [7.5, 6.75, 7.53125, 6.78125], "texture": "#3"},
				"west": {"uv": [6, 6.25, 6.5, 6.28125], "texture": "#3"},
				"up": {"uv": [0.03125, 7, 0, 6.5], "texture": "#3"},
				"down": {"uv": [6.53125, 0, 6.5, 0.5], "texture": "#3"}
			}
		},
		{
			"from": [7.98227, 6.76688, 9.59078],
			"to": [8.08227, 6.86688, 9.99078],
			"rotation": {"angle": -22.5, "axis": "x", "origin": [8.03227, 7.93432, 7.85188]},
			"faces": {
				"north": {"uv": [7, 7.5, 7.03125, 7.53125], "texture": "#3"},
				"east": {"uv": [1.25, 7.5, 1.34375, 7.53125], "texture": "#3"},
				"south": {"uv": [7.5, 7, 7.53125, 7.03125], "texture": "#3"},
				"west": {"uv": [7.5, 1.25, 7.59375, 1.28125], "texture": "#3"},
				"up": {"uv": [1.53125, 7.59375, 1.5, 7.5], "texture": "#3"},
				"down": {"uv": [7.53125, 1.5, 7.5, 1.59375], "texture": "#3"}
			}
		},
		{
			"from": [7.98227, 7.52628, 10.1191],
			"to": [8.08227, 7.62628, 12.1191],
			"rotation": {"angle": 22.5, "axis": "x", "origin": [8.03227, 7.93432, 7.85188]},
			"faces": {
				"north": {"uv": [7.25, 7.5, 7.28125, 7.53125], "texture": "#3"},
				"east": {"uv": [6.25, 6, 6.75, 6.03125], "texture": "#3"},
				"south": {"uv": [7.5, 7.25, 7.53125, 7.28125], "texture": "#3"},
				"west": {"uv": [0.5, 6.5, 1, 6.53125], "texture": "#3"},
				"up": {"uv": [1.03125, 7, 1, 6.5], "texture": "#3"},
				"down": {"uv": [1.28125, 6.5, 1.25, 7], "texture": "#3"}
			}
		},
		{
			"from": [7.98227, 7.80912, 12.30195],
			"to": [8.08227, 8.40912, 12.40195],
			"rotation": {"angle": 22.5, "axis": "x", "origin": [8.03227, 7.93432, 7.85188]},
			"faces": {
				"north": {"uv": [7.25, 4, 7.28125, 4.15625], "texture": "#3"},
				"east": {"uv": [4.25, 7.25, 4.28125, 7.40625], "texture": "#3"},
				"south": {"uv": [7.25, 4.25, 7.28125, 4.40625], "texture": "#3"},
				"west": {"uv": [4.5, 7.25, 4.53125, 7.40625], "texture": "#3"},
				"up": {"uv": [7.53125, 7.53125, 7.5, 7.5], "texture": "#3"},
				"down": {"uv": [0.03125, 7.75, 0, 7.78125], "texture": "#3"}
			}
		},
		{
			"from": [7.98227, 4.62841, 10.58073],
			"to": [8.08227, 4.72841, 10.98073],
			"rotation": {"angle": -22.5, "axis": "x", "origin": [8.03227, 7.93432, 7.85188]},
			"faces": {
				"north": {"uv": [7.75, 0, 7.78125, 0.03125], "texture": "#3"},
				"east": {"uv": [1.75, 7.5, 1.84375, 7.53125], "texture": "#3"},
				"south": {"uv": [0.25, 7.75, 0.28125, 7.78125], "texture": "#3"},
				"west": {"uv": [7.5, 1.75, 7.59375, 1.78125], "texture": "#3"},
				"up": {"uv": [7.53125, 2.59375, 7.5, 2.5], "texture": "#3"},
				"down": {"uv": [7.53125, 2.75, 7.5, 2.84375], "texture": "#3"}
			}
		},
		{
			"from": [7.98227, 5.05267, 11.30499],
			"to": [8.08227, 5.45267, 11.40499],
			"rotation": {"angle": -22.5, "axis": "x", "origin": [8.03227, 7.93432, 7.85188]},
			"faces": {
				"north": {"uv": [3, 7.5, 3.03125, 7.59375], "texture": "#3"},
				"east": {"uv": [7.5, 3, 7.53125, 3.09375], "texture": "#3"},
				"south": {"uv": [3.25, 7.5, 3.28125, 7.59375], "texture": "#3"},
				"west": {"uv": [7.5, 3.25, 7.53125, 3.34375], "texture": "#3"},
				"up": {"uv": [7.78125, 0.28125, 7.75, 0.25], "texture": "#3"},
				"down": {"uv": [0.53125, 7.75, 0.5, 7.78125], "texture": "#3"}
			}
		},
		{
			"from": [7.63227, 7.31547, 10.50475],
			"to": [8.43227, 8.31547, 13.90475],
			"rotation": {"angle": 22.5, "axis": "x", "origin": [8.03227, 8.01547, 11.50475]},
			"faces": {
				"north": {"uv": [6.75, 5.75, 7, 6.0625], "texture": "#7"},
				"east": {"uv": [4.375, 4.4375, 5.4375, 4.75], "texture": "#7"},
				"south": {"uv": [6.75, 6.125, 7, 6.4375], "texture": "#7"},
				"west": {"uv": [4.625, 3.625, 5.6875, 3.9375], "texture": "#7"},
				"up": {"uv": [6, 6.125, 5.75, 5.0625], "texture": "#7"},
				"down": {"uv": [3.5, 5.9375, 3.25, 7], "texture": "#7"}
			}
		},
		{
			"from": [7.63727, 6.31602, 13.18722],
			"to": [8.42727, 7.31602, 14.38722],
			"rotation": {"angle": -22.5, "axis": "x", "origin": [8.03227, 6.81602, 12.68722]},
			"faces": {
				"north": {"uv": [6.75, 6.5, 7, 6.8125], "texture": "#7"},
				"east": {"uv": [6.5, 0.5625, 6.875, 0.875], "texture": "#7"},
				"south": {"uv": [6.8125, 0, 7.0625, 0.3125], "texture": "#7"},
				"west": {"uv": [6.5, 2.125, 6.875, 2.4375], "texture": "#7"},
				"up": {"uv": [1.375, 7.125, 1.125, 6.75], "texture": "#7"},
				"down": {"uv": [7, 5.3125, 6.75, 5.6875], "texture": "#7"}
			}
		},
		{
			"from": [7.63227, 7.00932, 13.84386],
			"to": [8.43227, 8.60932, 20.04386],
			"rotation": {"angle": 22.5, "axis": "x", "origin": [8.03227, 7.70932, 12.24386]},
			"faces": {
				"north": {"uv": [2, 6.4375, 2.25, 6.9375], "texture": "#7"},
				"east": {"uv": [1, 1, 2.9375, 1.5], "texture": "#7"},
				"south": {"uv": [2.3125, 6.4375, 2.5625, 6.9375], "texture": "#7"},
				"west": {"uv": [1, 1.5625, 2.9375, 2.0625], "texture": "#7"},
				"up": {"uv": [2.875, 6.125, 2.625, 4.1875], "texture": "#7"},
				"down": {"uv": [3.1875, 4.1875, 2.9375, 6.125], "texture": "#7"}
			}
		},
		{
			"from": [7.63227, 7.00932, 20.04386],
			"to": [8.43227, 7.80932, 20.84386],
			"rotation": {"angle": 22.5, "axis": "x", "origin": [8.03227, 7.70932, 12.24386]},
			"faces": {
				"north": {"uv": [2, 7, 2.25, 7.25], "texture": "#7"},
				"east": {"uv": [2.3125, 7, 2.5625, 7.25], "texture": "#7"},
				"south": {"uv": [7, 4.4375, 7.25, 4.6875], "texture": "#7"},
				"west": {"uv": [7, 4.75, 7.25, 5], "texture": "#7"},
				"up": {"uv": [6.6875, 7.25, 6.4375, 7], "texture": "#7"},
				"down": {"uv": [2.875, 7.0625, 2.625, 7.3125], "texture": "#7"}
			}
		},
		{
			"from": [7.63727, 7.32852, 14.06648],
			"to": [8.42727, 7.92852, 19.36648],
			"rotation": {"angle": 0, "axis": "y", "origin": [8.03227, 7.62852, 16.16648]},
			"faces": {
				"north": {"uv": [7.1875, 1.125, 7.4375, 1.3125], "texture": "#7"},
				"east": {"uv": [4.375, 4.8125, 6.0625, 5], "texture": "#7"},
				"south": {"uv": [7.1875, 1.375, 7.4375, 1.5625], "texture": "#7"},
				"west": {"uv": [5, 3.125, 6.6875, 3.3125], "texture": "#7"},
				"up": {"uv": [3.5, 5.875, 3.25, 4.1875], "texture": "#7"},
				"down": {"uv": [3.8125, 4.1875, 3.5625, 5.875], "texture": "#7"}
			}
		},
		{
			"from": [7.63727, 5.72852, 15.46648],
			"to": [8.42727, 7.32852, 19.36648],
			"rotation": {"angle": 0, "axis": "y", "origin": [8.03227, 7.62852, 16.16648]},
			"faces": {
				"north": {"uv": [6.4375, 5.3125, 6.6875, 5.8125], "texture": "#7"},
				"east": {"uv": [2, 3.625, 3.25, 4.125], "texture": "#7"},
				"south": {"uv": [6.4375, 5.875, 6.6875, 6.375], "texture": "#7"},
				"west": {"uv": [3.3125, 3.625, 4.5625, 4.125], "texture": "#7"},
				"up": {"uv": [4.625, 6.3125, 4.375, 5.0625], "texture": "#7"},
				"down": {"uv": [4.9375, 5.0625, 4.6875, 6.3125], "texture": "#7"}
			}
		},
		{
			"from": [7.58227, 5.52088, 19.19453],
			"to": [8.48227, 7.97088, 19.44453],
			"rotation": {"angle": 0, "axis": "y", "origin": [8.03227, 6.32088, 19.49453]},
			"faces": {
				"north": {"uv": [6.0625, 5.0625, 6.375, 5.8125], "texture": "#7"},
				"east": {"uv": [1.25, 7.1875, 1.3125, 7.9375], "texture": "#7"},
				"south": {"uv": [6.0625, 5.875, 6.375, 6.625], "texture": "#7"},
				"west": {"uv": [1.375, 7.1875, 1.4375, 7.9375], "texture": "#7"},
				"up": {"uv": [7.4375, 7.375, 7.125, 7.3125], "texture": "#7"},
				"down": {"uv": [0.9375, 7.4375, 0.625, 7.5], "texture": "#7"}
			}
		},
		{
			"from": [7.58227, 3.64849, 19.48741],
			"to": [8.48227, 5.69849, 19.73741],
			"rotation": {"angle": -22.5, "axis": "x", "origin": [8.03227, 4.87349, 19.78741]},
			"faces": {
				"north": {"uv": [6.125, 2.125, 6.4375, 2.75], "texture": "#7"},
				"east": {"uv": [4.375, 7.1875, 4.4375, 7.8125], "texture": "#7"},
				"south": {"uv": [6.1875, 1.125, 6.5, 1.75], "texture": "#7"},
				"west": {"uv": [4.5, 7.1875, 4.5625, 7.8125], "texture": "#7"},
				"up": {"uv": [7.5625, 2.4375, 7.25, 2.375], "texture": "#7"},
				"down": {"uv": [7.625, 4.875, 7.3125, 4.9375], "texture": "#7"}
			}
		},
		{
			"from": [8.02767, 9.05211, 6.25965],
			"to": [8.32336, 9.34779, 10.65965],
			"rotation": {"angle": -45, "axis": "z", "origin": [8.04336, 9.34779, 9.80965]},
			"faces": {
				"north": {"uv": [7.25, 4.5, 7.3125, 4.5625], "texture": "#3"},
				"east": {"uv": [5.25, 4, 6.34375, 4.0625], "texture": "#3"},
				"south": {"uv": [4.75, 7.25, 4.8125, 7.3125], "texture": "#3"},
				"west": {"uv": [5.25, 4.25, 6.34375, 4.3125], "texture": "#3"},
				"up": {"uv": [5.0625, 6.34375, 5, 5.25], "texture": "#3"},
				"down": {"uv": [5.3125, 5.25, 5.25, 6.34375], "texture": "#3"}
			}
		},
		{
			"from": [7.93727, 8.74022, 10.89317],
			"to": [8.12727, 8.94022, 11.49317],
			"rotation": {"angle": -22.5, "axis": "x", "origin": [8.03227, 8.4714, 10.87151]},
			"faces": {
				"north": {"uv": [7.25, 4.75, 7.3125, 4.8125], "texture": "#3"},
				"east": {"uv": [6.75, 1.5, 6.90625, 1.5625], "texture": "#3"},
				"south": {"uv": [5, 7.25, 5.0625, 7.3125], "texture": "#3"},
				"west": {"uv": [1.75, 6.75, 1.90625, 6.8125], "texture": "#3"},
				"up": {"uv": [6.8125, 1.90625, 6.75, 1.75], "texture": "#3"},
				"down": {"uv": [6.8125, 3, 6.75, 3.15625], "texture": "#3"}
			}
		},
		{
			"from": [7.93727, 8.24317, 10.24049],
			"to": [8.12727, 8.84317, 11.24049],
			"rotation": {"angle": -45, "axis": "x", "origin": [8.03227, 8.4714, 10.87151]},
			"faces": {
				"north": {"uv": [6.75, 3.25, 6.8125, 3.40625], "texture": "#3"},
				"east": {"uv": [5.75, 0.75, 6, 0.90625], "texture": "#3"},
				"south": {"uv": [4, 6.75, 4.0625, 6.90625], "texture": "#3"},
				"west": {"uv": [5.75, 1, 6, 1.15625], "texture": "#3"},
				"up": {"uv": [6.3125, 0.5, 6.25, 0.25], "texture": "#3"},
				"down": {"uv": [0.5625, 6.25, 0.5, 6.5], "texture": "#3"}
			}
		},
		{
			"from": [7.93727, 7.95607, 10.47013],
			"to": [8.12727, 8.95607, 11.07013],
			"rotation": {"angle": -22.5, "axis": "x", "origin": [8.03227, 8.4714, 10.87151]},
			"faces": {
				"north": {"uv": [6.25, 0.5, 6.3125, 0.75], "texture": "#3", "tintindex": 0},
				"east": {"uv": [1.25, 5.75, 1.40625, 6], "texture": "#3", "tintindex": 0},
				"south": {"uv": [0.75, 6.25, 0.8125, 6.5], "texture": "#3", "tintindex": 0},
				"west": {"uv": [5.75, 1.25, 5.90625, 1.5], "texture": "#3", "tintindex": 0},
				"up": {"uv": [6.8125, 4.15625, 6.75, 4], "texture": "#3", "tintindex": 0},
				"down": {"uv": [4.3125, 6.75, 4.25, 6.90625], "texture": "#3", "tintindex": 0}
			}
		},
		{
			"from": [7.93727, 7.80175, 10.29974],
			"to": [8.12727, 8.40175, 11.29974],
			"rotation": {"angle": -22.5, "axis": "x", "origin": [8.03227, 8.4714, 10.87151]},
			"faces": {
				"north": {"uv": [6.75, 4.25, 6.8125, 4.40625], "texture": "#3"},
				"east": {"uv": [1.5, 5.75, 1.75, 5.90625], "texture": "#3"},
				"south": {"uv": [4.5, 6.75, 4.5625, 6.90625], "texture": "#3"},
				"west": {"uv": [5.75, 1.5, 6, 1.65625], "texture": "#3"},
				"up": {"uv": [1.0625, 6.5, 1, 6.25], "texture": "#3"},
				"down": {"uv": [6.3125, 1.5, 6.25, 1.75], "texture": "#3"}
			}
		},
		{
			"from": [7.63227, 7.95101, -1.49035],
			"to": [8.43227, 9.05101, 5.50965],
			"rotation": {"angle": 0, "axis": "y", "origin": [6.43227, 7.75101, 1.90965]},
			"faces": {
				"north": {"uv": [0.5, 6.75, 0.75, 7.125], "texture": "#7"},
				"east": {"uv": [3, 1, 5.1875, 1.375], "texture": "#7"},
				"south": {"uv": [0.8125, 6.75, 1.0625, 7.125], "texture": "#7"},
				"west": {"uv": [3, 1.4375, 5.1875, 1.8125], "texture": "#7"},
				"up": {"uv": [2.25, 6.375, 2, 4.1875], "texture": "#7"},
				"down": {"uv": [2.5625, 4.1875, 2.3125, 6.375], "texture": "#7"}
			}
		},
		{
			"from": [7.63227, 8.05101, -3.09035],
			"to": [8.43227, 9.05101, -1.49035],
			"rotation": {"angle": 0, "axis": "y", "origin": [6.43227, 7.75101, 1.90965]},
			"faces": {
				"north": {"uv": [5.5, 1.75, 5.6875, 2], "texture": "#3", "tintindex": 0},
				"east": {"uv": [1, 4.75, 1.40625, 5], "texture": "#3", "tintindex": 0},
				"south": {"uv": [5.5, 5.25, 5.6875, 5.5], "texture": "#3", "tintindex": 0},
				"west": {"uv": [1, 5, 1.40625, 5.25], "texture": "#3", "tintindex": 0},
				"up": {"uv": [1.4375, 5.65625, 1.25, 5.25], "texture": "#3", "tintindex": 0},
				"down": {"uv": [5.4375, 1.5, 5.25, 1.90625], "texture": "#3", "tintindex": 0}
			}
		},
		{
			"from": [8.23227, 8.35101, 7.30965],
			"to": [8.43227, 9.25101, 10.10965],
			"rotation": {"angle": 0, "axis": "y", "origin": [6.43227, 7.75101, 1.90965]},
			"faces": {
				"north": {"uv": [6.5, 4.5, 6.5625, 4.71875], "texture": "#3", "tintindex": 0},
				"east": {"uv": [4.5, 4, 5.1875, 4.21875], "texture": "#3", "tintindex": 0},
				"south": {"uv": [4.75, 6.5, 4.8125, 6.71875], "texture": "#3", "tintindex": 0},
				"west": {"uv": [4.5, 4.25, 5.1875, 4.46875], "texture": "#3", "tintindex": 0},
				"up": {"uv": [5.5625, 6.1875, 5.5, 5.5], "texture": "#3", "tintindex": 0},
				"down": {"uv": [0.0625, 5.75, 0, 6.4375], "texture": "#3", "tintindex": 0}
			}
		},
		{
			"from": [8.23227, 8.35101, 5.50965],
			"to": [8.43227, 9.25101, 6.30965],
			"rotation": {"angle": 0, "axis": "y", "origin": [6.43227, 7.75101, 1.90965]},
			"faces": {
				"north": {"uv": [6.5, 4.75, 6.5625, 4.96875], "texture": "#3", "tintindex": 0},
				"east": {"uv": [0.5, 5.75, 0.6875, 5.96875], "texture": "#3", "tintindex": 0},
				"south": {"uv": [5, 6.5, 5.0625, 6.71875], "texture": "#3", "tintindex": 0},
				"west": {"uv": [0.75, 5.75, 0.9375, 5.96875], "texture": "#3", "tintindex": 0},
				"up": {"uv": [6.5625, 5.1875, 6.5, 5], "texture": "#3", "tintindex": 0},
				"down": {"uv": [5.3125, 6.5, 5.25, 6.6875], "texture": "#3", "tintindex": 0}
			}
		},
		{
			"from": [8.23227, 8.65101, 6.30965],
			"to": [8.43227, 9.25101, 7.30965],
			"rotation": {"angle": 0, "axis": "y", "origin": [6.43227, 7.75101, 1.90965]},
			"faces": {
				"north": {"uv": [6.75, 4.5, 6.8125, 4.65625], "texture": "#3", "tintindex": 0},
				"east": {"uv": [1.75, 5.75, 2, 5.90625], "texture": "#3", "tintindex": 0},
				"south": {"uv": [4.75, 6.75, 4.8125, 6.90625], "texture": "#3", "tintindex": 0},
				"west": {"uv": [5.75, 1.75, 6, 1.90625], "texture": "#3", "tintindex": 0},
				"up": {"uv": [6.3125, 2, 6.25, 1.75], "texture": "#3", "tintindex": 0},
				"down": {"uv": [6.3125, 4.5, 6.25, 4.75], "texture": "#3", "tintindex": 0}
			}
		},
		{
			"from": [8.38227, 8.35101, 6.30965],
			"to": [8.38227, 8.65101, 7.30965],
			"rotation": {"angle": 22.5, "axis": "y", "origin": [8.38227, 8.50101, 7.30965]},
			"faces": {
				"north": {"uv": [0, 0, 0, 0.0625], "texture": "#3"},
				"east": {"uv": [6.25, 4.75, 6.5, 4.8125], "texture": "#3"},
				"south": {"uv": [0, 0, 0, 0.0625], "texture": "#3"},
				"west": {"uv": [5.5, 6.25, 5.75, 6.3125], "texture": "#3"},
				"up": {"uv": [0, 0.25, 0, 0], "texture": "#3"},
				"down": {"uv": [0, 0, 0, 0.25], "texture": "#3"}
			}
		},
		{
			"from": [7.73227, 8.75101, 6.30965],
			"to": [8.33227, 8.90101, 9.90965],
			"rotation": {"angle": 0, "axis": "y", "origin": [6.43227, 7.75101, 1.90965]},
			"faces": {
				"north": {"uv": [7.25, 1.75, 7.40625, 1.78125], "texture": "#3", "tintindex": 0},
				"east": {"uv": [6, 1, 6.90625, 1.03125], "texture": "#3", "tintindex": 0},
				"south": {"uv": [7.25, 2.5, 7.40625, 2.53125], "texture": "#3", "tintindex": 0},
				"west": {"uv": [6, 1.25, 6.90625, 1.28125], "texture": "#3", "tintindex": 0},
				"up": {"uv": [4.65625, 5.40625, 4.5, 4.5], "texture": "#3", "tintindex": 0},
				"down": {"uv": [0.15625, 4.75, 0, 5.65625], "texture": "#3", "tintindex": 0}
			}
		},
		{
			"from": [7.83227, 7.95101, 5.50965],
			"to": [8.43227, 8.35101, 10.10965],
			"rotation": {"angle": 0, "axis": "y", "origin": [6.43227, 7.75101, 1.90965]},
			"faces": {
				"north": {"uv": [6.5, 0.5, 6.65625, 0.59375], "texture": "#3", "tintindex": 0},
				"east": {"uv": [4.75, 4.5, 5.90625, 4.59375], "texture": "#3", "tintindex": 0},
				"south": {"uv": [1.5, 6.5, 1.65625, 6.59375], "texture": "#3", "tintindex": 0},
				"west": {"uv": [4.75, 4.75, 5.90625, 4.84375], "texture": "#3", "tintindex": 0},
				"up": {"uv": [4.15625, 5.15625, 4, 4], "texture": "#3", "tintindex": 0},
				"down": {"uv": [4.40625, 4, 4.25, 5.15625], "texture": "#3", "tintindex": 0}
			}
		},
		{
			"from": [7.63227, 7.95101, 5.50965],
			"to": [7.83227, 9.25101, 10.10965],
			"rotation": {"angle": 0, "axis": "y", "origin": [6.43227, 7.75101, 1.90965]},
			"faces": {
				"north": {"uv": [4.5, 6, 4.5625, 6.3125], "texture": "#3", "tintindex": 0},
				"east": {"uv": [2, 2, 3.15625, 2.3125], "texture": "#3", "tintindex": 0},
				"south": {"uv": [6, 4.5, 6.0625, 4.8125], "texture": "#3", "tintindex": 0},
				"west": {"uv": [2, 2.5, 3.15625, 2.8125], "texture": "#3", "tintindex": 0},
				"up": {"uv": [4.0625, 6.40625, 4, 5.25], "texture": "#3", "tintindex": 0},
				"down": {"uv": [4.3125, 5.25, 4.25, 6.40625], "texture": "#3", "tintindex": 0}
			}
		},
		{
			"from": [7.88227, 9.25101, 5.50965],
			"to": [8.18227, 9.50101, 6.10965],
			"rotation": {"angle": 0, "axis": "y", "origin": [6.43227, 7.77101, 1.90965]},
			"faces": {
				"north": {"uv": [7.25, 5.5, 7.3125, 5.5625], "texture": "#3", "tintindex": 0},
				"east": {"uv": [6.75, 4.75, 6.90625, 4.8125], "texture": "#3", "tintindex": 0},
				"south": {"uv": [5.75, 7.25, 5.8125, 7.3125], "texture": "#3", "tintindex": 0},
				"west": {"uv": [5, 6.75, 5.15625, 6.8125], "texture": "#3", "tintindex": 0},
				"up": {"uv": [6.8125, 5.15625, 6.75, 5], "texture": "#3", "tintindex": 0},
				"down": {"uv": [5.3125, 6.75, 5.25, 6.90625], "texture": "#3", "tintindex": 0}
			}
		},
		{
			"from": [7.83227, 9.01211, 5.50965],
			"to": [8.20904, 9.36566, 6.10965],
			"rotation": {"angle": 45, "axis": "z", "origin": [8.03227, 9.40101, 5.80965]},
			"faces": {
				"north": {"uv": [4.5, 7, 4.59375, 7.09375], "texture": "#3", "tintindex": 0},
				"east": {"uv": [6.5, 1.5, 6.65625, 1.59375], "texture": "#3", "tintindex": 0},
				"south": {"uv": [7, 4.5, 7.09375, 4.59375], "texture": "#3", "tintindex": 0},
				"west": {"uv": [1.75, 6.5, 1.90625, 6.59375], "texture": "#3", "tintindex": 0},
				"up": {"uv": [6.59375, 1.90625, 6.5, 1.75], "texture": "#3", "tintindex": 0},
				"down": {"uv": [4.09375, 6.5, 4, 6.65625], "texture": "#3", "tintindex": 0}
			}
		},
		{
			"from": [8.03227, 9.31211, 5.50965],
			"to": [8.30904, 9.41566, 6.10965],
			"rotation": {"angle": 45, "axis": "z", "origin": [8.03227, 9.40101, 5.80965]},
			"faces": {
				"north": {"uv": [4.75, 7.5, 4.8125, 7.53125], "texture": "#3", "tintindex": 0},
				"east": {"uv": [7.25, 2.75, 7.40625, 2.78125], "texture": "#3", "tintindex": 0},
				"south": {"uv": [7.5, 4.75, 7.5625, 4.78125], "texture": "#3", "tintindex": 0},
				"west": {"uv": [3, 7.25, 3.15625, 7.28125], "texture": "#3", "tintindex": 0},
				"up": {"uv": [6.8125, 5.40625, 6.75, 5.25], "texture": "#3", "tintindex": 0},
				"down": {"uv": [5.5625, 6.75, 5.5, 6.90625], "texture": "#3", "tintindex": 0}
			}
		},
		{
			"from": [7.75549, 9.31211, 5.50965],
			"to": [8.03227, 9.41566, 6.10965],
			"rotation": {"angle": -45, "axis": "z", "origin": [8.03227, 9.40101, 5.80965]},
			"faces": {
				"north": {"uv": [5, 7.5, 5.0625, 7.53125], "texture": "#3", "tintindex": 0},
				"east": {"uv": [7.25, 3, 7.40625, 3.03125], "texture": "#3", "tintindex": 0},
				"south": {"uv": [7.5, 5, 7.5625, 5.03125], "texture": "#3", "tintindex": 0},
				"west": {"uv": [3.25, 7.25, 3.40625, 7.28125], "texture": "#3", "tintindex": 0},
				"up": {"uv": [6.8125, 5.65625, 6.75, 5.5], "texture": "#3", "tintindex": 0},
				"down": {"uv": [5.8125, 6.75, 5.75, 6.90625], "texture": "#3", "tintindex": 0}
			}
		},
		{
			"from": [7.85549, 9.01211, 5.50965],
			"to": [8.23227, 9.36566, 6.10965],
			"rotation": {"angle": -45, "axis": "z", "origin": [8.03227, 9.40101, 5.80965]},
			"faces": {
				"north": {"uv": [4.75, 7, 4.84375, 7.09375], "texture": "#3", "tintindex": 0},
				"east": {"uv": [6.5, 4, 6.65625, 4.09375], "texture": "#3", "tintindex": 0},
				"south": {"uv": [7, 4.75, 7.09375, 4.84375], "texture": "#3", "tintindex": 0},
				"west": {"uv": [4.25, 6.5, 4.40625, 6.59375], "texture": "#3", "tintindex": 0},
				"up": {"uv": [6.59375, 4.40625, 6.5, 4.25], "texture": "#3", "tintindex": 0},
				"down": {"uv": [4.59375, 6.5, 4.5, 6.65625], "texture": "#3", "tintindex": 0}
			}
		},
		{
			"from": [7.92767, 8.95211, 9.90965],
			"to": [8.42336, 9.44779, 10.10965],
			"rotation": {"angle": -45, "axis": "z", "origin": [8.04336, 9.34779, 9.80965]},
			"faces": {
				"north": {"uv": [6.25, 5.5, 6.375, 5.625], "texture": "#3", "tintindex": 0},
				"east": {"uv": [5, 7, 5.0625, 7.125], "texture": "#3", "tintindex": 0},
				"south": {"uv": [5.75, 6.25, 5.875, 6.375], "texture": "#3", "tintindex": 0},
				"west": {"uv": [7, 5, 7.0625, 5.125], "texture": "#3", "tintindex": 0},
				"up": {"uv": [5.375, 7.0625, 5.25, 7], "texture": "#3", "tintindex": 0},
				"down": {"uv": [7.125, 5.25, 7, 5.3125], "texture": "#3", "tintindex": 0}
			}
		},
		{
			"from": [7.93227, 9.3647, -11.88355],
			"to": [8.13227, 9.76038, -11.68355],
			"rotation": {"angle": 0, "axis": "y", "origin": [8.13011, 9.61254, -11.83355]},
			"faces": {
				"north": {"uv": [6, 7, 6.0625, 7.09375], "texture": "#3", "tintindex": 0},
				"east": {"uv": [7, 6, 7.0625, 6.09375], "texture": "#3", "tintindex": 0},
				"south": {"uv": [6.25, 7, 6.3125, 7.09375], "texture": "#3", "tintindex": 0},
				"west": {"uv": [7, 6.25, 7.0625, 6.34375], "texture": "#3", "tintindex": 0},
				"up": {"uv": [7.3125, 5.8125, 7.25, 5.75], "texture": "#3", "tintindex": 0},
				"down": {"uv": [6.0625, 7.25, 6, 7.3125], "texture": "#3", "tintindex": 0}
			}
		},
		{
			"from": [8.23227, 7.31547, 9.70475],
			"to": [8.42727, 8.71547, 10.50475],
			"rotation": {"angle": 22.5, "axis": "x", "origin": [8.03227, 8.01547, 11.50475]},
			"faces": {
				"north": {"uv": [1.25, 6, 1.3125, 6.34375], "texture": "#3", "tintindex": 0},
				"east": {"uv": [0.25, 5.5, 0.4375, 5.84375], "texture": "#3", "tintindex": 0},
				"south": {"uv": [1.5, 6, 1.5625, 6.34375], "texture": "#3", "tintindex": 0},
				"west": {"uv": [5.5, 0.75, 5.6875, 1.09375], "texture": "#3", "tintindex": 0},
				"up": {"uv": [6.5625, 5.4375, 6.5, 5.25], "texture": "#3", "tintindex": 0},
				"down": {"uv": [5.5625, 6.5, 5.5, 6.6875], "texture": "#3", "tintindex": 0}
			}
		},
		{
			"from": [7.63727, 7.31547, 9.70475],
			"to": [7.83227, 8.71547, 10.50475],
			"rotation": {"angle": 22.5, "axis": "x", "origin": [8.03227, 8.01547, 11.50475]},
			"faces": {
				"north": {"uv": [6, 1.5, 6.0625, 1.84375], "texture": "#3", "tintindex": 0},
				"east": {"uv": [5.5, 1.25, 5.6875, 1.59375], "texture": "#3", "tintindex": 0},
				"south": {"uv": [1.75, 6, 1.8125, 6.34375], "texture": "#3", "tintindex": 0},
				"west": {"uv": [4.5, 5.5, 4.6875, 5.84375], "texture": "#3", "tintindex": 0},
				"up": {"uv": [6.5625, 5.6875, 6.5, 5.5], "texture": "#3", "tintindex": 0},
				"down": {"uv": [5.8125, 6.5, 5.75, 6.6875], "texture": "#3", "tintindex": 0}
			}
		},
		{
			"from": [7.83727, 7.31547, 9.70475],
			"to": [8.03227, 7.71547, 10.50475],
			"rotation": {"angle": 22.5, "axis": "x", "origin": [8.03227, 8.01547, 11.50475]},
			"faces": {
				"north": {"uv": [6.5, 7, 6.5625, 7.09375], "texture": "#3", "tintindex": 0},
				"east": {"uv": [6, 5.5, 6.1875, 5.59375], "texture": "#3", "tintindex": 0},
				"south": {"uv": [7, 6.5, 7.0625, 6.59375], "texture": "#3", "tintindex": 0},
				"west": {"uv": [6, 5.75, 6.1875, 5.84375], "texture": "#3", "tintindex": 0},
				"up": {"uv": [6.0625, 6.6875, 6, 6.5], "texture": "#3", "tintindex": 0},
				"down": {"uv": [6.3125, 6.5, 6.25, 6.6875], "texture": "#3", "tintindex": 0}
			}
		},
		{
			"from": [8.03727, 7.31547, 9.70475],
			"to": [8.23227, 7.71547, 10.50475],
			"rotation": {"angle": 22.5, "axis": "x", "origin": [8.03227, 8.01547, 11.50475]},
			"faces": {
				"north": {"uv": [6.75, 7, 6.8125, 7.09375], "texture": "#3", "tintindex": 0},
				"east": {"uv": [6, 6, 6.1875, 6.09375], "texture": "#3", "tintindex": 0},
				"south": {"uv": [7, 6.75, 7.0625, 6.84375], "texture": "#3", "tintindex": 0},
				"west": {"uv": [6.25, 0, 6.4375, 0.09375], "texture": "#3", "tintindex": 0},
				"up": {"uv": [6.5625, 6.4375, 6.5, 6.25], "texture": "#3", "tintindex": 0},
				"down": {"uv": [6.5625, 6.5, 6.5, 6.6875], "texture": "#3", "tintindex": 0}
			}
		},
		{
			"from": [7.64227, 8.34508, 10.34708],
			"to": [8.42227, 8.94508, 11.14708],
			"rotation": {"angle": -22.5, "axis": "x", "origin": [8.03227, 8.24508, 10.74708]},
			"faces": {
				"north": {"uv": [6.5625, 1.625, 6.8125, 1.8125], "texture": "#7"},
				"east": {"uv": [7.125, 3.625, 7.375, 3.8125], "texture": "#7"},
				"south": {"uv": [0.625, 7.1875, 0.875, 7.375], "texture": "#7"},
				"west": {"uv": [0.9375, 7.1875, 1.1875, 7.375], "texture": "#7"},
				"up": {"uv": [7.1875, 2.375, 6.9375, 2.125], "texture": "#7"},
				"down": {"uv": [7.1875, 2.75, 6.9375, 3], "texture": "#7"}
			}
		},
		{
			"name": "octagon",
			"from": [7.69627, 8.91184, -11.93355],
			"to": [8.36827, 9.19019, 6.32645],
			"rotation": {"angle": -22.5, "axis": "z", "origin": [8.03227, 9.05101, 1.90965]},
			"faces": {
				"north": {"uv": [6.75, 5.75, 6.90625, 5.8125], "texture": "#3", "tintindex": 0},
				"east": {"uv": [2, 3, 6.5625, 3.0625], "texture": "#3", "tintindex": 0},
				"south": {"uv": [6, 6.75, 6.15625, 6.8125], "texture": "#3", "tintindex": 0},
				"west": {"uv": [2, 3.25, 6.5625, 3.3125], "texture": "#3", "tintindex": 0},
				"up": {"uv": [0.15625, 4.5625, 0, 0], "texture": "#3", "tintindex": 0},
				"down": {"uv": [0.40625, 0, 0.25, 4.5625], "texture": "#3", "tintindex": 0}
			}
		},
		{
			"name": "octagon",
			"from": [7.89309, 8.71501, -11.93355],
			"to": [8.17144, 9.38701, 6.32645],
			"rotation": {"angle": 22.5, "axis": "z", "origin": [8.03227, 9.05101, 1.90965]},
			"faces": {
				"north": {"uv": [6.75, 6, 6.8125, 6.15625], "texture": "#3", "tintindex": 0},
				"east": {"uv": [0.5, 0, 5.0625, 0.15625], "texture": "#3", "tintindex": 0},
				"south": {"uv": [6.25, 6.75, 6.3125, 6.90625], "texture": "#3", "tintindex": 0},
				"west": {"uv": [0.5, 0.25, 5.0625, 0.40625], "texture": "#3", "tintindex": 0},
				"up": {"uv": [2.0625, 8.0625, 2, 3.5], "texture": "#3", "tintindex": 0},
				"down": {"uv": [2.3125, 3.5, 2.25, 8.0625], "texture": "#3", "tintindex": 0}
			}
		},
		{
			"name": "octagon",
			"from": [7.89309, 8.71501, -11.93355],
			"to": [8.17144, 9.38701, 6.32645],
			"rotation": {"angle": -22.5, "axis": "z", "origin": [8.03227, 9.05101, 1.90965]},
			"faces": {
				"north": {"uv": [6.75, 6.25, 6.8125, 6.40625], "texture": "#3", "tintindex": 0},
				"east": {"uv": [0.5, 0.5, 5.0625, 0.65625], "texture": "#3", "tintindex": 0},
				"south": {"uv": [6.5, 6.75, 6.5625, 6.90625], "texture": "#3", "tintindex": 0},
				"west": {"uv": [0.5, 0.75, 5.0625, 0.90625], "texture": "#3", "tintindex": 0},
				"up": {"uv": [2.5625, 8.0625, 2.5, 3.5], "texture": "#3", "tintindex": 0},
				"down": {"uv": [2.8125, 3.5, 2.75, 8.0625], "texture": "#3", "tintindex": 0}
			}
		},
		{
			"name": "octagon",
			"from": [7.69627, 8.91184, -11.93355],
			"to": [8.36827, 9.19019, 6.32645],
			"rotation": {"angle": 22.5, "axis": "z", "origin": [8.03227, 9.05101, 1.90965]},
			"faces": {
				"north": {"uv": [6.75, 6.5, 6.90625, 6.5625], "texture": "#3", "tintindex": 0},
				"east": {"uv": [3.25, 2, 7.8125, 2.0625], "texture": "#3", "tintindex": 0},
				"south": {"uv": [6.75, 6.75, 6.90625, 6.8125], "texture": "#3", "tintindex": 0},
				"west": {"uv": [3.25, 2.25, 7.8125, 2.3125], "texture": "#3", "tintindex": 0},
				"up": {"uv": [0.65625, 5.5625, 0.5, 1], "texture": "#3", "tintindex": 0},
				"down": {"uv": [0.90625, 1, 0.75, 5.5625], "texture": "#3", "tintindex": 0}
			}
		},
		{
			"name": "octagon",
			"from": [7.69627, 8.28984, -11.93355],
			"to": [8.36827, 8.56819, 2.58165],
			"rotation": {"angle": -22.5, "axis": "z", "origin": [8.03227, 8.42901, 1.90965]},
			"faces": {
				"north": {"uv": [0, 7, 0.15625, 7.0625], "texture": "#3", "tintindex": 0},
				"east": {"uv": [3.25, 2.5, 6.875, 2.5625], "texture": "#3", "tintindex": 0},
				"south": {"uv": [7, 0, 7.15625, 0.0625], "texture": "#3", "tintindex": 0},
				"west": {"uv": [3.25, 2.75, 6.875, 2.8125], "texture": "#3", "tintindex": 0},
				"up": {"uv": [1.15625, 4.625, 1, 1], "texture": "#3", "tintindex": 0},
				"down": {"uv": [1.40625, 1, 1.25, 4.625], "texture": "#3", "tintindex": 0}
			}
		},
		{
			"name": "octagon",
			"from": [7.89309, 8.09301, -11.93355],
			"to": [8.17144, 8.76501, 2.58165],
			"rotation": {"angle": 22.5, "axis": "z", "origin": [8.03227, 8.42901, 1.90965]},
			"faces": {
				"north": {"uv": [0.25, 7, 0.3125, 7.15625], "texture": "#3", "tintindex": 0},
				"east": {"uv": [1.5, 1, 5.125, 1.15625], "texture": "#3", "tintindex": 0},
				"south": {"uv": [7, 0.25, 7.0625, 0.40625], "texture": "#3", "tintindex": 0},
				"west": {"uv": [1.5, 1.25, 5.125, 1.40625], "texture": "#3", "tintindex": 0},
				"up": {"uv": [3.0625, 7.125, 3, 3.5], "texture": "#3", "tintindex": 0},
				"down": {"uv": [3.3125, 3.5, 3.25, 7.125], "texture": "#3", "tintindex": 0}
			}
		},
		{
			"name": "octagon",
			"from": [7.89309, 8.09301, -11.93355],
			"to": [8.17144, 8.76501, 2.58165],
			"rotation": {"angle": -22.5, "axis": "z", "origin": [8.03227, 8.42901, 1.90965]},
			"faces": {
				"north": {"uv": [0.5, 7, 0.5625, 7.15625], "texture": "#3", "tintindex": 0},
				"east": {"uv": [1.5, 1.5, 5.125, 1.65625], "texture": "#3", "tintindex": 0},
				"south": {"uv": [7, 0.5, 7.0625, 0.65625], "texture": "#3", "tintindex": 0},
				"west": {"uv": [1.5, 1.75, 5.125, 1.90625], "texture": "#3", "tintindex": 0},
				"up": {"uv": [3.5625, 7.125, 3.5, 3.5], "texture": "#3", "tintindex": 0},
				"down": {"uv": [3.8125, 3.5, 3.75, 7.125], "texture": "#3", "tintindex": 0}
			}
		},
		{
			"name": "octagon",
			"from": [7.69627, 8.28984, -11.93355],
			"to": [8.36827, 8.56819, 2.58165],
			"rotation": {"angle": 22.5, "axis": "z", "origin": [8.03227, 8.42901, 1.90965]},
			"faces": {
				"north": {"uv": [0.75, 7, 0.90625, 7.0625], "texture": "#3", "tintindex": 0},
				"east": {"uv": [4, 3.5, 7.625, 3.5625], "texture": "#3", "tintindex": 0},
				"south": {"uv": [7, 0.75, 7.15625, 0.8125], "texture": "#3", "tintindex": 0},
				"west": {"uv": [4, 3.75, 7.625, 3.8125], "texture": "#3", "tintindex": 0},
				"up": {"uv": [1.65625, 5.625, 1.5, 2], "texture": "#3", "tintindex": 0},
				"down": {"uv": [1.90625, 2, 1.75, 5.625], "texture": "#3", "tintindex": 0}
			}
		},
		{
			"name": "octagon",
			"from": [7.69627, 8.91184, 7.46645],
			"to": [8.36827, 9.19019, 9.92645],
			"rotation": {"angle": -22.5, "axis": "z", "origin": [8.03227, 9.05101, 3.50965]},
			"faces": {
				"north": {"uv": [1, 7, 1.15625, 7.0625], "texture": "#3", "tintindex": 0},
				"east": {"uv": [5.75, 5, 6.375, 5.0625], "texture": "#3", "tintindex": 0},
				"south": {"uv": [7, 1, 7.15625, 1.0625], "texture": "#3", "tintindex": 0},
				"west": {"uv": [5.75, 5.25, 6.375, 5.3125], "texture": "#3", "tintindex": 0},
				"up": {"uv": [0.40625, 5.375, 0.25, 4.75], "texture": "#3", "tintindex": 0},
				"down": {"uv": [4.90625, 5, 4.75, 5.625], "texture": "#3", "tintindex": 0}
			}
		},
		{
			"name": "octagon",
			"from": [7.89309, 8.71501, 7.46645],
			"to": [8.17144, 9.38701, 9.92645],
			"rotation": {"angle": 22.5, "axis": "z", "origin": [8.03227, 9.05101, 3.50965]},
			"faces": {
				"north": {"uv": [1.25, 7, 1.3125, 7.15625], "texture": "#3", "tintindex": 0},
				"east": {"uv": [5, 5, 5.625, 5.15625], "texture": "#3", "tintindex": 0},
				"south": {"uv": [7, 1.25, 7.0625, 1.40625], "texture": "#3", "tintindex": 0},
				"west": {"uv": [5.25, 0, 5.875, 0.15625], "texture": "#3", "tintindex": 0},
				"up": {"uv": [4.8125, 6.375, 4.75, 5.75], "texture": "#3", "tintindex": 0},
				"down": {"uv": [5.8125, 5.5, 5.75, 6.125], "texture": "#3", "tintindex": 0}
			}
		},
		{
			"name": "octagon",
			"from": [7.89309, 8.71501, 7.46645],
			"to": [8.17144, 9.38701, 9.92645],
			"rotation": {"angle": -22.5, "axis": "z", "origin": [8.03227, 9.05101, 3.50965]},
			"faces": {
				"north": {"uv": [1.5, 7, 1.5625, 7.15625], "texture": "#3", "tintindex": 0},
				"east": {"uv": [5.25, 0.25, 5.875, 0.40625], "texture": "#3", "tintindex": 0},
				"south": {"uv": [7, 1.5, 7.0625, 1.65625], "texture": "#3", "tintindex": 0},
				"west": {"uv": [5.25, 0.5, 5.875, 0.65625], "texture": "#3", "tintindex": 0},
				"up": {"uv": [6.0625, 0.625, 6, 0], "texture": "#3", "tintindex": 0},
				"down": {"uv": [0.3125, 6, 0.25, 6.625], "texture": "#3", "tintindex": 0}
			}
		},
		{
			"name": "octagon",
			"from": [7.69627, 8.91184, 7.46645],
			"to": [8.36827, 9.19019, 9.92645],
			"rotation": {"angle": 22.5, "axis": "z", "origin": [8.03227, 9.05101, 3.50965]},
			"faces": {
				"north": {"uv": [1.75, 7, 1.90625, 7.0625], "texture": "#3", "tintindex": 0},
				"east": {"uv": [0.5, 6, 1.125, 6.0625], "texture": "#3", "tintindex": 0},
				"south": {"uv": [7, 1.75, 7.15625, 1.8125], "texture": "#3", "tintindex": 0},
				"west": {"uv": [6, 0.75, 6.625, 0.8125], "texture": "#3", "tintindex": 0},
				"up": {"uv": [5.40625, 1.375, 5.25, 0.75], "texture": "#3", "tintindex": 0},
				"down": {"uv": [1.15625, 5.25, 1, 5.875], "texture": "#3", "tintindex": 0}
			}
		},
		{
			"from": [3.89477, 6.78851, 2.30965],
			"to": [5.41977, 8.31351, 19.23465],
			"rotation": {"angle": -22.5, "axis": "y", "origin": [8.13227, 7.18851, 10.40965]},
			"faces": {
				"north": {"uv": [3.5, 3.5, 4.375, 4.375], "texture": "#particle"},
				"east": {"uv": [0, 0, 9.25, 0.875], "texture": "#particle"},
				"south": {"uv": [3.5, 4.375, 4.375, 5.25], "texture": "#particle"},
				"west": {"uv": [0, 0.875, 9.25, 1.75], "texture": "#particle"},
				"up": {"uv": [0.875, 11, 0, 1.75], "texture": "#particle"},
				"down": {"uv": [1.75, 1.75, 0.875, 11], "texture": "#particle"}
			}
		},
		{
			"from": [8.3648, 7.03851, 6.62215],
			"to": [9.8898, 8.56351, 23.54715],
			"rotation": {"angle": 0, "axis": "y", "origin": [8.13227, 7.18851, 10.09715]},
			"faces": {
				"north": {"uv": [3.5, 3.5, 4.375, 4.375], "texture": "#particle"},
				"east": {"uv": [0, 0, 9.25, 0.875], "texture": "#particle"},
				"south": {"uv": [3.5, 4.375, 4.375, 5.25], "texture": "#particle"},
				"west": {"uv": [0, 0.875, 9.25, 1.75], "texture": "#particle"},
				"up": {"uv": [0.875, 11, 0, 1.75], "texture": "#particle"},
				"down": {"uv": [1.75, 1.75, 0.875, 11], "texture": "#particle"}
			}
		},
		{
			"from": [8.2525, 8.48, 6.065],
			"to": [8.3725, 8.6, 6.465],
			"rotation": {"angle": 0, "axis": "y", "origin": [8.5275, 8.5825, 7.225]},
			"faces": {
				"north": {"uv": [10, 2.5, 11.5, 4], "texture": "#1"},
				"east": {"uv": [5, 5, 10, 6.5], "texture": "#1"},
				"south": {"uv": [10.5, 4.5, 12, 6], "texture": "#1"},
				"west": {"uv": [5, 7, 10, 8.5], "texture": "#1"},
				"up": {"uv": [6.5, 14, 5, 9], "texture": "#1"},
				"down": {"uv": [8.5, 9, 7, 14], "texture": "#1"}
			}
		},
		{
			"from": [8.2325, 8.46, 6.445],
			"to": [8.3925, 8.62, 7.185],
			"rotation": {"angle": 0, "axis": "y", "origin": [8.5275, 8.5825, 7.225]},
			"faces": {
				"north": {"uv": [9, 9, 11, 11], "texture": "#1"},
				"east": {"uv": [0, 0, 9.5, 2], "texture": "#1"},
				"south": {"uv": [10, 0, 12, 2], "texture": "#1"},
				"west": {"uv": [0, 2.5, 9.5, 4.5], "texture": "#1"},
				"up": {"uv": [2, 14.5, 0, 5], "texture": "#1"},
				"down": {"uv": [4.5, 5, 2.5, 14.5], "texture": "#1"}
			}
		}
	],
	"display": {
		"thirdperson_righthand": {
			"scale": [0, 0, 0]
		},
		"thirdperson_lefthand": {
			"scale": [0, 0, 0]
		},
		"firstperson_righthand": {
			"rotation": [18, 10, 45.5],
			"translation": [-10, 15.6, 4.75]
		},
		"gui": {
			"scale": [0, 0, 0]
		}
	},
	"groups": [
		{
			"name": "trigger",
			"origin": [8, 7.5694, 36.88866],
			"color": 0,
			"children": [0, 1, 2, 3]
		},
		{
			"name": "lever",
			"origin": [8, -6.91621, 53.7962],
			"color": 0,
			"children": [4, 5, 6, 7, 8, 9, 10, 11, 12, 13, 14, 15, 16, 17, 18, 19]
		},
		{
			"name": "stock",
			"origin": [8, 0.9163, 47.87985],
			"color": 0,
			"children": [20, 21, 22, 23, 24, 25, 26, 27]
		},
		{
			"name": "outlet",
			"origin": [8, 8, 8],
			"color": 0,
			"children": [28]
		},
		{
			"name": "striker",
			"origin": [8, 11.97231, 44.01605],
			"color": 0,
			"children": [29, 30, 31, 32]
		},
		{
			"name": "body",
			"origin": [8, 5.60218, 42.2483],
			"color": 0,
			"children": [33, 34, 35, 36, 37, 38, 39, 40, 41, 42, 43, 44, 45, 46, 47, 48, 49, 50, 51, 52, 53]
		},
		{
			"name": "barrel",
			"origin": [8, 8, 8],
			"color": 0,
			"children": [
				{
					"name": "octagon",
					"origin": [8, 8, 8],
					"color": 0,
					"children": [54, 55, 56, 57]
				},
				{
					"name": "octagon",
					"origin": [8, 8, 8],
					"color": 0,
					"children": [58, 59, 60, 61]
				},
				{
					"name": "octagon",
					"origin": [8, 8, 8],
					"color": 0,
					"children": [62, 63, 64, 65]
				}
			]
		},
		66,
		67,
		{
			"name": "bullet",
			"origin": [8, 8, 8],
			"color": 0,
			"children": [68, 69]
		}
	]
}