{
	"providers": [
		{ "description": "Font Space", "type": "reference", "id": "common/space" },
        { "description": "Special Spaces", "type": "reference", "id": "common/special" },
		{ "description": "FORCE UNICODE", "type": "reference", "id": "minecraft:uniform" },


		{"type":"bitmap","file":"minecraft:font/fade/black_fade.png","ascent":200,"height":100000,"chars":["Æ"]},
		{"type":"bitmap","file":"minecraft:font/fade/white_fade.png","ascent":300,"height":100000,"chars":["Ð"]},
		{"type":"bitmap","file":"minecraft:font/trailer_screen.png","ascent":47,"height":100,"chars":["Ħ"]},
		{"type":"bitmap","file":"minecraft:font/outpost_logo.png","ascent":38,"height":70,"chars":["☩"]},
		{"type":"bitmap","file":"minecraft:font/health/health1.png","ascent":38,"height":70,"chars":["♇"]},
		{"type":"bitmap","file":"minecraft:font/health/health2.png","ascent":38,"height":70,"chars":["♆"]},
		{"type":"bitmap","file":"minecraft:font/health/health3.png","ascent":38,"height":70,"chars":["♅"]},
		{"type":"bitmap","file":"minecraft:font/health/health4.png","ascent":38,"height":70,"chars":["♄"]},
		{"type":"bitmap","file":"minecraft:font/health/health5.png","ascent":38,"height":70,"chars":["♃"]},
		{"type":"bitmap","file":"minecraft:font/health/health6.png","ascent":38,"height":70,"chars":["☧"]}
	]
}

