{
	"credit": "Made with Blockbench",
	"texture_size": [64, 64],
	"textures": {
		"1": "gun/texture",
		"3": "food/canned_beef/texture1",
		"particle": "gun/texture"
	},
	"elements": [
		{
			"from": [6.86162, 6.08275, 7.13246],
			"to": [8.78162, 8.96275, 9.05246],
			"rotation": {"angle": 0, "axis": "y", "origin": [10.38162, 6.00275, 5.53246]},
			"faces": {
				"north": {"uv": [1.75, 2.5, 3.25, 4.75], "texture": "#3"},
				"east": {"uv": [0, 0, 1.5, 2.25], "texture": "#3"},
				"south": {"uv": [1.75, 0, 3.25, 2.25], "texture": "#3"},
				"west": {"uv": [0, 2.5, 1.5, 4.75], "texture": "#3"},
				"up": {"uv": [5, 5.5, 3.5, 4], "rotation": 90, "texture": "#3"},
				"down": {"uv": [1.5, 5, 0, 6.5], "rotation": 270, "texture": "#3"}
			}
		},
		{
			"from": [6.78162, 6.00275, 7.05246],
			"to": [8.86162, 6.32275, 9.13246],
			"rotation": {"angle": 0, "axis": "y", "origin": [10.38162, 6.00275, 5.53246]},
			"faces": {
				"north": {"uv": [5.25, 5.5, 6.875, 5.75], "texture": "#3"},
				"east": {"uv": [5.5, 2.25, 7.125, 2.5], "texture": "#3"},
				"south": {"uv": [5.5, 2.75, 7.125, 3], "texture": "#3"},
				"west": {"uv": [5.5, 3.25, 7.125, 3.5], "texture": "#3"},
				"up": {"uv": [5.125, 1.625, 3.5, 0], "rotation": 90, "texture": "#3"},
				"down": {"uv": [5.125, 2, 3.5, 3.625], "rotation": 270, "texture": "#3"}
			}
		},
		{
			"from": [8.70162, 8.72275, 7.05246],
			"to": [8.86162, 9.04275, 9.13246],
			"rotation": {"angle": 0, "axis": "y", "origin": [10.38162, 6.00275, 5.53246]},
			"faces": {
				"north": {"uv": [8.5, 9, 8.625, 9.25], "texture": "#3"},
				"east": {"uv": [1.75, 5.75, 3.375, 6], "texture": "#3"},
				"south": {"uv": [9, 8, 9.125, 8.25], "texture": "#3"},
				"west": {"uv": [3.75, 6, 5.375, 6.25], "texture": "#3"},
				"up": {"uv": [1.625, 7.375, 0, 7.25], "rotation": 90, "texture": "#3"},
				"down": {"uv": [8.875, 0, 7.25, 0.125], "rotation": 270, "texture": "#3"}
			}
		},
		{
			"from": [6.78162, 8.72275, 7.05246],
			"to": [6.94162, 9.04275, 9.13246],
			"rotation": {"angle": 0, "axis": "y", "origin": [10.38162, 6.00275, 5.53246]},
			"faces": {
				"north": {"uv": [9, 9, 9.125, 9.25], "texture": "#3"},
				"east": {"uv": [5.75, 6, 7.375, 6.25], "texture": "#3"},
				"south": {"uv": [9, 8.5, 9.125, 8.75], "texture": "#3"},
				"west": {"uv": [1.75, 6.25, 3.375, 6.5], "texture": "#3"},
				"up": {"uv": [8.875, 0.625, 7.25, 0.5], "rotation": 90, "texture": "#3"},
				"down": {"uv": [8.875, 1, 7.25, 1.125], "rotation": 270, "texture": "#3"}
			}
		},
		{
			"from": [6.94162, 8.72275, 7.05246],
			"to": [8.70162, 9.04275, 7.21246],
			"rotation": {"angle": 0, "axis": "y", "origin": [6.86162, 8.88275, 8.09246]},
			"faces": {
				"north": {"uv": [1.75, 6.75, 3.125, 7], "texture": "#3"},
				"east": {"uv": [0, 9.25, 0.125, 9.5], "texture": "#3"},
				"south": {"uv": [0, 6.75, 1.375, 7], "texture": "#3"},
				"west": {"uv": [9.25, 0, 9.375, 0.25], "texture": "#3"},
				"up": {"uv": [2.875, 8.625, 2.75, 7.25], "rotation": 90, "texture": "#3"},
				"down": {"uv": [3.375, 7.25, 3.25, 8.625], "rotation": 270, "texture": "#3"}
			}
		},
		{
			"from": [6.94162, 8.72275, 8.97246],
			"to": [8.70162, 9.04275, 9.13246],
			"rotation": {"angle": 0, "axis": "y", "origin": [6.86162, 8.88275, 8.09246]},
			"faces": {
				"north": {"uv": [7, 3.75, 8.375, 4], "texture": "#3"},
				"east": {"uv": [0.5, 9.25, 0.625, 9.5], "texture": "#3"},
				"south": {"uv": [6.75, 6.5, 8.125, 6.75], "texture": "#3"},
				"west": {"uv": [9.25, 0.5, 9.375, 0.75], "texture": "#3"},
				"up": {"uv": [5.375, 8.875, 5.25, 7.5], "rotation": 90, "texture": "#3"},
				"down": {"uv": [5.875, 7.5, 5.75, 8.875], "rotation": 270, "texture": "#3"}
			}
		},
		{
			"from": [6.99067, 9.3729, 7.21246],
			"to": [7.07067, 10.0129, 8.97246],
			"rotation": {"angle": 22.5, "axis": "z", "origin": [7.15067, 9.78185, 8.09246]},
			"faces": {
				"north": {"uv": [4.75, 8.25, 4.875, 8.75], "texture": "#3"},
				"east": {"uv": [1.75, 5, 3.125, 5.5], "texture": "#3"},
				"south": {"uv": [4.25, 8.25, 4.375, 8.75], "texture": "#3"},
				"west": {"uv": [5.25, 4, 6.625, 4.5], "texture": "#3"},
				"up": {"uv": [8.625, 5.375, 7.25, 5.25], "rotation": 90, "texture": "#3"},
				"down": {"uv": [8.875, 2.25, 7.5, 2.375], "rotation": 270, "texture": "#3"}
			}
		},
		{
			"from": [7.08128, 8.90325, 7.21246],
			"to": [7.16128, 9.38325, 8.97246],
			"rotation": {"angle": -22.5, "axis": "z", "origin": [7.18128, 9.20325, 8.09246]},
			"faces": {
				"north": {"uv": [7, 8.5, 7.125, 8.875], "texture": "#3"},
				"east": {"uv": [5.5, 0.75, 6.875, 1.125], "texture": "#3"},
				"south": {"uv": [8.5, 6.25, 8.625, 6.625], "texture": "#3"},
				"west": {"uv": [5.5, 1.5, 6.875, 1.875], "texture": "#3"},
				"up": {"uv": [8.875, 7.125, 7.5, 7], "rotation": 90, "texture": "#3"},
				"down": {"uv": [8.875, 7.5, 7.5, 7.625], "rotation": 270, "texture": "#3"}
			}
		},
		{
			"from": [6.39333, 10.03, 7.21246],
			"to": [7.03333, 10.11, 8.97246],
			"rotation": {"angle": -22.5, "axis": "z", "origin": [6.64335, 10.13238, 8.09246]},
			"faces": {
				"north": {"uv": [2, 8.5, 2.5, 8.625], "texture": "#3"},
				"east": {"uv": [7.5, 2.75, 8.875, 2.875], "texture": "#3"},
				"south": {"uv": [8.25, 8, 8.75, 8.125], "texture": "#3"},
				"west": {"uv": [7.5, 3.25, 8.875, 3.375], "texture": "#3"},
				"up": {"uv": [6.625, 5.25, 5.25, 4.75], "rotation": 90, "texture": "#3"},
				"down": {"uv": [6.875, 0, 5.5, 0.5], "rotation": 270, "texture": "#3"}
			}
		},
		{
			"from": [13.87874, 11.17401, 9.45246],
			"to": [14.11874, 11.33401, 9.93246],
			"rotation": {"angle": -22.5, "axis": "z", "origin": [13.09657, 10.31457, 9.64903]},
			"faces": {
				"north": {"uv": [9.25, 4.25, 9.5, 4.375], "texture": "#3"},
				"east": {"uv": [4.5, 9, 4.875, 9.125], "texture": "#3"},
				"south": {"uv": [9.25, 3, 9.5, 3.125], "texture": "#3"},
				"west": {"uv": [9, 5.25, 9.375, 5.375], "texture": "#3"},
				"up": {"uv": [8.375, 1.75, 8, 1.5], "rotation": 90, "texture": "#3"},
				"down": {"uv": [2.375, 8, 2, 8.25], "rotation": 270, "texture": "#3"}
			}
		},
		{
			"from": [13.1705, 10.32234, 9.45246],
			"to": [14.3705, 10.48234, 9.93246],
			"rotation": {"angle": 22.5, "axis": "z", "origin": [13.09657, 10.31457, 9.64903]},
			"faces": {
				"north": {"uv": [3.75, 7.75, 4.75, 7.875], "texture": "#3"},
				"east": {"uv": [3, 9, 3.375, 9.125], "texture": "#3"},
				"south": {"uv": [0, 7.75, 1, 7.875], "texture": "#3"},
				"west": {"uv": [3.75, 9, 4.125, 9.125], "texture": "#3"},
				"up": {"uv": [4.125, 7.5, 3.75, 6.5], "rotation": 90, "texture": "#3"},
				"down": {"uv": [4.875, 6.5, 4.5, 7.5], "rotation": 270, "texture": "#3"}
			}
		},
		{
			"from": [12.96986, 9.88707, 9.45246],
			"to": [13.12986, 10.44707, 9.93246],
			"rotation": {"angle": -45, "axis": "z", "origin": [13.09657, 10.31457, 9.64903]},
			"faces": {
				"north": {"uv": [8.5, 4.75, 9, 4.875], "rotation": 90, "texture": "#3"},
				"east": {"uv": [2.375, 7.25, 2, 7.75], "rotation": 180, "texture": "#3"},
				"south": {"uv": [8.5, 4.25, 9, 4.375], "rotation": 270, "texture": "#3"},
				"west": {"uv": [7.625, 2, 7.25, 1.5], "texture": "#3"},
				"up": {"uv": [1.5, 9, 1.875, 9.125], "rotation": 270, "texture": "#3"},
				"down": {"uv": [2.25, 9, 2.625, 9.125], "rotation": 270, "texture": "#3"}
			}
		},
		{
			"from": [11.91435, 10.12022, 9.45246],
			"to": [12.71435, 10.20022, 9.93246],
			"rotation": {"angle": 22.5, "axis": "z", "origin": [13.09657, 10.31457, 9.64903]},
			"faces": {
				"north": {"uv": [1, 8.25, 1.625, 8.375], "texture": "#3"},
				"east": {"uv": [0, 8.75, 0.375, 8.875], "texture": "#3"},
				"south": {"uv": [0, 8.25, 0.625, 8.375], "texture": "#3"},
				"west": {"uv": [0.75, 8.75, 1.125, 8.875], "texture": "#3"},
				"up": {"uv": [7.375, 4.875, 7, 4.25], "rotation": 90, "texture": "#3"},
				"down": {"uv": [7.125, 7, 6.75, 7.625], "rotation": 270, "texture": "#3"}
			}
		},
		{
			"from": [12.47435, 10.20022, 9.45246],
			"to": [12.71435, 10.28022, 9.93246],
			"rotation": {"angle": 22.5, "axis": "z", "origin": [13.09657, 10.31457, 9.64903]},
			"faces": {
				"north": {"uv": [9.25, 2.5, 9.5, 2.625], "texture": "#3"},
				"east": {"uv": [8.75, 1.5, 9.125, 1.625], "texture": "#3"},
				"south": {"uv": [9.25, 2, 9.5, 2.125], "texture": "#3"},
				"west": {"uv": [8.75, 3.75, 9.125, 3.875], "texture": "#3"},
				"up": {"uv": [8.125, 5, 7.75, 4.75], "rotation": 90, "texture": "#3"},
				"down": {"uv": [8.125, 5.75, 7.75, 6], "rotation": 270, "texture": "#3"}
			}
		},
		{
			"from": [11.51435, 10.20022, 9.37246],
			"to": [12.47435, 10.28022, 10.01246],
			"rotation": {"angle": 22.5, "axis": "z", "origin": [13.09657, 10.31457, 9.64903]},
			"faces": {
				"north": {"uv": [7.25, 8, 8, 8.125], "texture": "#3"},
				"east": {"uv": [8.5, 5.75, 9, 5.875], "texture": "#3"},
				"south": {"uv": [6.25, 8, 7, 8.125], "texture": "#3"},
				"west": {"uv": [6.25, 8.5, 6.75, 8.625], "texture": "#3"},
				"up": {"uv": [5.67188, 7.17188, 5.32813, 6.65625], "rotation": 90, "texture": "#3"},
				"down": {"uv": [6.5, 6.5, 6, 7.25], "rotation": 270, "texture": "#3"}
			}
		},
		{
			"from": [12.63227, 9.12851, 7.76215],
			"to": [29.55727, 10.65351, 9.28715],
			"rotation": {"angle": -22.5, "axis": "y", "origin": [10.93227, 7.25101, 10.40965]},
			"faces": {
				"north": {"uv": [0, 0, 9.25, 0.875], "texture": "#1"},
				"east": {"uv": [3.5, 4.375, 4.375, 5.25], "texture": "#1"},
				"south": {"uv": [0, 0.875, 9.25, 1.75], "texture": "#1"},
				"west": {"uv": [3.5, 3.5, 4.375, 4.375], "texture": "#1"},
				"up": {"uv": [0.875, 11, 0, 1.75], "rotation": 270, "texture": "#1"},
				"down": {"uv": [1.75, 1.75, 0.875, 11], "rotation": 90, "texture": "#1"}
			}
		},
		{
			"from": [5.48977, 6.86351, 9.67715],
			"to": [7.01477, 8.38851, 26.60215],
			"rotation": {"angle": -45, "axis": "y", "origin": [8.13227, 7.25101, 10.40965]},
			"faces": {
				"north": {"uv": [3.5, 3.5, 4.375, 4.375], "texture": "#1"},
				"east": {"uv": [0, 0, 9.25, 0.875], "texture": "#1"},
				"south": {"uv": [3.5, 4.375, 4.375, 5.25], "texture": "#1"},
				"west": {"uv": [0, 0.875, 9.25, 1.75], "texture": "#1"},
				"up": {"uv": [0.875, 11, 0, 1.75], "texture": "#1"},
				"down": {"uv": [1.75, 1.75, 0.875, 11], "texture": "#1"}
			}
		},
		{
			"from": [7.83435, 8.84022, 7.95246],
			"to": [8.07435, 8.92022, 8.13246],
			"rotation": {"angle": 0, "axis": "z", "origin": [9.07657, 9.29457, 8.10903]},
			"faces": {
				"north": {"uv": [7.5, 8.5, 7.875, 8.625], "texture": "#3"},
				"east": {"uv": [1, 9.25, 1.25, 9.375], "texture": "#3"},
				"south": {"uv": [8.25, 8.5, 8.625, 8.625], "texture": "#3"},
				"west": {"uv": [9.25, 1, 9.5, 1.125], "texture": "#3"},
				"up": {"uv": [1.625, 8, 1.25, 7.75], "texture": "#3"},
				"down": {"uv": [8.125, 4.25, 7.75, 4.5], "texture": "#3"}
			}
		},
		{
			"from": [7.67435, 9.26022, 7.93246],
			"to": [7.85435, 9.34022, 8.37246],
			"rotation": {"angle": 22.5, "axis": "z", "origin": [9.07657, 9.29457, 8.10903]},
			"faces": {
				"north": {"uv": [7.5, 8.5, 7.875, 8.625], "texture": "#3"},
				"east": {"uv": [1, 9.25, 1.25, 9.375], "texture": "#3"},
				"south": {"uv": [8.25, 8.5, 8.625, 8.625], "texture": "#3"},
				"west": {"uv": [9.25, 1, 9.5, 1.125], "texture": "#3"},
				"up": {"uv": [1.625, 8, 1.25, 7.75], "texture": "#3"},
				"down": {"uv": [8.125, 4.25, 7.75, 4.5], "texture": "#3"}
			}
		}
	],
	"display": {
		"thirdperson_righthand": {
			"scale": [0, 0, 0]
		},
		"thirdperson_lefthand": {
			"scale": [0, 0, 0]
		},
		"firstperson_righthand": {
			"rotation": [26, 0, 0],
			"translation": [-11.5, 14.85, 4.75]
		},
		"gui": {
			"scale": [0, 0, 0]
		}
	},
	"groups": [
		0,
		1,
		2,
		3,
		4,
		5,
		6,
		7,
		8,
		{
			"name": "group",
			"origin": [5.44, 5.97075, 5.62398],
			"color": 0,
			"children": [9, 10, 11, 12, 13, 14]
		},
		15,
		16,
		{
			"name": "beef",
			"origin": [8, 8, 8],
			"color": 0,
			"children": [17, 18]
		}
	]
}