{
	"credit": "Made with Blockbench",
	"texture_size": [64, 64],
	"textures": {
		"1": "food/canned_beef/texture1",
		"particle": "gun/texture"
	},
	"elements": [
		{
			"from": [6.86162, 6.08275, 7.13246],
			"to": [8.78162, 8.96275, 9.05246],
			"rotation": {"angle": 0, "axis": "y", "origin": [10.38162, 6.00275, 5.53246]},
			"faces": {
				"north": {"uv": [1.75, 2.5, 3.25, 4.75], "texture": "#1"},
				"east": {"uv": [0, 0, 1.5, 2.25], "texture": "#1"},
				"south": {"uv": [1.75, 0, 3.25, 2.25], "texture": "#1"},
				"west": {"uv": [0, 2.5, 1.5, 4.75], "texture": "#1"},
				"up": {"uv": [5, 5.5, 3.5, 4], "rotation": 90, "texture": "#1"},
				"down": {"uv": [1.5, 5, 0, 6.5], "rotation": 270, "texture": "#1"}
			}
		},
		{
			"from": [6.78162, 6.00275, 7.05246],
			"to": [8.86162, 6.32275, 9.13246],
			"rotation": {"angle": 0, "axis": "y", "origin": [10.38162, 6.00275, 5.53246]},
			"faces": {
				"north": {"uv": [5.25, 5.5, 6.875, 5.75], "texture": "#1"},
				"east": {"uv": [5.5, 2.25, 7.125, 2.5], "texture": "#1"},
				"south": {"uv": [5.5, 2.75, 7.125, 3], "texture": "#1"},
				"west": {"uv": [5.5, 3.25, 7.125, 3.5], "texture": "#1"},
				"up": {"uv": [5.125, 1.625, 3.5, 0], "rotation": 90, "texture": "#1"},
				"down": {"uv": [5.125, 2, 3.5, 3.625], "rotation": 270, "texture": "#1"}
			}
		},
		{
			"from": [8.70162, 8.72275, 7.05246],
			"to": [8.86162, 9.04275, 9.13246],
			"rotation": {"angle": 0, "axis": "y", "origin": [10.38162, 6.00275, 5.53246]},
			"faces": {
				"north": {"uv": [8.5, 9, 8.625, 9.25], "texture": "#1"},
				"east": {"uv": [1.75, 5.75, 3.375, 6], "texture": "#1"},
				"south": {"uv": [9, 8, 9.125, 8.25], "texture": "#1"},
				"west": {"uv": [3.75, 6, 5.375, 6.25], "texture": "#1"},
				"up": {"uv": [1.625, 7.375, 0, 7.25], "rotation": 90, "texture": "#1"},
				"down": {"uv": [8.875, 0, 7.25, 0.125], "rotation": 270, "texture": "#1"}
			}
		},
		{
			"from": [6.78162, 8.72275, 7.05246],
			"to": [6.94162, 9.04275, 9.13246],
			"rotation": {"angle": 0, "axis": "y", "origin": [10.38162, 6.00275, 5.53246]},
			"faces": {
				"north": {"uv": [9, 9, 9.125, 9.25], "texture": "#1"},
				"east": {"uv": [5.75, 6, 7.375, 6.25], "texture": "#1"},
				"south": {"uv": [9, 8.5, 9.125, 8.75], "texture": "#1"},
				"west": {"uv": [1.75, 6.25, 3.375, 6.5], "texture": "#1"},
				"up": {"uv": [8.875, 0.625, 7.25, 0.5], "rotation": 90, "texture": "#1"},
				"down": {"uv": [8.875, 1, 7.25, 1.125], "rotation": 270, "texture": "#1"}
			}
		},
		{
			"from": [6.94162, 8.72275, 7.05246],
			"to": [8.70162, 9.04275, 7.21246],
			"rotation": {"angle": 0, "axis": "y", "origin": [6.86162, 8.88275, 8.09246]},
			"faces": {
				"north": {"uv": [1.75, 6.75, 3.125, 7], "texture": "#1"},
				"east": {"uv": [0, 9.25, 0.125, 9.5], "texture": "#1"},
				"south": {"uv": [0, 6.75, 1.375, 7], "texture": "#1"},
				"west": {"uv": [9.25, 0, 9.375, 0.25], "texture": "#1"},
				"up": {"uv": [2.875, 8.625, 2.75, 7.25], "rotation": 90, "texture": "#1"},
				"down": {"uv": [3.375, 7.25, 3.25, 8.625], "rotation": 270, "texture": "#1"}
			}
		},
		{
			"from": [6.94162, 8.72275, 8.97246],
			"to": [8.70162, 9.04275, 9.13246],
			"rotation": {"angle": 0, "axis": "y", "origin": [6.86162, 8.88275, 8.09246]},
			"faces": {
				"north": {"uv": [7, 3.75, 8.375, 4], "texture": "#1"},
				"east": {"uv": [0.5, 9.25, 0.625, 9.5], "texture": "#1"},
				"south": {"uv": [6.75, 6.5, 8.125, 6.75], "texture": "#1"},
				"west": {"uv": [9.25, 0.5, 9.375, 0.75], "texture": "#1"},
				"up": {"uv": [5.375, 8.875, 5.25, 7.5], "rotation": 90, "texture": "#1"},
				"down": {"uv": [5.875, 7.5, 5.75, 8.875], "rotation": 270, "texture": "#1"}
			}
		},
		{
			"from": [7.41067, 8.94185, 7.21246],
			"to": [8.05067, 9.02185, 8.97246],
			"rotation": {"angle": 0, "axis": "x", "origin": [7.15067, 9.78185, 8.09246]},
			"faces": {
				"north": {"uv": [4.75, 8.25, 4.875, 8.75], "rotation": 270, "texture": "#1"},
				"east": {"uv": [8.625, 5.375, 7.25, 5.25], "rotation": 180, "texture": "#1"},
				"south": {"uv": [4.25, 8.25, 4.375, 8.75], "rotation": 90, "texture": "#1"},
				"west": {"uv": [8.875, 2.25, 7.5, 2.375], "texture": "#1"},
				"up": {"uv": [5.25, 4, 6.625, 4.5], "rotation": 90, "texture": "#1"},
				"down": {"uv": [1.75, 5, 3.125, 5.5], "rotation": 90, "texture": "#1"}
			}
		},
		{
			"from": [6.94128, 8.94325, 7.21246],
			"to": [7.42128, 9.02325, 8.97246],
			"rotation": {"angle": 0, "axis": "x", "origin": [7.18128, 9.20325, 8.09246]},
			"faces": {
				"north": {"uv": [7, 8.5, 7.125, 8.875], "rotation": 270, "texture": "#1"},
				"east": {"uv": [8.875, 7.125, 7.5, 7], "rotation": 180, "texture": "#1"},
				"south": {"uv": [8.5, 6.25, 8.625, 6.625], "rotation": 90, "texture": "#1"},
				"west": {"uv": [8.875, 7.5, 7.5, 7.625], "texture": "#1"},
				"up": {"uv": [5.5, 1.5, 6.875, 1.875], "rotation": 90, "texture": "#1"},
				"down": {"uv": [5.5, 0.75, 6.875, 1.125], "rotation": 90, "texture": "#1"}
			}
		},
		{
			"from": [8.04335, 8.95238, 7.21246],
			"to": [8.68335, 9.03238, 8.97246],
			"rotation": {"angle": 0, "axis": "x", "origin": [6.64335, 10.13238, 8.09246]},
			"faces": {
				"north": {"uv": [2, 8.5, 2.5, 8.625], "rotation": 180, "texture": "#1"},
				"east": {"uv": [7.5, 3.25, 8.875, 3.375], "rotation": 180, "texture": "#1"},
				"south": {"uv": [8.25, 8, 8.75, 8.125], "rotation": 180, "texture": "#1"},
				"west": {"uv": [7.5, 2.75, 8.875, 2.875], "rotation": 180, "texture": "#1"},
				"up": {"uv": [6.875, 0, 5.5, 0.5], "rotation": 90, "texture": "#1"},
				"down": {"uv": [6.625, 5.25, 5.25, 4.75], "rotation": 270, "texture": "#1"}
			}
		}
	],
	"display": {
		"firstperson_righthand": {
			"rotation": [26, 0, 0],
			"translation": [-12.75, 5.25, 4.75],
			"scale": [0, 0, 0]
		},
		"firstperson_lefthand": {
			"scale": [0, 0, 0]
		},
		"gui": {
			"rotation": [20, 21, 0],
			"translation": [0.75, 1, 0],
			"scale": [3, 3, 3]
		}
	},
	"groups": [
		0,
		1,
		2,
		3,
		4,
		5,
		6,
		7,
		8,
		{
			"name": "group",
			"origin": [5.44, 5.97075, 5.62398],
			"color": 0,
			"children": []
		}
	]
}