{
	"credit": "Made by Forest",
	"textures": {
		"0": "gun/bullet/bullet",
		"particle": "gun/bullet/bullet"
	},
	"elements": [
		{
			"from": [7.5, 7.5, 6.75],
			"to": [8.5, 8.5, 9.25],
			"rotation": {"angle": 0, "axis": "y", "origin": [8, 8, 8]},
			"faces": {
				"north": {"uv": [5, 0, 7, 2], "texture": "#0"},
				"east": {"uv": [0, 2, 5, 4], "texture": "#0"},
				"south": {"uv": [5, 2, 7, 4], "texture": "#0"},
				"west": {"uv": [0, 0, 5, 2], "texture": "#0"},
				"up": {"uv": [5, 2, 0, 4], "rotation": 90, "texture": "#0"},
				"down": {"uv": [5, 0, 0, 2], "rotation": 90, "texture": "#0"}
			}
		}
	]
}