{
	"credit": "Made by Forest",
	"textures": {
		"0": "outpost/gun/bullet/bullet",
		"particle": "outpost/gun/bullet/bullet"
	},
	"elements": [
		{
			"from": [7.65, 7.7, 4],
			"to": [8.35, 8.4, 9.5],
			"rotation": {"angle": 0, "axis": "y", "origin": [7.95, 8, 9.5]},
			"faces": {
				"north": {"uv": [5, 0, 7, 2], "texture": "#0"},
				"east": {"uv": [0, 2, 5, 4], "texture": "#0"},
				"south": {"uv": [5, 2, 7, 4], "texture": "#0"},
				"west": {"uv": [0, 0, 5, 2], "texture": "#0"},
				"up": {"uv": [5, 2, 0, 4], "rotation": 90, "texture": "#0"},
				"down": {"uv": [5, 0, 0, 2], "rotation": 90, "texture": "#0"}
			}
		}
	]
}