{
	"credit": "Made by Forest",
	"textures": {
		"1": "outpost/gun/bullet/bullet",
		"2": "outpost/equipment/backpack_attack2",
		"3": "outpost/ammo/buckshot",
		"4": "outpost/ammo/44-40",
		"particle": "outpost/equipment/backpack_attack2"
	},
	"elements": [
		{
			"from": [7.5, 7.5, 7.5],
			"to": [8.5, 8.5, 8.5],
			"rotation": {"angle": 0, "axis": "y", "origin": [8, 8, 8]},
			"faces": {
				"north": {"uv": [5, 0, 7, 2], "texture": "#1"},
				"east": {"uv": [0, 2, 5, 4], "texture": "#1"},
				"south": {"uv": [5, 2, 7, 4], "texture": "#1"},
				"west": {"uv": [0, 0, 5, 2], "texture": "#1"},
				"up": {"uv": [5, 2, 0, 4], "rotation": 90, "texture": "#1"},
				"down": {"uv": [5, 0, 0, 2], "rotation": 90, "texture": "#1"}
			}
		},
		{
			"from": [7.9375, 1, 7.9375],
			"to": [8.0625, 15, 8.0625],
			"rotation": {"angle": 0, "axis": "y", "origin": [8, 8, 8]},
			"faces": {
				"north": {"uv": [1, 1, 1.5, 1.5], "texture": "#2"},
				"east": {"uv": [1, 1, 1.5, 1.5], "texture": "#2"},
				"south": {"uv": [1, 1, 1.5, 1.5], "texture": "#2"},
				"west": {"uv": [1, 1, 1.5, 1.5], "texture": "#2"},
				"up": {"uv": [5, 2, 0, 4], "rotation": 90, "texture": "#2"},
				"down": {"uv": [1, 1, 1.5, 1.5], "texture": "#2"}
			}
		},
		{
			"from": [1, 7.9375, 7.9375],
			"to": [15, 8.0625, 8.0625],
			"rotation": {"angle": 0, "axis": "z", "origin": [8, 8, 8]},
			"faces": {
				"north": {"uv": [2, 3, 3, 4], "rotation": 270, "texture": "#3"},
				"east": {"uv": [2, 3, 3, 4], "rotation": 270, "texture": "#3"},
				"south": {"uv": [2, 3, 3, 4], "rotation": 270, "texture": "#3"},
				"west": {"uv": [2, 3, 3, 4], "rotation": 270, "texture": "#3"},
				"up": {"uv": [2, 3, 3, 4], "rotation": 270, "texture": "#3"},
				"down": {"uv": [2, 3, 3, 4], "rotation": 270, "texture": "#3"}
			}
		},
		{
			"from": [7.9375, 7.9375, 1],
			"to": [8.0625, 8.0625, 15],
			"rotation": {"angle": 0, "axis": "y", "origin": [8, 8, 8]},
			"faces": {
				"north": {"uv": [2, 2, 3, 3], "rotation": 270, "texture": "#4"},
				"east": {"uv": [2, 2, 3, 3], "rotation": 270, "texture": "#4"},
				"south": {"uv": [2, 2, 3, 3], "rotation": 270, "texture": "#4"},
				"west": {"uv": [2, 2, 3, 3], "rotation": 270, "texture": "#4"},
				"up": {"uv": [2, 2, 3, 3], "rotation": 180, "texture": "#4"},
				"down": {"uv": [2, 2, 3, 3], "texture": "#4"}
			}
		}
	]
}