{
	"credit": "Made with Blockbench",
	"texture_size": [128, 128],
	"textures": {
		"1": "gun/shell",
		"4": "gun/double_barrel/texture",
		"particle": "gun/double_barrel/texture1"
	},
	"elements": [
		{
			"from": [7.8, 8.85973, 11.66923],
			"to": [8.2, 9.25973, 11.91923],
			"rotation": {"angle": 0, "axis": "y", "origin": [7.99914, 8.61966, 10.72121]},
			"faces": {
				"north": {"uv": [8.25, 4.625, 8.5, 4.875], "texture": "#4"},
				"east": {"uv": [2.5, 8.625, 2.6875, 8.875], "texture": "#4", "tintindex": 0},
				"south": {"uv": [5, 8.25, 5.25, 8.5], "texture": "#4"},
				"west": {"uv": [2.875, 8.625, 3.0625, 8.875], "texture": "#4"},
				"up": {"uv": [8.875, 3.3125, 8.625, 3.125], "texture": "#4"},
				"down": {"uv": [4.125, 8.625, 3.875, 8.8125], "texture": "#4"}
			}
		},
		{
			"from": [7.755, 7.90915, 13.67086],
			"to": [8.245, 8.50915, 17.47086],
			"rotation": {"angle": 0, "axis": "y", "origin": [7.99914, 8.61966, 10.72121]},
			"faces": {
				"north": {"uv": [2.5, 7.75, 2.8125, 8.125], "texture": "#4", "tintindex": 0},
				"east": {"uv": [2.5, 3.5, 4.875, 3.875], "texture": "#4", "tintindex": 0},
				"south": {"uv": [3.875, 7.75, 4.1875, 8.125], "texture": "#4", "tintindex": 0},
				"west": {"uv": [2.5, 4, 4.875, 4.375], "texture": "#4", "tintindex": 0},
				"up": {"uv": [2.8125, 6.875, 2.5, 4.5], "texture": "#4", "tintindex": 0},
				"down": {"uv": [3.3125, 4.5, 3, 6.875], "texture": "#4", "tintindex": 0}
			}
		},
		{
			"from": [7.76, 7.18983, 13.60425],
			"to": [8.24, 7.28983, 13.90425],
			"rotation": {"angle": -22.5, "axis": "x", "origin": [7.99914, 8.61966, 10.72121]},
			"faces": {
				"north": {"uv": [9.125, 0, 9.4375, 0.0625], "texture": "#4", "tintindex": 0},
				"east": {"uv": [9.375, 0.75, 9.5625, 0.8125], "texture": "#4", "tintindex": 0},
				"south": {"uv": [9.125, 0.25, 9.4375, 0.3125], "texture": "#4", "tintindex": 0},
				"west": {"uv": [9.375, 1, 9.5625, 1.0625], "texture": "#4", "tintindex": 0},
				"up": {"uv": [8.8125, 0.9375, 8.5, 0.75], "texture": "#4", "tintindex": 0},
				"down": {"uv": [8.8125, 1.125, 8.5, 1.3125], "texture": "#4", "tintindex": 0}
			}
		},
		{
			"from": [7.755, 8.50915, 14.17086],
			"to": [8.245, 8.60915, 17.47086],
			"rotation": {"angle": 0, "axis": "y", "origin": [7.99914, 8.61966, 10.72121]},
			"faces": {
				"north": {"uv": [7.75, 9, 8.0625, 9.0625], "texture": "#4", "tintindex": 0},
				"east": {"uv": [7.375, 7.375, 9.4375, 7.4375], "texture": "#4", "tintindex": 0},
				"south": {"uv": [8.25, 9, 8.5625, 9.0625], "texture": "#4", "tintindex": 0},
				"west": {"uv": [7.5, 2.875, 9.5625, 2.9375], "texture": "#4", "tintindex": 0},
				"up": {"uv": [3.8125, 6.5625, 3.5, 4.5], "texture": "#4", "tintindex": 0},
				"down": {"uv": [4.3125, 4.5, 4, 6.5625], "texture": "#4", "tintindex": 0}
			}
		},
		{
			"from": [7.755, 7.50915, 15.07086],
			"to": [8.245, 7.90915, 17.47086],
			"rotation": {"angle": 0, "axis": "y", "origin": [7.99914, 8.61966, 10.72121]},
			"faces": {
				"north": {"uv": [7.875, 7.625, 8.1875, 7.875], "texture": "#4", "tintindex": 0},
				"east": {"uv": [5.5, 5, 7, 5.25], "texture": "#4", "tintindex": 0},
				"south": {"uv": [8, 2.5, 8.3125, 2.75], "texture": "#4", "tintindex": 0},
				"west": {"uv": [5.5, 5.375, 7, 5.625], "texture": "#4", "tintindex": 0},
				"up": {"uv": [5.3125, 5, 5, 3.5], "texture": "#4", "tintindex": 0},
				"down": {"uv": [5.3125, 5.125, 5, 6.625], "texture": "#4", "tintindex": 0}
			}
		},
		{
			"from": [7.755, 6.90915, 16.07086],
			"to": [8.245, 7.50915, 17.47086],
			"rotation": {"angle": 0, "axis": "y", "origin": [7.99914, 8.61966, 10.72121]},
			"faces": {
				"north": {"uv": [5, 7.75, 5.3125, 8.125], "texture": "#4", "tintindex": 0},
				"east": {"uv": [5.5, 5.75, 6.375, 6.125], "texture": "#4", "tintindex": 0},
				"south": {"uv": [7.75, 5.125, 8.0625, 5.5], "texture": "#4", "tintindex": 0},
				"west": {"uv": [6, 2.5, 6.875, 2.875], "texture": "#4", "tintindex": 0},
				"up": {"uv": [4.1875, 7.625, 3.875, 6.75], "texture": "#4", "tintindex": 0},
				"down": {"uv": [5.3125, 6.75, 5, 7.625], "texture": "#4", "tintindex": 0}
			}
		},
		{
			"from": [7.725, 6.82536, 17.4249],
			"to": [8.275, 8.62536, 17.6249],
			"rotation": {"angle": 0, "axis": "y", "origin": [7.99914, 8.61966, 10.72121]},
			"faces": {
				"north": {"uv": [5.5, 2.5, 5.875, 3.625], "texture": "#4"},
				"east": {"uv": [3.25, 7.375, 3.375, 8.5], "texture": "#4"},
				"south": {"uv": [5.5, 3.75, 5.875, 4.875], "texture": "#4"},
				"west": {"uv": [6.25, 7.375, 6.375, 8.5], "texture": "#4"},
				"up": {"uv": [8.875, 1.625, 8.5, 1.5], "texture": "#4"},
				"down": {"uv": [8.875, 2.5, 8.5, 2.625], "texture": "#4"}
			}
		},
		{
			"from": [7.725, 9.00387, 17.58604],
			"to": [8.275, 9.60387, 17.78604],
			"rotation": {"angle": 22.5, "axis": "x", "origin": [7.99914, 8.61966, 10.72121]},
			"faces": {
				"north": {"uv": [7.375, 6.375, 7.75, 6.75], "texture": "#4"},
				"east": {"uv": [3, 7.75, 3.125, 8.125], "texture": "#4"},
				"south": {"uv": [7.375, 6.875, 7.75, 7.25], "texture": "#4"},
				"west": {"uv": [1.5, 8.625, 1.625, 9], "texture": "#4"},
				"up": {"uv": [7.875, 4.25, 7.5, 4.125], "texture": "#4"},
				"down": {"uv": [8.75, 6.875, 8.375, 7], "texture": "#4"}
			}
		},
		{
			"from": [7.75, 9.05006, 11.6669],
			"to": [8.25, 9.65006, 17.6669],
			"rotation": {"angle": 22.5, "axis": "x", "origin": [7.99914, 8.61966, 10.72121]},
			"faces": {
				"north": {"uv": [7.5, 3.625, 7.8125, 4], "texture": "#4", "tintindex": 0},
				"east": {"uv": [1.5, 2.5, 5.25, 2.875], "texture": "#4", "tintindex": 0},
				"south": {"uv": [7.375, 7.625, 7.6875, 8], "texture": "#4", "tintindex": 0},
				"west": {"uv": [1.5, 3, 5.25, 3.375], "texture": "#4", "tintindex": 0},
				"up": {"uv": [1.8125, 7.25, 1.5, 3.5], "texture": "#4", "tintindex": 0},
				"down": {"uv": [2.3125, 3.5, 2, 7.25], "texture": "#4", "tintindex": 0}
			}
		},
		{
			"from": [7.85, 9.05468, 11.66499],
			"to": [8.15, 9.65468, 12.46499],
			"rotation": {"angle": 22.5, "axis": "x", "origin": [7.99914, 8.61966, 10.72121]},
			"faces": {
				"north": {"uv": [7, 7.75, 7.1875, 8.125], "texture": "#4", "tintindex": 0},
				"east": {"uv": [7.125, 5.125, 7.625, 5.5], "texture": "#4", "tintindex": 0},
				"south": {"uv": [3.5, 8, 3.6875, 8.375], "texture": "#4", "tintindex": 0},
				"west": {"uv": [1.5, 7.375, 2, 7.75], "texture": "#4", "tintindex": 0},
				"up": {"uv": [5.6875, 8.25, 5.5, 7.75], "texture": "#4"},
				"down": {"uv": [6.0625, 7.75, 5.875, 8.25], "texture": "#4", "tintindex": 0}
			}
		},
		{
			"from": [7.755, 8.46354, 11.3701],
			"to": [8.245, 8.81354, 12.3701],
			"rotation": {"angle": 0, "axis": "y", "origin": [7.99914, 8.61966, 10.72121]},
			"faces": {
				"north": {"uv": [7.875, 8, 8.1875, 8.25], "texture": "#4", "tintindex": 0},
				"east": {"uv": [2.5, 7.375, 3.125, 7.625], "texture": "#4", "tintindex": 0},
				"south": {"uv": [2, 8.125, 2.3125, 8.375], "texture": "#4", "tintindex": 0},
				"west": {"uv": [5.5, 7.375, 6.125, 7.625], "texture": "#4", "tintindex": 0},
				"up": {"uv": [7.3125, 3.5, 7, 2.875], "texture": "#4", "tintindex": 0},
				"down": {"uv": [7.3125, 3.625, 7, 4.25], "texture": "#4", "tintindex": 0}
			}
		},
		{
			"from": [7.75, 8.80973, 11.58923],
			"to": [8.25, 9.20973, 11.98923],
			"rotation": {"angle": 0, "axis": "y", "origin": [7.99914, 8.61966, 10.72121]},
			"faces": {
				"north": {"uv": [6.5, 7.75, 6.8125, 8], "texture": "#4"},
				"east": {"uv": [2.875, 8.25, 3.125, 8.5], "texture": "#4"},
				"south": {"uv": [1.5, 7.875, 1.8125, 8.125], "texture": "#4"},
				"west": {"uv": [3.875, 8.25, 4.125, 8.5], "texture": "#4"},
				"up": {"uv": [8.1875, 6.625, 7.875, 6.375], "texture": "#4"},
				"down": {"uv": [8.1875, 6.75, 7.875, 7], "texture": "#4"}
			}
		},
		{
			"from": [7.45, 8.73473, 11.58923],
			"to": [7.75, 9.23473, 11.98923],
			"rotation": {"angle": 0, "axis": "y", "origin": [7.99914, 8.61966, 10.72121]},
			"faces": {
				"north": {"uv": [5.5, 9.25, 5.5625, 9.5], "texture": "#4"},
				"east": {"uv": [8.375, 0, 8.625, 0.25], "texture": "#4"},
				"south": {"uv": [9.25, 5.625, 9.3125, 5.875], "texture": "#4"},
				"west": {"uv": [8.375, 0.375, 8.625, 0.625], "texture": "#4"},
				"up": {"uv": [5.8125, 9.5, 5.75, 9.25], "texture": "#4"},
				"down": {"uv": [6.0625, 9.25, 6, 9.5], "texture": "#4"}
			}
		},
		{
			"from": [8.25, 8.73473, 11.58923],
			"to": [8.55, 9.23473, 11.98923],
			"rotation": {"angle": 0, "axis": "y", "origin": [7.99914, 8.61966, 10.72121]},
			"faces": {
				"north": {"uv": [9.25, 6, 9.3125, 6.25], "texture": "#4"},
				"east": {"uv": [5.375, 8.375, 5.625, 8.625], "texture": "#4"},
				"south": {"uv": [6.25, 9.25, 6.3125, 9.5], "texture": "#4"},
				"west": {"uv": [8.375, 5.375, 8.625, 5.625], "texture": "#4"},
				"up": {"uv": [9.3125, 6.625, 9.25, 6.375], "texture": "#4"},
				"down": {"uv": [6.5625, 9.25, 6.5, 9.5], "texture": "#4"}
			}
		},
		{
			"from": [7.855, 8.81473, 11.58923],
			"to": [8.145, 9.21473, 11.98923],
			"rotation": {"angle": 0, "axis": "y", "origin": [7.99914, 8.61966, 10.72121]},
			"faces": {
				"north": {"uv": [8.625, 4.625, 8.8125, 4.875], "texture": "#4"},
				"east": {"uv": [8.25, 5, 8.5, 5.25], "texture": "#4"},
				"south": {"uv": [5, 8.625, 5.1875, 8.875], "texture": "#4"},
				"west": {"uv": [6.875, 8.25, 7.125, 8.5], "texture": "#4"},
				"up": {"uv": [8.8125, 5.25, 8.625, 5], "texture": "#4"},
				"down": {"uv": [7.0625, 8.625, 6.875, 8.875], "texture": "#4"}
			}
		},
		{
			"from": [7.95, 9.19092, 11.90837],
			"to": [8.05, 9.24092, 12.00837],
			"rotation": {"angle": 0, "axis": "y", "origin": [7.99914, 8.61966, 10.72121]},
			"faces": {
				"north": {"uv": [9.875, 5.875, 9.9375, 5.9375], "texture": "#4"},
				"east": {"uv": [6, 9.875, 6.0625, 9.9375], "texture": "#4"},
				"south": {"uv": [6.25, 9.875, 6.3125, 9.9375], "texture": "#4"},
				"west": {"uv": [6.5, 9.875, 6.5625, 9.9375], "texture": "#4"},
				"up": {"uv": [6.8125, 9.9375, 6.75, 9.875], "texture": "#4"},
				"down": {"uv": [9.9375, 6.875, 9.875, 6.9375], "texture": "#4"}
			}
		},
		{
			"from": [7.95, 9.63621, 11.67264],
			"to": [8.05, 9.68621, 12.22264],
			"rotation": {"angle": 22.5, "axis": "x", "origin": [7.99914, 8.61966, 10.72121]},
			"faces": {
				"north": {"uv": [7, 9.875, 7.0625, 9.9375], "texture": "#4"},
				"east": {"uv": [9, 4.125, 9.375, 4.1875], "texture": "#4"},
				"south": {"uv": [9.875, 7.625, 9.9375, 7.6875], "texture": "#4"},
				"west": {"uv": [9, 4.625, 9.375, 4.6875], "texture": "#4"},
				"up": {"uv": [3.9375, 9.375, 3.875, 9], "texture": "#4"},
				"down": {"uv": [9.0625, 4.875, 9, 5.25], "texture": "#4"}
			}
		},
		{
			"from": [7.925, 9.63621, 12.07264],
			"to": [8.075, 9.73621, 12.27264],
			"rotation": {"angle": 22.5, "axis": "x", "origin": [7.99914, 8.61966, 10.72121]},
			"faces": {
				"north": {"uv": [9.75, 5.375, 9.875, 5.4375], "texture": "#4"},
				"east": {"uv": [9.75, 6.125, 9.875, 6.1875], "texture": "#4"},
				"south": {"uv": [9.75, 6.375, 9.875, 6.4375], "texture": "#4"},
				"west": {"uv": [9.75, 6.625, 9.875, 6.6875], "texture": "#4"},
				"up": {"uv": [3.375, 8.75, 3.25, 8.625], "texture": "#4"},
				"down": {"uv": [2.625, 9.25, 2.5, 9.375], "texture": "#4"}
			}
		},
		{
			"from": [7.695, 8.43854, 10.5701],
			"to": [7.795, 8.83854, 11.9701],
			"rotation": {"angle": 0, "axis": "y", "origin": [7.99914, 8.61966, 10.72121]},
			"faces": {
				"north": {"uv": [5.25, 9.25, 5.3125, 9.5], "texture": "#4"},
				"east": {"uv": [2.5, 7, 3.375, 7.25], "texture": "#4"},
				"south": {"uv": [9.25, 5.25, 9.3125, 5.5], "texture": "#4"},
				"west": {"uv": [7, 2.5, 7.875, 2.75], "texture": "#4"},
				"up": {"uv": [7.3125, 9.375, 7.25, 8.5], "texture": "#4"},
				"down": {"uv": [7.5625, 8.5, 7.5, 9.375], "texture": "#4"}
			}
		},
		{
			"from": [7.79, 8.41354, 10.5751],
			"to": [8.21, 8.51354, 12.3751],
			"rotation": {"angle": 0, "axis": "y", "origin": [7.99914, 8.61966, 10.72121]},
			"faces": {
				"north": {"uv": [9.25, 3.625, 9.5, 3.6875], "texture": "#4", "tintindex": 0},
				"east": {"uv": [7.875, 7.125, 9, 7.1875], "texture": "#4", "tintindex": 0},
				"south": {"uv": [4.125, 9.25, 4.375, 9.3125], "texture": "#4", "tintindex": 0},
				"west": {"uv": [8.125, 4.375, 9.25, 4.4375], "texture": "#4", "tintindex": 0},
				"up": {"uv": [6.75, 6.875, 6.5, 5.75], "texture": "#4", "tintindex": 0},
				"down": {"uv": [3.75, 6.75, 3.5, 7.875], "texture": "#4", "tintindex": 0}
			}
		},
		{
			"from": [7.695, 8.46354, 11.9701],
			"to": [7.745, 8.76354, 12.2701],
			"rotation": {"angle": 0, "axis": "y", "origin": [7.99914, 8.61966, 10.72121]},
			"faces": {
				"north": {"uv": [3.25, 9.5, 3.3125, 9.6875], "texture": "#4"},
				"east": {"uv": [8.875, 6, 9.0625, 6.1875], "texture": "#4"},
				"south": {"uv": [3.5, 9.5, 3.5625, 9.6875], "texture": "#4"},
				"west": {"uv": [8.875, 6.375, 9.0625, 6.5625], "texture": "#4"},
				"up": {"uv": [3.8125, 9.6875, 3.75, 9.5], "texture": "#4"},
				"down": {"uv": [9.5625, 3.875, 9.5, 4.0625], "texture": "#4"}
			}
		},
		{
			"from": [7.7, 9.1998, 11.79127],
			"to": [7.745, 9.2998, 12.09127],
			"rotation": {"angle": 22.5, "axis": "x", "origin": [7.99914, 8.61966, 10.72121]},
			"faces": {
				"north": {"uv": [8.625, 9.875, 8.6875, 9.9375], "texture": "#4"},
				"east": {"uv": [9.5, 5.625, 9.6875, 5.6875], "texture": "#4"},
				"south": {"uv": [9.875, 8.625, 9.9375, 8.6875], "texture": "#4"},
				"west": {"uv": [9.5, 5.875, 9.6875, 5.9375], "texture": "#4"},
				"up": {"uv": [9.5625, 6.3125, 9.5, 6.125], "texture": "#4"},
				"down": {"uv": [9.5625, 6.5, 9.5, 6.6875], "texture": "#4"}
			}
		},
		{
			"from": [7.7, 7.97439, 11.80572],
			"to": [7.745, 8.07439, 12.10572],
			"rotation": {"angle": -22.5, "axis": "x", "origin": [7.99914, 8.61966, 10.72121]},
			"faces": {
				"north": {"uv": [8.375, 9.875, 8.4375, 9.9375], "texture": "#4"},
				"east": {"uv": [4, 9.5, 4.1875, 9.5625], "texture": "#4"},
				"south": {"uv": [9.875, 8.375, 9.9375, 8.4375], "texture": "#4"},
				"west": {"uv": [9.5, 4.625, 9.6875, 4.6875], "texture": "#4"},
				"up": {"uv": [9.5625, 5.0625, 9.5, 4.875], "texture": "#4"},
				"down": {"uv": [9.5625, 5.25, 9.5, 5.4375], "texture": "#4"}
			}
		},
		{
			"from": [8.255, 8.46354, 11.9701],
			"to": [8.305, 8.76354, 12.2701],
			"rotation": {"angle": 0, "axis": "y", "origin": [7.99914, 8.61966, 10.72121]},
			"faces": {
				"north": {"uv": [2.25, 9.5, 2.3125, 9.6875], "texture": "#4"},
				"east": {"uv": [8.875, 3.5, 9.0625, 3.6875], "texture": "#4"},
				"south": {"uv": [2.5, 9.5, 2.5625, 9.6875], "texture": "#4"},
				"west": {"uv": [8.875, 5.625, 9.0625, 5.8125], "texture": "#4"},
				"up": {"uv": [2.8125, 9.6875, 2.75, 9.5], "texture": "#4"},
				"down": {"uv": [3.0625, 9.5, 3, 9.6875], "texture": "#4"}
			}
		},
		{
			"from": [8.255, 9.1998, 11.79127],
			"to": [8.3, 9.2998, 12.09127],
			"rotation": {"angle": 22.5, "axis": "x", "origin": [7.99914, 8.61966, 10.72121]},
			"faces": {
				"north": {"uv": [8.125, 9.875, 8.1875, 9.9375], "texture": "#4"},
				"east": {"uv": [9.375, 4.375, 9.5625, 4.4375], "texture": "#4"},
				"south": {"uv": [9.875, 8.125, 9.9375, 8.1875], "texture": "#4"},
				"west": {"uv": [9.25, 9.375, 9.4375, 9.4375], "texture": "#4"},
				"up": {"uv": [1.8125, 9.6875, 1.75, 9.5], "texture": "#4"},
				"down": {"uv": [2.0625, 9.5, 2, 9.6875], "texture": "#4"}
			}
		},
		{
			"from": [8.205, 8.43854, 10.5701],
			"to": [8.305, 8.83854, 11.9701],
			"rotation": {"angle": 0, "axis": "y", "origin": [7.99914, 8.61966, 10.72121]},
			"faces": {
				"north": {"uv": [9.25, 4.875, 9.3125, 5.125], "texture": "#4"},
				"east": {"uv": [6, 4.125, 6.875, 4.375], "texture": "#4"},
				"south": {"uv": [5, 9.25, 5.0625, 9.5], "texture": "#4"},
				"west": {"uv": [6, 4.5, 6.875, 4.75], "texture": "#4"},
				"up": {"uv": [4.3125, 9.125, 4.25, 8.25], "texture": "#4"},
				"down": {"uv": [2.3125, 8.5, 2.25, 9.375], "texture": "#4"}
			}
		},
		{
			"from": [8.255, 7.97439, 11.80572],
			"to": [8.3, 8.07439, 12.10572],
			"rotation": {"angle": -22.5, "axis": "x", "origin": [7.99914, 8.61966, 10.72121]},
			"faces": {
				"north": {"uv": [7.875, 9.875, 7.9375, 9.9375], "texture": "#4"},
				"east": {"uv": [9.375, 1.25, 9.5625, 1.3125], "texture": "#4"},
				"south": {"uv": [9.875, 7.875, 9.9375, 7.9375], "texture": "#4"},
				"west": {"uv": [9.375, 3.125, 9.5625, 3.1875], "texture": "#4"},
				"up": {"uv": [9.4375, 9.0625, 9.375, 8.875], "texture": "#4"},
				"down": {"uv": [9.0625, 9.375, 9, 9.5625], "texture": "#4"}
			}
		},
		{
			"from": [7.65, 8.57112, 10.66538],
			"to": [8.35, 8.67112, 10.76538],
			"rotation": {"angle": -45, "axis": "x", "origin": [7.99914, 8.61966, 10.72121]},
			"faces": {
				"north": {"uv": [8.875, 3.875, 9.3125, 3.9375], "texture": "#4"},
				"east": {"uv": [9.25, 9.875, 9.3125, 9.9375], "texture": "#4"},
				"south": {"uv": [9, 1.5, 9.4375, 1.5625], "texture": "#4"},
				"west": {"uv": [9.875, 9.375, 9.9375, 9.4375], "texture": "#4"},
				"up": {"uv": [2.9375, 9.0625, 2.5, 9], "texture": "#4"},
				"down": {"uv": [9.4375, 2.5, 9, 2.5625], "texture": "#4"}
			}
		},
		{
			"from": [7.75, 8.58854, 9.9701],
			"to": [8.25, 8.88854, 11.2701],
			"rotation": {"angle": -45, "axis": "x", "origin": [8, 8.64913, 10.69225]},
			"faces": {
				"north": {"uv": [8.375, 7.625, 8.6875, 7.8125], "texture": "#4", "tintindex": 0},
				"east": {"uv": [7.375, 5.625, 8.1875, 5.8125], "texture": "#4", "tintindex": 0},
				"south": {"uv": [7.75, 8.375, 8.0625, 8.5625], "texture": "#4", "tintindex": 0},
				"west": {"uv": [7.375, 6, 8.1875, 6.1875], "texture": "#4", "tintindex": 0},
				"up": {"uv": [7.1875, 6.5625, 6.875, 5.75], "texture": "#4", "tintindex": 0},
				"down": {"uv": [7.1875, 6.75, 6.875, 7.5625], "texture": "#4", "tintindex": 0}
			}
		},
		{
			"from": [7.75, 8.68854, 6.7701],
			"to": [8.25, 8.88854, 8.3701],
			"rotation": {"angle": -45, "axis": "x", "origin": [8, 8.64913, 10.69225]},
			"faces": {
				"north": {"uv": [8.5, 4.125, 8.8125, 4.25], "texture": "#4", "tintindex": 0},
				"east": {"uv": [7.5, 3.125, 8.5, 3.25], "texture": "#4", "tintindex": 0},
				"south": {"uv": [5.375, 8.75, 5.6875, 8.875], "texture": "#4"},
				"west": {"uv": [7.5, 3.375, 8.5, 3.5], "texture": "#4", "tintindex": 0},
				"up": {"uv": [6.3125, 7.25, 6, 6.25], "texture": "#4", "tintindex": 0},
				"down": {"uv": [6.8125, 3, 6.5, 4], "texture": "#4", "tintindex": 0}
			}
		},
		{
			"from": [7.75, 7.7045, 8.27005],
			"to": [8.25, 7.9045, 8.57005],
			"rotation": {"angle": -22.5, "axis": "x", "origin": [8, 8.64913, 10.69225]},
			"faces": {
				"north": {"uv": [8.75, 5.375, 9.0625, 5.5], "texture": "#4", "tintindex": 0},
				"east": {"uv": [1.75, 9, 1.9375, 9.125], "texture": "#4", "tintindex": 0},
				"south": {"uv": [5.875, 8.75, 6.1875, 8.875], "texture": "#4"},
				"west": {"uv": [3.125, 9, 3.3125, 9.125], "texture": "#4", "tintindex": 0},
				"up": {"uv": [8.6875, 6.3125, 8.375, 6.125], "texture": "#4", "tintindex": 0},
				"down": {"uv": [8.6875, 6.5, 8.375, 6.6875], "texture": "#4", "tintindex": 0}
			}
		},
		{
			"from": [7.75, 8.58854, 8.3701],
			"to": [8.25, 8.88854, 9.9701],
			"rotation": {"angle": -45, "axis": "x", "origin": [8, 8.64913, 10.69225]},
			"faces": {
				"north": {"uv": [5.75, 8.375, 6.0625, 8.5625], "texture": "#4", "tintindex": 0},
				"east": {"uv": [7, 4.375, 8, 4.5625], "texture": "#4", "tintindex": 0},
				"south": {"uv": [8.375, 5.75, 8.6875, 5.9375], "texture": "#4"},
				"west": {"uv": [7.125, 4.75, 8.125, 4.9375], "texture": "#4", "tintindex": 0},
				"up": {"uv": [6.3125, 4, 6, 3], "texture": "#4", "tintindex": 0},
				"down": {"uv": [5.8125, 6.25, 5.5, 7.25], "texture": "#4", "tintindex": 0}
			}
		},
		{
			"from": [7.75, 8.22441, 9.78653],
			"to": [8.25, 8.42441, 10.08653],
			"rotation": {"angle": -22.5, "axis": "x", "origin": [8, 8.64913, 10.69225]},
			"faces": {
				"north": {"uv": [7.75, 8.75, 8.0625, 8.875], "texture": "#4", "tintindex": 0},
				"east": {"uv": [9, 3.125, 9.1875, 3.25], "texture": "#4", "tintindex": 0},
				"south": {"uv": [8.25, 8.75, 8.5625, 8.875], "texture": "#4"},
				"west": {"uv": [3.5, 9, 3.6875, 9.125], "texture": "#4", "tintindex": 0},
				"up": {"uv": [8.6875, 8.1875, 8.375, 8], "texture": "#4", "tintindex": 0},
				"down": {"uv": [8.5625, 8.375, 8.25, 8.5625], "texture": "#4", "tintindex": 0}
			}
		},
		{
			"from": [7.75, 8.48854, 9.9701],
			"to": [8.25, 8.58854, 10.3201],
			"rotation": {"angle": -45, "axis": "x", "origin": [8, 8.64913, 10.69225]},
			"faces": {
				"north": {"uv": [9.125, 0.5, 9.4375, 0.5625], "texture": "#4", "tintindex": 0},
				"east": {"uv": [2.75, 9.25, 3, 9.3125], "texture": "#4", "tintindex": 0},
				"south": {"uv": [9.125, 7.125, 9.4375, 7.1875], "texture": "#4", "tintindex": 0},
				"west": {"uv": [3.125, 9.25, 3.375, 9.3125], "texture": "#4", "tintindex": 0},
				"up": {"uv": [8.3125, 3.875, 8, 3.625], "texture": "#4", "tintindex": 0},
				"down": {"uv": [8.3125, 4, 8, 4.25], "texture": "#4", "tintindex": 0}
			}
		},
		{
			"from": [7.8, 8.48854, 10.3201],
			"to": [8.2, 8.58854, 11.2701],
			"rotation": {"angle": -45, "axis": "x", "origin": [8, 8.64913, 10.69225]},
			"faces": {
				"north": {"uv": [9.25, 3.375, 9.5, 3.4375], "texture": "#4", "tintindex": 0},
				"east": {"uv": [8.75, 8.375, 9.375, 8.4375], "texture": "#4", "tintindex": 0},
				"south": {"uv": [3.5, 9.25, 3.75, 9.3125], "texture": "#4", "tintindex": 0},
				"west": {"uv": [8.75, 8.625, 9.375, 8.6875], "texture": "#4", "tintindex": 0},
				"up": {"uv": [6.75, 7.625, 6.5, 7], "texture": "#4", "tintindex": 0},
				"down": {"uv": [2.375, 7.375, 2.125, 8], "texture": "#4", "tintindex": 0}
			}
		},
		{
			"from": [7.95, 8.76354, -1.6749],
			"to": [8.05, 9.21354, 11.5251],
			"rotation": {"angle": -45, "axis": "x", "origin": [8, 8.64913, 10.69225]},
			"faces": {
				"north": {"uv": [1.5, 9.125, 1.5625, 9.4375], "texture": "#4"},
				"east": {"uv": [0, 0, 8.25, 0.3125], "texture": "#4"},
				"south": {"uv": [9.125, 8.875, 9.1875, 9.1875], "texture": "#4"},
				"west": {"uv": [0, 0.5, 8.25, 0.8125], "texture": "#4"},
				"up": {"uv": [4.5625, 12.75, 4.5, 4.5], "texture": "#4"},
				"down": {"uv": [4.8125, 4.5, 4.75, 12.75], "texture": "#4"}
			}
		},
		{
			"from": [7.98, 9.21354, -1.5749],
			"to": [8.02, 9.36354, -1.4749],
			"rotation": {"angle": -45, "axis": "x", "origin": [8, 8.64913, 10.69225]},
			"faces": {
				"north": {"uv": [5.25, 9.875, 5.3125, 10], "texture": "#4"},
				"east": {"uv": [5.5, 9.875, 5.5625, 10], "texture": "#4"},
				"south": {"uv": [9.875, 5.625, 9.9375, 5.75], "texture": "#4"},
				"west": {"uv": [5.75, 9.875, 5.8125, 10], "texture": "#4"},
				"up": {"uv": [10.1875, 4.3125, 10.125, 4.25], "texture": "#4"},
				"down": {"uv": [10.1875, 4.5, 10.125, 4.5625], "texture": "#4"}
			}
		},
		{
			"from": [7.95, 9.36354, -1.5749],
			"to": [8.05, 9.46354, -1.4749],
			"rotation": {"angle": -45, "axis": "x", "origin": [8, 8.6491, 10.6922]},
			"faces": {
				"north": {"uv": [10.125, 4.75, 10.1875, 4.8125], "texture": "#4"},
				"east": {"uv": [5, 10.125, 5.0625, 10.1875], "texture": "#4"},
				"south": {"uv": [10.125, 5, 10.1875, 5.0625], "texture": "#4"},
				"west": {"uv": [5.25, 10.125, 5.3125, 10.1875], "texture": "#4"},
				"up": {"uv": [5.5625, 10.1875, 5.5, 10.125], "texture": "#4"},
				"down": {"uv": [10.1875, 5.625, 10.125, 5.6875], "texture": "#4"}
			}
		},
		{
			"from": [8.05, 8.73354, -1.8299],
			"to": [8.55, 9.23354, 11.5701],
			"rotation": {"angle": -45, "axis": "x", "origin": [7.975, 8.67604, 10.3951]},
			"faces": {
				"north": {"uv": [6.5, 8.125, 6.75, 8.375], "texture": "#4"},
				"east": {"uv": [0, 1, 8.375, 1.25], "texture": "#4"},
				"south": {"uv": [7.375, 8.125, 7.625, 8.375], "texture": "#4"},
				"west": {"uv": [0, 1.375, 8.375, 1.625], "texture": "#4"},
				"up": {"uv": [0.25, 10.125, 0, 1.75], "texture": "#4"},
				"down": {"uv": [0.625, 1.75, 0.375, 10.125], "texture": "#4"}
			}
		},
		{
			"from": [7.45, 8.73354, -1.8299],
			"to": [7.95, 9.23354, 11.5701],
			"rotation": {"angle": -45, "axis": "x", "origin": [7.975, 8.67604, 10.3951]},
			"faces": {
				"north": {"uv": [1.5, 8.25, 1.75, 8.5], "texture": "#4"},
				"east": {"uv": [0.75, 1.75, 9.125, 2], "texture": "#4"},
				"south": {"uv": [2.5, 8.25, 2.75, 8.5], "texture": "#4"},
				"west": {"uv": [0.75, 2.125, 9.125, 2.375], "texture": "#4"},
				"up": {"uv": [1, 10.875, 0.75, 2.5], "texture": "#4"},
				"down": {"uv": [1.375, 2.5, 1.125, 10.875], "texture": "#4"}
			}
		},
		{
			"from": [7.975, 8.01763, 12.28249],
			"to": [8.075, 8.41763, 12.33249],
			"rotation": {"angle": -45, "axis": "x", "origin": [8.025, 8.13053, 12.12663]},
			"faces": {
				"north": {"uv": [7, 9.25, 7.0625, 9.5], "texture": "#4"},
				"east": {"uv": [9.25, 7.625, 9.3125, 7.875], "texture": "#4"},
				"south": {"uv": [7.75, 9.25, 7.8125, 9.5], "texture": "#4"},
				"west": {"uv": [8, 9.25, 8.0625, 9.5], "texture": "#4"},
				"up": {"uv": [10.0625, 2.5625, 10, 2.5], "texture": "#4"},
				"down": {"uv": [10.0625, 3.25, 10, 3.3125], "texture": "#4"}
			}
		},
		{
			"from": [7.975, 8.055, 12.31003],
			"to": [8.075, 8.105, 12.36003],
			"rotation": {"angle": -22.5, "axis": "x", "origin": [8.025, 8.13053, 12.12663]},
			"faces": {
				"north": {"uv": [4.25, 10, 4.3125, 10.0625], "texture": "#4"},
				"east": {"uv": [10, 5.375, 10.0625, 5.4375], "texture": "#4"},
				"south": {"uv": [10, 6.125, 10.0625, 6.1875], "texture": "#4"},
				"west": {"uv": [10, 6.375, 10.0625, 6.4375], "texture": "#4"},
				"up": {"uv": [10.0625, 6.6875, 10, 6.625], "texture": "#4"},
				"down": {"uv": [10.0625, 7.125, 10, 7.1875], "texture": "#4"}
			}
		},
		{
			"from": [7.975, 8.00007, 12.32116],
			"to": [8.075, 8.15007, 12.37116],
			"rotation": {"angle": 0, "axis": "y", "origin": [8.025, 8.13053, 12.12663]},
			"faces": {
				"north": {"uv": [2.5, 9.875, 2.5625, 10], "texture": "#4"},
				"east": {"uv": [2.75, 9.875, 2.8125, 10], "texture": "#4"},
				"south": {"uv": [3, 9.875, 3.0625, 10], "texture": "#4"},
				"west": {"uv": [3.25, 9.875, 3.3125, 10], "texture": "#4"},
				"up": {"uv": [10.0625, 3.5625, 10, 3.5], "texture": "#4"},
				"down": {"uv": [4.0625, 10, 4, 10.0625], "texture": "#4"}
			}
		},
		{
			"from": [7.975, 8.00358, 12.35247],
			"to": [8.075, 8.10358, 12.40247],
			"rotation": {"angle": 22.5, "axis": "x", "origin": [8.025, 8.13053, 12.12663]},
			"faces": {
				"north": {"uv": [7.25, 10, 7.3125, 10.0625], "texture": "#4"},
				"east": {"uv": [10, 7.375, 10.0625, 7.4375], "texture": "#4"},
				"south": {"uv": [7.5, 10, 7.5625, 10.0625], "texture": "#4"},
				"west": {"uv": [8.875, 10, 8.9375, 10.0625], "texture": "#4"},
				"up": {"uv": [10.0625, 8.9375, 10, 8.875], "texture": "#4"},
				"down": {"uv": [10.0625, 9.125, 10, 9.1875], "texture": "#4"}
			}
		},
		{
			"from": [7.925, 8.14011, 11.85897],
			"to": [8.025, 8.19011, 11.95897],
			"rotation": {"angle": -45, "axis": "x", "origin": [8.025, 8.13053, 12.17663]},
			"faces": {
				"north": {"uv": [10.125, 2.75, 10.1875, 2.8125], "texture": "#4"},
				"east": {"uv": [3, 10.125, 3.0625, 10.1875], "texture": "#4"},
				"south": {"uv": [10.125, 3, 10.1875, 3.0625], "texture": "#4"},
				"west": {"uv": [3.25, 10.125, 3.3125, 10.1875], "texture": "#4"},
				"up": {"uv": [3.5625, 10.1875, 3.5, 10.125], "texture": "#4"},
				"down": {"uv": [3.8125, 10.125, 3.75, 10.1875], "texture": "#4"}
			}
		},
		{
			"from": [7.925, 7.9331, 12.03448],
			"to": [8.025, 8.0831, 12.08448],
			"rotation": {"angle": 22.5, "axis": "x", "origin": [8.025, 8.13053, 12.17663]},
			"faces": {
				"north": {"uv": [3.5, 9.875, 3.5625, 10], "texture": "#4"},
				"east": {"uv": [3.75, 9.875, 3.8125, 10], "texture": "#4"},
				"south": {"uv": [9.875, 4.625, 9.9375, 4.75], "texture": "#4"},
				"west": {"uv": [5, 9.875, 5.0625, 10], "texture": "#4"},
				"up": {"uv": [2.5625, 10.1875, 2.5, 10.125], "texture": "#4"},
				"down": {"uv": [2.8125, 10.125, 2.75, 10.1875], "texture": "#4"}
			}
		},
		{
			"from": [7.925, 8.20834, 12.04707],
			"to": [8.025, 8.60834, 12.09707],
			"rotation": {"angle": -22.5, "axis": "x", "origin": [8.025, 8.13053, 12.17663]},
			"faces": {
				"north": {"uv": [9.25, 8, 9.3125, 8.25], "texture": "#4"},
				"east": {"uv": [8.25, 9.25, 8.3125, 9.5], "texture": "#4"},
				"south": {"uv": [8.5, 9.25, 8.5625, 9.5], "texture": "#4"},
				"west": {"uv": [8.75, 9.25, 8.8125, 9.5], "texture": "#4"},
				"up": {"uv": [10.1875, 2.1875, 10.125, 2.125], "texture": "#4"},
				"down": {"uv": [2.3125, 10.125, 2.25, 10.1875], "texture": "#4"}
			}
		},
		{
			"from": [7.925, 8.12197, 12.02335],
			"to": [8.025, 8.17197, 12.07335],
			"rotation": {"angle": 0, "axis": "y", "origin": [8.025, 8.13053, 12.17663]},
			"faces": {
				"north": {"uv": [9.5, 10, 9.5625, 10.0625], "texture": "#4"},
				"east": {"uv": [10.125, 1, 10.1875, 1.0625], "texture": "#4"},
				"south": {"uv": [10.125, 1.625, 10.1875, 1.6875], "texture": "#4"},
				"west": {"uv": [1.75, 10.125, 1.8125, 10.1875], "texture": "#4"},
				"up": {"uv": [10.1875, 1.9375, 10.125, 1.875], "texture": "#4"},
				"down": {"uv": [2.0625, 10.125, 2, 10.1875], "texture": "#4"}
			}
		},
		{
			"from": [7.85, 7.98507, 11.53376],
			"to": [8.15, 8.03507, 11.68376],
			"rotation": {"angle": 45, "axis": "x", "origin": [8, 8.01007, 11.55876]},
			"faces": {
				"north": {"uv": [9.625, 7.125, 9.8125, 7.1875], "texture": "#4"},
				"east": {"uv": [2, 9.875, 2.125, 9.9375], "texture": "#4"},
				"south": {"uv": [9.625, 7.375, 9.8125, 7.4375], "texture": "#4"},
				"west": {"uv": [2.25, 9.875, 2.375, 9.9375], "texture": "#4"},
				"up": {"uv": [6.6875, 9.125, 6.5, 9], "texture": "#4"},
				"down": {"uv": [7.0625, 9, 6.875, 9.125], "texture": "#4"}
			}
		},
		{
			"from": [7.85, 8.27182, 11.84415],
			"to": [8.15, 8.32182, 12.34415],
			"rotation": {"angle": 22.5, "axis": "x", "origin": [8, 8.24682, 12.46415]},
			"faces": {
				"north": {"uv": [9.75, 3.875, 9.9375, 3.9375], "texture": "#4"},
				"east": {"uv": [9.25, 2, 9.5625, 2.0625], "texture": "#4"},
				"south": {"uv": [4, 9.75, 4.1875, 9.8125], "texture": "#4"},
				"west": {"uv": [9.25, 2.25, 9.5625, 2.3125], "texture": "#4"},
				"up": {"uv": [8.6875, 3.9375, 8.5, 3.625], "texture": "#4"},
				"down": {"uv": [6.6875, 8.5, 6.5, 8.8125], "texture": "#4"}
			}
		},
		{
			"from": [7.85, 8.34986, 12.4379],
			"to": [8.15, 8.73986, 12.4879],
			"rotation": {"angle": -45, "axis": "x", "origin": [8, 8.29986, 12.5879]},
			"faces": {
				"north": {"uv": [8.75, 0, 8.9375, 0.25], "texture": "#4"},
				"east": {"uv": [6.75, 9.25, 6.8125, 9.5], "texture": "#4"},
				"south": {"uv": [8.75, 0.375, 8.9375, 0.625], "texture": "#4"},
				"west": {"uv": [9.25, 6.75, 9.3125, 7], "texture": "#4"},
				"up": {"uv": [9.6875, 6.9375, 9.5, 6.875], "texture": "#4"},
				"down": {"uv": [7.4375, 9.5, 7.25, 9.5625], "texture": "#4"}
			}
		},
		{
			"from": [7.85, 8.15303, 12.42417],
			"to": [8.15, 8.25303, 12.47417],
			"rotation": {"angle": -22.5, "axis": "x", "origin": [8, 8.27803, 12.44917]},
			"faces": {
				"north": {"uv": [9.75, 4.125, 9.9375, 4.1875], "texture": "#4"},
				"east": {"uv": [10.125, 3.75, 10.1875, 3.8125], "texture": "#4"},
				"south": {"uv": [9.75, 4.375, 9.9375, 4.4375], "texture": "#4"},
				"west": {"uv": [10.125, 4, 10.1875, 4.0625], "texture": "#4"},
				"up": {"uv": [9.9375, 4.9375, 9.75, 4.875], "texture": "#4"},
				"down": {"uv": [9.9375, 5.125, 9.75, 5.1875], "texture": "#4"}
			}
		},
		{
			"from": [7.85, 8.37182, 12.38915],
			"to": [8.15, 8.47182, 12.43915],
			"rotation": {"angle": -22.5, "axis": "x", "origin": [8, 8.24682, 12.46415]},
			"faces": {
				"north": {"uv": [9.75, 2, 9.9375, 2.0625], "texture": "#4"},
				"east": {"uv": [10, 1.375, 10.0625, 1.4375], "texture": "#4"},
				"south": {"uv": [9.75, 2.25, 9.9375, 2.3125], "texture": "#4"},
				"west": {"uv": [1.5, 10, 1.5625, 10.0625], "texture": "#4"},
				"up": {"uv": [9.9375, 2.8125, 9.75, 2.75], "texture": "#4"},
				"down": {"uv": [9.9375, 3, 9.75, 3.0625], "texture": "#4"}
			}
		},
		{
			"from": [7.85, 8.07211, 12.4701],
			"to": [8.15, 8.17211, 12.5201],
			"rotation": {"angle": 0, "axis": "y", "origin": [8, 7.97211, 12.4951]},
			"faces": {
				"north": {"uv": [9.5, 7.625, 9.6875, 7.6875], "texture": "#4"},
				"east": {"uv": [9.875, 9.625, 9.9375, 9.6875], "texture": "#4"},
				"south": {"uv": [9.5, 7.875, 9.6875, 7.9375], "texture": "#4"},
				"west": {"uv": [9.875, 9.875, 9.9375, 9.9375], "texture": "#4"},
				"up": {"uv": [9.6875, 8.1875, 9.5, 8.125], "texture": "#4"},
				"down": {"uv": [9.6875, 8.375, 9.5, 8.4375], "texture": "#4"}
			}
		},
		{
			"from": [7.85, 7.93549, 12.45287],
			"to": [8.15, 8.08549, 12.50287],
			"rotation": {"angle": 22.5, "axis": "x", "origin": [8, 8.03549, 12.47787]},
			"faces": {
				"north": {"uv": [5, 9, 5.1875, 9.125], "texture": "#4"},
				"east": {"uv": [7.25, 9.75, 7.3125, 9.875], "texture": "#4"},
				"south": {"uv": [5.375, 9, 5.5625, 9.125], "texture": "#4"},
				"west": {"uv": [9, 9.75, 9.0625, 9.875], "texture": "#4"},
				"up": {"uv": [9.6875, 8.6875, 9.5, 8.625], "texture": "#4"},
				"down": {"uv": [9.8125, 0, 9.625, 0.0625], "texture": "#4"}
			}
		},
		{
			"from": [7.85, 7.87318, 12.31699],
			"to": [8.15, 7.92318, 12.46699],
			"rotation": {"angle": -45, "axis": "x", "origin": [8, 7.89818, 12.39199]},
			"faces": {
				"north": {"uv": [9.625, 0.25, 9.8125, 0.3125], "texture": "#4"},
				"east": {"uv": [9.625, 9.75, 9.75, 9.8125], "texture": "#4"},
				"south": {"uv": [9.625, 0.5, 9.8125, 0.5625], "texture": "#4"},
				"west": {"uv": [1.75, 9.875, 1.875, 9.9375], "texture": "#4"},
				"up": {"uv": [5.9375, 9.125, 5.75, 9], "texture": "#4"},
				"down": {"uv": [6.3125, 9, 6.125, 9.125], "texture": "#4"}
			}
		},
		{
			"from": [7.85, 7.80833, 11.86044],
			"to": [8.15, 7.85833, 12.31044],
			"rotation": {"angle": 0, "axis": "y", "origin": [8, 7.83333, 12.28544]},
			"faces": {
				"north": {"uv": [5, 9.625, 5.1875, 9.6875], "texture": "#4"},
				"east": {"uv": [1.75, 9.25, 2.0625, 9.3125], "texture": "#4"},
				"south": {"uv": [5.375, 9.625, 5.5625, 9.6875], "texture": "#4"},
				"west": {"uv": [9.25, 1.75, 9.5625, 1.8125], "texture": "#4"},
				"up": {"uv": [2.0625, 8.8125, 1.875, 8.5], "texture": "#4"},
				"down": {"uv": [3.6875, 8.5, 3.5, 8.8125], "texture": "#4"}
			}
		},
		{
			"from": [7.85, 7.89253, 11.63713],
			"to": [8.15, 7.94253, 11.88713],
			"rotation": {"angle": 22.5, "axis": "x", "origin": [8, 7.91753, 11.66213]},
			"faces": {
				"north": {"uv": [5.75, 9.625, 5.9375, 9.6875], "texture": "#4"},
				"east": {"uv": [6.125, 9.625, 6.3125, 9.6875], "texture": "#4"},
				"south": {"uv": [6.5, 9.625, 6.6875, 9.6875], "texture": "#4"},
				"west": {"uv": [6.875, 9.625, 7.0625, 9.6875], "texture": "#4"},
				"up": {"uv": [9.0625, 6.9375, 8.875, 6.75], "texture": "#4"},
				"down": {"uv": [9.0625, 7.625, 8.875, 7.8125], "texture": "#4"}
			}
		},
		{
			"from": [7.85, 7.79686, 12.30277],
			"to": [8.15, 7.84686, 12.35277],
			"rotation": {"angle": -22.5, "axis": "x", "origin": [8, 7.82186, 12.27777]},
			"faces": {
				"north": {"uv": [9.625, 1.5, 9.8125, 1.5625], "texture": "#4"},
				"east": {"uv": [10, 0, 10.0625, 0.0625], "texture": "#4"},
				"south": {"uv": [9.625, 2.5, 9.8125, 2.5625], "texture": "#4"},
				"west": {"uv": [10, 0.25, 10.0625, 0.3125], "texture": "#4"},
				"up": {"uv": [9.8125, 3.4375, 9.625, 3.375], "texture": "#4"},
				"down": {"uv": [9.8125, 3.625, 9.625, 3.6875], "texture": "#4"}
			}
		},
		{
			"from": [7.85, 8.01007, 11.5234],
			"to": [8.15, 8.26007, 11.5734],
			"rotation": {"angle": 0, "axis": "y", "origin": [8, 8.08507, 11.5484]},
			"faces": {
				"north": {"uv": [8.875, 8, 9.0625, 8.1875], "texture": "#4"},
				"east": {"uv": [1.5, 9.625, 1.5625, 9.8125], "texture": "#4"},
				"south": {"uv": [8.75, 8.875, 8.9375, 9.0625], "texture": "#4"},
				"west": {"uv": [7.625, 9.625, 7.6875, 9.8125], "texture": "#4"},
				"up": {"uv": [8.0625, 9.6875, 7.875, 9.625], "texture": "#4"},
				"down": {"uv": [8.4375, 9.625, 8.25, 9.6875], "texture": "#4"}
			}
		},
		{
			"from": [7.85, 8.24099, 11.56933],
			"to": [8.15, 8.34099, 11.61933],
			"rotation": {"angle": 22.5, "axis": "x", "origin": [8, 8.36599, 11.59433]},
			"faces": {
				"north": {"uv": [8.625, 9.625, 8.8125, 9.6875], "texture": "#4"},
				"east": {"uv": [10, 0.5, 10.0625, 0.5625], "texture": "#4"},
				"south": {"uv": [9.625, 8.875, 9.8125, 8.9375], "texture": "#4"},
				"west": {"uv": [10, 0.75, 10.0625, 0.8125], "texture": "#4"},
				"up": {"uv": [9.8125, 9.1875, 9.625, 9.125], "texture": "#4"},
				"down": {"uv": [9.4375, 9.625, 9.25, 9.6875], "texture": "#4"}
			}
		},
		{
			"from": [7.85, 8.32013, 11.5897],
			"to": [8.15, 8.62013, 11.6397],
			"rotation": {"angle": 45, "axis": "x", "origin": [8, 8.37013, 11.6147]},
			"faces": {
				"north": {"uv": [9, 0.75, 9.1875, 0.9375], "texture": "#4"},
				"east": {"uv": [9.625, 9.375, 9.6875, 9.5625], "texture": "#4"},
				"south": {"uv": [9, 1.125, 9.1875, 1.3125], "texture": "#4"},
				"west": {"uv": [9.75, 0.75, 9.8125, 0.9375], "texture": "#4"},
				"up": {"uv": [9.9375, 1.1875, 9.75, 1.125], "texture": "#4"},
				"down": {"uv": [9.9375, 1.75, 9.75, 1.8125], "texture": "#4"}
			}
		},
		{
			"from": [7.47831, 9.83081, 11.51522],
			"to": [8.69831, 11.05081, 25.05522],
			"rotation": {"angle": -22.5, "axis": "y", "origin": [8.10581, 7.64581, 10.69022]},
			"faces": {
				"north": {"uv": [3.5, 3.5, 4.375, 4.375], "texture": "#particle"},
				"east": {"uv": [0, 0, 9.25, 0.875], "texture": "#particle"},
				"south": {"uv": [3.5, 4.375, 4.375, 5.25], "texture": "#particle"},
				"west": {"uv": [0, 0.875, 9.25, 1.75], "texture": "#particle"},
				"up": {"uv": [0.875, 11, 0, 1.75], "texture": "#particle"},
				"down": {"uv": [1.75, 1.75, 0.875, 11], "texture": "#particle"}
			}
		},
		{
			"from": [7.41581, 7.00581, 12.2602],
			"to": [8.63581, 8.22581, 25.8002],
			"rotation": {"angle": 0, "axis": "y", "origin": [8.10581, 7.42581, 10.49022]},
			"faces": {
				"north": {"uv": [3.5, 3.5, 4.375, 4.375], "texture": "#particle"},
				"east": {"uv": [0, 0, 9.25, 0.875], "texture": "#particle"},
				"south": {"uv": [3.5, 4.375, 4.375, 5.25], "texture": "#particle"},
				"west": {"uv": [0, 0.875, 9.25, 1.75], "texture": "#particle"},
				"up": {"uv": [0.875, 11, 0, 1.75], "texture": "#particle"},
				"down": {"uv": [1.75, 1.75, 0.875, 11], "texture": "#particle"}
			}
		},
		{
			"from": [7.5775, 10.023, 11.62481],
			"to": [7.82318, 10.26868, 12.27997],
			"rotation": {"angle": -45, "axis": "x", "origin": [7.67242, 9.24408, 11.7875]},
			"faces": {
				"north": {"uv": [7.5, 4, 9, 5.5], "texture": "#1"},
				"east": {"uv": [0, 0, 4, 1.5], "texture": "#1"},
				"south": {"uv": [7.5, 5.75, 9, 7.25], "texture": "#1"},
				"west": {"uv": [0, 1.75, 4, 3.25], "texture": "#1"},
				"up": {"uv": [1.5, 7.5, 0, 3.5], "texture": "#1"},
				"down": {"uv": [3.25, 3.5, 1.75, 7.5], "texture": "#1"}
			}
		},
		{
			"from": [7.5775, 10.023, 12.26974],
			"to": [7.84366, 10.28916, 12.53589],
			"rotation": {"angle": -45, "axis": "x", "origin": [7.67242, 9.24408, 11.7875]},
			"faces": {
				"north": {"uv": [5.75, 2, 7.5, 3.75], "texture": "#1"},
				"east": {"uv": [3.5, 3.5, 5.5, 5.25], "texture": "#1"},
				"south": {"uv": [6.5, 0, 8.25, 1.75], "texture": "#1"},
				"west": {"uv": [4.25, 0, 6.25, 1.75], "texture": "#1"},
				"up": {"uv": [5.25, 7.5, 3.5, 5.5], "texture": "#1"},
				"down": {"uv": [7.25, 5.5, 5.5, 7.5], "texture": "#1"}
			}
		},
		{
			"from": [8.1775, 10.023, 11.62481],
			"to": [8.42318, 10.26868, 12.27997],
			"rotation": {"angle": -45, "axis": "x", "origin": [7.67242, 9.24408, 11.7875]},
			"faces": {
				"north": {"uv": [7.5, 4, 9, 5.5], "texture": "#1"},
				"east": {"uv": [0, 0, 4, 1.5], "texture": "#1"},
				"south": {"uv": [7.5, 5.75, 9, 7.25], "texture": "#1"},
				"west": {"uv": [0, 1.75, 4, 3.25], "texture": "#1"},
				"up": {"uv": [1.5, 7.5, 0, 3.5], "texture": "#1"},
				"down": {"uv": [3.25, 3.5, 1.75, 7.5], "texture": "#1"}
			}
		},
		{
			"from": [8.1775, 10.023, 12.26974],
			"to": [8.44366, 10.28916, 12.53589],
			"rotation": {"angle": -45, "axis": "x", "origin": [7.67242, 9.24408, 11.7875]},
			"faces": {
				"north": {"uv": [5.75, 2, 7.5, 3.75], "texture": "#1"},
				"east": {"uv": [3.5, 3.5, 5.5, 5.25], "texture": "#1"},
				"south": {"uv": [6.5, 0, 8.25, 1.75], "texture": "#1"},
				"west": {"uv": [4.25, 0, 6.25, 1.75], "texture": "#1"},
				"up": {"uv": [5.25, 7.5, 3.5, 5.5], "texture": "#1"},
				"down": {"uv": [7.25, 5.5, 5.5, 7.5], "texture": "#1"}
			}
		}
	],
	"display": {
		"thirdperson_righthand": {
			"scale": [0, 0, 0]
		},
		"thirdperson_lefthand": {
			"scale": [0, 0, 0]
		},
		"firstperson_righthand": {
			"rotation": [25, -5, 27],
			"translation": [-7.5, 16.85, 3.5]
		},
		"gui": {
			"scale": [0, 0, 0]
		}
	},
	"groups": [
		{
			"name": "group",
			"origin": [6.81481, 7.49933, 25.65179],
			"color": 0,
			"children": [
				{
					"name": "group",
					"origin": [7.99569, 10.03063, 19.75556],
					"color": 0,
					"children": [0, 1, 2, 3, 4, 5, 6, 7, 8, 9, 10, 11, 12, 13, 14]
				},
				{
					"name": "group",
					"origin": [8, 9.27444, 27.19134],
					"color": 0,
					"children": [15, 16, 17]
				},
				{
					"name": "group",
					"origin": [7.99569, 10.03063, 19.75556],
					"color": 0,
					"children": [18, 19, 20, 21, 22, 23, 24, 25, 26, 27]
				}
			]
		},
		{
			"name": "barrel",
			"origin": [8, 8, 8],
			"color": 0,
			"children": [
				{
					"name": "group",
					"origin": [8, 10.2373, 17.84268],
					"color": 0,
					"children": [28, 29, 30, 31, 32, 33, 34]
				},
				{
					"name": "group",
					"origin": [8, 10.2373, 17.84268],
					"color": 0,
					"children": [35, 36, 37]
				},
				{
					"name": "octagon",
					"origin": [8, 8, 8],
					"color": 0,
					"children": []
				},
				{
					"name": "octagon",
					"origin": [8, 8, 8],
					"color": 0,
					"children": []
				},
				38,
				39
			]
		},
		{
			"name": "group",
			"origin": [8, 6.63404, 27.74632],
			"color": 0,
			"children": [40, 41, 42, 43]
		},
		{
			"name": "group",
			"origin": [8, 7.58496, 25.90765],
			"color": 0,
			"children": [44, 45, 46, 47]
		},
		{
			"name": "group",
			"origin": [8, 8.783, 24.22301],
			"color": 0,
			"children": [48, 49, 50, 51, 52, 53, 54, 55, 56, 57, 58, 59, 60, 61]
		},
		62,
		63,
		{
			"name": "shell",
			"origin": [8, 8, 8],
			"color": 0,
			"children": [64, 65]
		},
		{
			"name": "shell",
			"origin": [8, 8, 8],
			"color": 0,
			"children": [66, 67]
		}
	]
}