{
	"credit": "Made by Forest#3391",
	"texture_size": [32, 32],
	"textures": {
		"0": "outpost/equipment/backpack_attack2",
		"particle": "outpost/equipment/backpack_attack2"
	},
	"elements": [
		{
			"from": [4, 0, 4.5],
			"to": [12, 14, 9.5],
			"rotation": {"angle": 0, "axis": "y", "origin": [8, 7, 7]},
			"faces": {
				"north": {"uv": [7.5, 7, 11.5, 14], "texture": "#0"},
				"east": {"uv": [11.5, 0, 14, 7], "texture": "#0"},
				"south": {"uv": [7.5, 0, 11.5, 7], "texture": "#0"},
				"west": {"uv": [14, 0, 11.5, 7], "texture": "#0"},
				"up": {"uv": [3.5, 3.5, 7.5, 6], "texture": "#0"},
				"down": {"uv": [3.5, 8.5, 7.5, 6], "texture": "#0"}
			}
		},
		{
			"from": [4.005, 3.01, 1],
			"to": [5.995, 11.01, 5],
			"rotation": {"angle": 0, "axis": "y", "origin": [8.005, 7, 7]},
			"faces": {
				"north": {"uv": [6.5, 8.5, 7.5, 12.5], "texture": "#0"},
				"east": {"uv": [11.5, 7, 13.5, 11], "texture": "#0"},
				"south": {"uv": [0, 15.5, 0.5, 16], "texture": "#0"},
				"west": {"uv": [13.5, 7, 11.5, 11], "texture": "#0"},
				"up": {"uv": [6.5, 10.5, 5.5, 8.5], "texture": "#0"},
				"down": {"uv": [6.5, 8.5, 5.5, 10.5], "texture": "#0"}
			}
		},
		{
			"from": [10.005, 3.01, 1],
			"to": [11.995, 11.01, 5],
			"rotation": {"angle": 0, "axis": "y", "origin": [7.995, 7, 7]},
			"faces": {
				"north": {"uv": [7.5, 8.5, 6.5, 12.5], "texture": "#0"},
				"east": {"uv": [11.5, 7, 13.5, 11], "texture": "#0"},
				"south": {"uv": [0.5, 15.5, 0, 16], "texture": "#0"},
				"west": {"uv": [13.5, 7, 11.5, 11], "texture": "#0"},
				"up": {"uv": [5.5, 10.5, 6.5, 8.5], "texture": "#0"},
				"down": {"uv": [5.5, 8.5, 6.5, 10.5], "texture": "#0"}
			}
		},
		{
			"from": [4.005, 0.01, 1],
			"to": [11.995, 2.01, 5],
			"rotation": {"angle": 0, "axis": "y", "origin": [7.995, 7, 7]},
			"faces": {
				"north": {"uv": [11.5, 12, 15.5, 13], "texture": "#0"},
				"east": {"uv": [11.5, 11, 13.5, 12], "texture": "#0"},
				"south": {"uv": [0.5, 15.5, 0, 16], "texture": "#0"},
				"west": {"uv": [13.5, 11, 11.5, 12], "texture": "#0"},
				"up": {"uv": [0.5, 15.5, 0, 16], "texture": "#0"},
				"down": {"uv": [0.5, 15.5, 0, 16], "texture": "#0"}
			}
		},
		{
			"from": [6.005, 7.01, 1],
			"to": [9.995, 8.01, 1],
			"rotation": {"angle": 0, "axis": "y", "origin": [7.995, 7, 7]},
			"faces": {
				"north": {"uv": [14.5, 12.5, 12.5, 13], "texture": "#0"},
				"east": {"uv": [0.5, 15.5, 0, 16], "texture": "#0"},
				"south": {"uv": [12.5, 12.5, 14.5, 13], "texture": "#0"},
				"west": {"uv": [0.5, 15.5, 0, 16], "texture": "#0"},
				"up": {"uv": [0.5, 15.5, 0, 16], "texture": "#0"},
				"down": {"uv": [0.5, 15.5, 0, 16], "texture": "#0"}
			}
		},
		{
			"from": [5, 4, 9.5],
			"to": [11, 11, 12.5],
			"rotation": {"angle": 0, "axis": "y", "origin": [8, 7.5, 11]},
			"faces": {
				"north": {"uv": [4.5, 0, 7.5, 3.5], "texture": "#0"},
				"east": {"uv": [3, 0, 4.5, 3.5], "texture": "#0"},
				"south": {"uv": [0, 0, 3, 3.5], "texture": "#0"},
				"west": {"uv": [4.5, 0, 3, 3.5], "texture": "#0"},
				"up": {"uv": [0, 3.5, 3, 5], "texture": "#0"},
				"down": {"uv": [0, 6.5, 3, 5], "texture": "#0"}
			}
		},
		{
			"from": [6, 3.00038, 12.49993],
			"to": [10, 7.00038, 12.49993],
			"rotation": {"angle": -22.5, "axis": "x", "origin": [8, 7.00038, 12.50093]},
			"faces": {
				"north": {"uv": [0, 6.5, 2, 8.5], "texture": "#0"},
				"east": {"uv": [0, 15.5, 0.5, 16], "texture": "#0"},
				"south": {"uv": [0, 6.5, 2, 8.5], "texture": "#0"},
				"west": {"uv": [0, 15.5, 0.5, 16], "texture": "#0"},
				"up": {"uv": [0, 15.5, 0.5, 16], "texture": "#0"},
				"down": {"uv": [0, 15.5, 0.5, 16], "texture": "#0"}
			}
		},
		{
			"from": [10.5, -1, 9.749],
			"to": [11.5, 10, 9.749],
			"rotation": {"angle": 0, "axis": "y", "origin": [11.5, 6.5, 9.499]},
			"faces": {
				"north": {"uv": [3, 3.5, 3.5, 10], "texture": "#0"},
				"east": {"uv": [0, 15.5, 0.5, 16], "texture": "#0"},
				"south": {"uv": [3, 3.5, 3.5, 9], "texture": "#0"},
				"west": {"uv": [0, 15.5, 0.5, 16], "texture": "#0"},
				"up": {"uv": [0, 15.5, 0.5, 16], "texture": "#0"},
				"down": {"uv": [0, 15.5, 0.5, 16], "texture": "#0"}
			}
		},
		{
			"from": [4.5, -1, 9.749],
			"to": [5.5, 10, 9.749],
			"rotation": {"angle": 0, "axis": "y", "origin": [4.5, 6.5, 9.499]},
			"faces": {
				"north": {"uv": [3.5, 3.5, 3, 10], "texture": "#0"},
				"east": {"uv": [0.5, 15.5, 0, 16], "texture": "#0"},
				"south": {"uv": [3.5, 3.5, 3, 9], "texture": "#0"},
				"west": {"uv": [0.5, 15.5, 0, 16], "texture": "#0"},
				"up": {"uv": [0.5, 15.5, 0, 16], "texture": "#0"},
				"down": {"uv": [0.5, 15.5, 0, 16], "texture": "#0"}
			}
		},
		{
			"from": [12, 2.75, 5],
			"to": [14, 10.75, 9],
			"rotation": {"angle": 0, "axis": "y", "origin": [13, 6.75, 7]},
			"faces": {
				"north": {"uv": [15, 4, 14, 8], "texture": "#0"},
				"east": {"uv": [14, 0, 16, 4], "texture": "#0"},
				"south": {"uv": [14, 4, 15, 8], "texture": "#0"},
				"west": {"uv": [16, 0, 14, 4], "texture": "#0"},
				"up": {"uv": [15, 4, 16, 6], "texture": "#0"},
				"down": {"uv": [15, 6, 16, 8], "texture": "#0"}
			}
		},
		{
			"from": [2, 2.75, 5],
			"to": [4, 10.75, 9],
			"rotation": {"angle": 0, "axis": "y", "origin": [3, 6.75, 7]},
			"faces": {
				"north": {"uv": [14, 4, 15, 8], "texture": "#0"},
				"east": {"uv": [14, 0, 16, 4], "texture": "#0"},
				"south": {"uv": [15, 4, 14, 8], "texture": "#0"},
				"west": {"uv": [16, 0, 14, 4], "texture": "#0"},
				"up": {"uv": [16, 4, 15, 6], "texture": "#0"},
				"down": {"uv": [16, 6, 15, 8], "texture": "#0"}
			}
		},
		{
			"name": "cube inverted",
			"from": [11.995, 11.01, 5],
			"to": [10.005, 3.01, 1],
			"rotation": {"angle": 0, "axis": "y", "origin": [7.995, 7, 7]},
			"faces": {
				"north": {"uv": [0.5, 16, 0, 15.5], "texture": "#0"},
				"east": {"uv": [13.5, 11, 11.5, 7], "texture": "#0"},
				"south": {"uv": [7.5, 12.5, 6.5, 8.5], "texture": "#0"},
				"west": {"uv": [11.5, 11, 13.5, 7], "texture": "#0"},
				"up": {"uv": [6.5, 8.5, 5.5, 10.5], "texture": "#0"},
				"down": {"uv": [6.5, 10.5, 5.5, 8.5], "texture": "#0"}
			}
		},
		{
			"name": "cube inverted",
			"from": [5.995, 11.01, 5],
			"to": [4.005, 3.01, 1],
			"rotation": {"angle": 0, "axis": "y", "origin": [8.005, 7, 7]},
			"faces": {
				"north": {"uv": [0, 16, 0.5, 15.5], "texture": "#0"},
				"east": {"uv": [13.5, 11, 11.5, 7], "texture": "#0"},
				"south": {"uv": [6.5, 12.5, 7.5, 8.5], "texture": "#0"},
				"west": {"uv": [11.5, 11, 13.5, 7], "texture": "#0"},
				"up": {"uv": [5.5, 8.5, 6.5, 10.5], "texture": "#0"},
				"down": {"uv": [5.5, 10.5, 6.5, 8.5], "texture": "#0"}
			}
		},
		{
			"name": "cube inverted",
			"from": [11.995, 2.01, 5],
			"to": [4.005, 0.01, 1],
			"rotation": {"angle": 0, "axis": "y", "origin": [7.995, 7, 7]},
			"faces": {
				"north": {"uv": [0.5, 16, 0, 15.5], "texture": "#0"},
				"east": {"uv": [13.5, 12, 11.5, 11], "texture": "#0"},
				"south": {"uv": [11.5, 13, 15.5, 12], "texture": "#0"},
				"west": {"uv": [11.5, 12, 13.5, 11], "texture": "#0"},
				"up": {"uv": [0, 15.5, 0.5, 16], "texture": "#0"},
				"down": {"uv": [0, 15.5, 0.5, 16], "texture": "#0"}
			}
		}
	],
	"display": {
		"thirdperson_righthand": {
			"rotation": [75, -135, 0],
			"translation": [0, 2.5, 0],
			"scale": [0.375, 0.375, 0.375]
		},
		"thirdperson_lefthand": {
			"rotation": [75, -135, 0],
			"translation": [0, 2.5, 0],
			"scale": [0.375, 0.375, 0.375]
		},
		"firstperson_righthand": {
			"rotation": [0, -45, 0],
			"translation": [0.5, 3.75, 0],
			"scale": [0.75, 0.75, 0.75]
		},
		"firstperson_lefthand": {
			"rotation": [0, -45, 0],
			"translation": [0.5, 3.75, 0],
			"scale": [0.75, 0.75, 0.75]
		},
		"ground": {
			"translation": [0, 3, 0],
			"scale": [0.5, 0.5, 0.5]
		},
		"gui": {
			"rotation": [20, -45, 0],
			"translation": [-0.5, 1, 0],
			"scale": [0.8, 0.8, 0.8]
		},
		"head": {
			"translation": [0, -9.625, 10.25],
			"scale": [2, 2, 2]
		},
		"fixed": {
			"rotation": [0, -180, 0],
			"translation": [0, 1, 0]
		}
	}
}