{
	"credit": "Made by Forest#3391",
	"texture_size": [32, 32],
	"textures": {
		"0": "outpost/equipment/backpack_trooper35",
		"particle": "outpost/equipment/backpack_trooper35"
	},
	"elements": [
		{
			"from": [4.5, 0, 6],
			"to": [11.5, 12, 10],
			"rotation": {"angle": 0, "axis": "y", "origin": [3.5, 0, 4]},
			"faces": {
				"north": {"uv": [0, 0, 3.5, 6], "texture": "#0"},
				"east": {"uv": [5.5, 0, 3.5, 6], "texture": "#0"},
				"south": {"uv": [5.5, 0, 9, 6], "texture": "#0"},
				"west": {"uv": [3.5, 0, 5.5, 6], "texture": "#0"},
				"up": {"uv": [0, 6, 3.5, 8], "texture": "#0"},
				"down": {"uv": [0, 8, 3.5, 10], "texture": "#0"}
			}
		},
		{
			"from": [4, 5.5, 5.5],
			"to": [12, 12.5, 10.5],
			"rotation": {"angle": 0, "axis": "y", "origin": [3.5, 0, 4]},
			"faces": {
				"north": {"uv": [9, 0, 13, 3.5], "texture": "#0"},
				"east": {"uv": [15.5, 0, 13, 3.5], "texture": "#0"},
				"south": {"uv": [9, 3.5, 13, 7], "texture": "#0"},
				"west": {"uv": [13, 0, 15.5, 3.5], "texture": "#0"},
				"up": {"uv": [13, 3.5, 15.5, 7.5], "rotation": 90, "texture": "#0"},
				"down": {"uv": [15.5, 15.5, 16, 16], "texture": "#0"}
			}
		},
		{
			"from": [7.5, 5.07612, 5.61732],
			"to": [8.5, 7.07612, 5.61732],
			"rotation": {"angle": 22.5, "axis": "x", "origin": [8, 6.07612, 5.61732]},
			"faces": {
				"north": {"uv": [1.5, 0.5, 2, 1.5], "texture": "#0"},
				"east": {"uv": [15.5, 15.5, 16, 16], "texture": "#0"},
				"south": {"uv": [1.5, 0.5, 2, 1.5], "texture": "#0"},
				"west": {"uv": [15.5, 15.5, 16, 16], "texture": "#0"},
				"up": {"uv": [15.5, 15.5, 16, 16], "texture": "#0"},
				"down": {"uv": [15.5, 15.5, 16, 16], "texture": "#0"}
			}
		},
		{
			"from": [9.75, 0, 9.98438],
			"to": [11.75, 9, 13.98438],
			"rotation": {"angle": 0, "axis": "y", "origin": [12.5, 0, 3.98438]},
			"faces": {
				"north": {"uv": [5, 6, 5.5, 10.5], "texture": "#0"},
				"east": {"uv": [3.5, 6, 5.5, 10.5], "texture": "#0"},
				"south": {"uv": [5.5, 6, 6.5, 10.5], "texture": "#0"},
				"west": {"uv": [5.5, 6, 3.5, 10.5], "texture": "#0"},
				"up": {"uv": [3.5, 10.5, 5.5, 11.5], "rotation": 90, "texture": "#0"},
				"down": {"uv": [5.5, 10.5, 3.5, 11.5], "rotation": 90, "texture": "#0"}
			}
		},
		{
			"name": "cube inverted",
			"from": [11.75, 9, 13.98438],
			"to": [9.75, 0, 9.98438],
			"rotation": {"angle": 0, "axis": "y", "origin": [12.5, 0, 3.98438]},
			"faces": {
				"north": {"uv": [5.5, 10.5, 6.5, 6], "texture": "#0"},
				"east": {"uv": [5.5, 10.5, 3.5, 6], "texture": "#0"},
				"south": {"uv": [5, 10.5, 5.5, 6], "texture": "#0"},
				"west": {"uv": [3.5, 10.5, 5.5, 6], "texture": "#0"},
				"up": {"uv": [5.5, 11.5, 3.5, 10.5], "rotation": 90, "texture": "#0"},
				"down": {"uv": [3.5, 11.5, 5.5, 10.5], "rotation": 90, "texture": "#0"}
			}
		},
		{
			"from": [4.25, 0, 9.98438],
			"to": [6.25, 9, 13.98438],
			"rotation": {"angle": 0, "axis": "y", "origin": [3.5, 0, 3.98438]},
			"faces": {
				"north": {"uv": [5.5, 6, 5, 10.5], "texture": "#0"},
				"east": {"uv": [3.5, 6, 5.5, 10.5], "texture": "#0"},
				"south": {"uv": [6.5, 6, 5.5, 10.5], "texture": "#0"},
				"west": {"uv": [5.5, 6, 3.5, 10.5], "texture": "#0"},
				"up": {"uv": [3.5, 11.5, 5.5, 10.5], "rotation": 90, "texture": "#0"},
				"down": {"uv": [5.5, 11.5, 3.5, 10.5], "rotation": 90, "texture": "#0"}
			}
		},
		{
			"name": "cube inverted",
			"from": [6.25, 9, 13.98438],
			"to": [4.25, 0, 9.98438],
			"rotation": {"angle": 0, "axis": "y", "origin": [3.5, 0, 3.98438]},
			"faces": {
				"north": {"uv": [6.5, 10.5, 5.5, 6], "texture": "#0"},
				"east": {"uv": [5.5, 10.5, 3.5, 6], "texture": "#0"},
				"south": {"uv": [5.5, 10.5, 5, 6], "texture": "#0"},
				"west": {"uv": [3.5, 10.5, 5.5, 6], "texture": "#0"},
				"up": {"uv": [5.5, 10.5, 3.5, 11.5], "rotation": 90, "texture": "#0"},
				"down": {"uv": [3.5, 10.5, 5.5, 11.5], "rotation": 90, "texture": "#0"}
			}
		},
		{
			"name": "cube inverted",
			"from": [12, 12.5, 10.5],
			"to": [4, 5.5, 5.5],
			"rotation": {"angle": 0, "axis": "y", "origin": [3.5, 0, 4]},
			"faces": {
				"north": {"uv": [9, 7, 13, 3.5], "texture": "#0"},
				"east": {"uv": [13, 3.5, 15.5, 0], "texture": "#0"},
				"south": {"uv": [9, 3.5, 13, 0], "texture": "#0"},
				"west": {"uv": [15.5, 3.5, 13, 0], "texture": "#0"},
				"up": {"uv": [16, 15.5, 15.5, 16], "texture": "#0"},
				"down": {"uv": [13, 7.5, 15.5, 3.5], "rotation": 90, "texture": "#0"}
			}
		}
	],
	"display": {
		"thirdperson_righthand": {
			"rotation": [75, 45, 0],
			"translation": [0, 2.5, 0],
			"scale": [0.375, 0.375, 0.375]
		},
		"thirdperson_lefthand": {
			"rotation": [75, 45, 0],
			"translation": [0, 2.5, 0],
			"scale": [0.375, 0.375, 0.375]
		},
		"firstperson_righthand": {
			"rotation": [0, 45, 0],
			"scale": [0.4, 0.4, 0.4]
		},
		"firstperson_lefthand": {
			"rotation": [0, 225, 0],
			"scale": [0.4, 0.4, 0.4]
		},
		"ground": {
			"translation": [0, 1.5, 0],
			"scale": [0.5, 0.5, 0.5]
		},
		"gui": {
			"rotation": [30, 225, 0],
			"translation": [1.25, 1.5, 0]
		},
		"head": {
			"rotation": [0, -180, 0],
			"translation": [0, -7.75, 8],
			"scale": [2, 2, 2]
		},
		"fixed": {
			"translation": [0, 2.75, 0],
			"scale": [1.5, 1.5, 1.5]
		}
	}
}