{
	"credit": "Made with Blockbench",
	"parent": "minecraft:block/button",
	"textures": {
		"0": "outpost/object/planks",
		"particle": "outpost/object/planks"
	},
	"elements": [
		{
			"from": [4.06128, -4.40797, 7.21519],
			"to": [9.06128, 27.59203, 9.21519],
			"rotation": {"angle": -45, "axis": "x", "origin": [9.56128, 7.8504, 6]},
			"faces": {
				"north": {"uv": [0, 12.5, 16, 15], "rotation": 270, "texture": "#0"},
				"east": {"uv": [0, 12.5, 16, 11.5], "rotation": 270, "texture": "#0"},
				"south": {"uv": [0, 12.5, 16, 15], "rotation": 270, "texture": "#0"},
				"west": {"uv": [0, 15, 16, 16], "rotation": 90, "texture": "#0"},
				"up": {"uv": [0, 10.5, 2.5, 11.5], "rotation": 180, "texture": "#0"},
				"down": {"uv": [0, 10.5, 2.5, 11.5], "texture": "#0"}
			}
		},
		{
			"from": [10.06128, -0.81818, 0.24346],
			"to": [15.06128, 31.18182, 2.24346],
			"rotation": {"angle": -22.5, "axis": "x", "origin": [12.56128, 15.18182, 1.24346]},
			"faces": {
				"north": {"uv": [0, 12.5, 16, 15], "rotation": 270, "texture": "#0"},
				"east": {"uv": [0, 12.5, 16, 11.5], "rotation": 270, "texture": "#0"},
				"south": {"uv": [0, 12.5, 16, 15], "rotation": 270, "texture": "#0"},
				"west": {"uv": [0, 15, 16, 16], "rotation": 90, "texture": "#0"},
				"up": {"uv": [0, 10.5, 2.5, 11.5], "rotation": 180, "texture": "#0"},
				"down": {"uv": [0, 10.5, 2.5, 11.5], "texture": "#0"}
			}
		},
		{
			"from": [-4.36656, 0, 7.84937],
			"to": [27.63344, 2, 12.84937],
			"rotation": {"angle": -22.5, "axis": "y", "origin": [9.56128, 7.8504, 6]},
			"faces": {
				"north": {"uv": [0, 12.5, 16, 11.5], "texture": "#0"},
				"east": {"uv": [0, 10.5, 2.5, 11.5], "texture": "#0"},
				"south": {"uv": [0, 15, 16, 16], "texture": "#0"},
				"west": {"uv": [0, 10.5, 2.5, 11.5], "texture": "#0"},
				"up": {"uv": [0, 12.5, 16, 15], "rotation": 180, "texture": "#0"},
				"down": {"uv": [0, 12.5, 16, 15], "rotation": 180, "texture": "#0"}
			}
		}
	],
	"display": {
		"thirdperson_righthand": {
			"rotation": [75, 45, 0],
			"translation": [0, 2.5, 1.5],
			"scale": [0.375, 0.375, 0.375]
		},
		"thirdperson_lefthand": {
			"rotation": [75, 45, 0],
			"translation": [0, 2.5, 1.5],
			"scale": [0.375, 0.375, 0.375]
		},
		"firstperson_righthand": {
			"rotation": [0, 45, 0],
			"translation": [1.5, 4.5, 0],
			"scale": [0.4, 0.4, 0.4]
		},
		"firstperson_lefthand": {
			"rotation": [0, 225, 0],
			"translation": [1.5, 4.5, 0],
			"scale": [0.4, 0.4, 0.4]
		},
		"ground": {
			"translation": [0, 3, 0],
			"scale": [0.25, 0.25, 0.25]
		},
		"gui": {
			"rotation": [35, 35, 0],
			"translation": [-1, -3, 0],
			"scale": [0.4, 0.4, 0.4]
		},
		"head": {
			"translation": [2.5, 14.5, 0]
		},
		"fixed": {
			"rotation": [-90, 0, 0],
			"translation": [0, 0, -14],
			"scale": [2, 2, 2]
		}
	}
}