{
	"parent": "item/generated",
	"textures": {
	"layer0": "item/honeycomb"
	},
	"overrides": [
		{ "predicate": {"custom_model_data": 10000}, "model": "outpost/object/fabric_part1_1"},
		{ "predicate": {"custom_model_data": 10001}, "model": "outpost/object/fabric_part1_2"},
		{ "predicate": {"custom_model_data": 10002}, "model": "outpost/object/fabric_part1_3"},
		{ "predicate": {"custom_model_data": 10003}, "model": "outpost/object/fabric_part2_1"},
		{ "predicate": {"custom_model_data": 10004}, "model": "outpost/object/fabric_part2_2"},
		{ "predicate": {"custom_model_data": 10005}, "model": "outpost/object/fabric_part2_3"}
	]
}