{
	"parent": "item/generated",
	"textures": {
	"layer0": "item/honeycomb"
	},
	"overrides": [
		{ "predicate": {"custom_model_data": 10000}, "model": "outpost/object/leather1"},
		{ "predicate": {"custom_model_data": 10001}, "model": "outpost/object/leather2"},
		{ "predicate": {"custom_model_data": 10002}, "model": "outpost/object/leather3"},
		{ "predicate": {"custom_model_data": 10003}, "model": "outpost/object/matting1"},
		{ "predicate": {"custom_model_data": 10004}, "model": "outpost/object/matting2"},
		{ "predicate": {"custom_model_data": 10005}, "model": "outpost/object/matting3"},
		{ "predicate": {"custom_model_data": 10006}, "model": "outpost/object/fabric1"},
		{ "predicate": {"custom_model_data": 10007}, "model": "outpost/object/fabric2"},
		{ "predicate": {"custom_model_data": 10008}, "model": "outpost/object/fabric3"},
		{ "predicate": {"custom_model_data": 10009}, "model": "outpost/object/clothing_display_rack_coat"},
		{ "predicate": {"custom_model_data": 10010}, "model": "outpost/object/clothing_display_rack_camo"},
		{ "predicate": {"custom_model_data": 10011}, "model": "outpost/object/trophy_deer"}
	]
}