{
	"parent": "item/generated",
	"textures": {
	"layer0": "item/honeycomb"
	},
	"overrides": [
		{ "predicate": {"custom_model_data": 10000}, "model": "outpost/object/leather1"},
		{ "predicate": {"custom_model_data": 10001}, "model": "outpost/object/leather2"},
		{ "predicate": {"custom_model_data": 10002}, "model": "outpost/object/leather3"},
		{ "predicate": {"custom_model_data": 10003}, "model": "outpost/object/net1"},
		{ "predicate": {"custom_model_data": 10004}, "model": "outpost/object/net2"},
		{ "predicate": {"custom_model_data": 10005}, "model": "outpost/object/net3"},
		{ "predicate": {"custom_model_data": 10006}, "model": "outpost/object/fabric"},
		{ "predicate": {"custom_model_data": 10007}, "model": "outpost/object/fabric1"},
		{ "predicate": {"custom_model_data": 10008}, "model": "outpost/object/fabric2"},
		{ "predicate": {"custom_model_data": 10009}, "model": "outpost/object/clothing_display_rack_coat"},
		{ "predicate": {"custom_model_data": 10010}, "model": "outpost/object/clothing_display_rack_camo"},
		{ "predicate": {"custom_model_data": 10011}, "model": "outpost/object/trophy_deer"},
		{ "predicate": {"custom_model_data": 10012}, "model": "outpost/object/concrete_barricade"},
		{ "predicate": {"custom_model_data": 10013}, "model": "outpost/object/chair_type1_1"},
		{ "predicate": {"custom_model_data": 10014}, "model": "outpost/object/chair_type1_2"},
		{ "predicate": {"custom_model_data": 10015}, "model": "outpost/object/chair_type1_3"},
		{ "predicate": {"custom_model_data": 10016}, "model": "outpost/object/chair_type1_4"},
		{ "predicate": {"custom_model_data": 10017}, "model": "outpost/object/chair_type2_1"},
		{ "predicate": {"custom_model_data": 10018}, "model": "outpost/object/chain_type_1"},
		{ "predicate": {"custom_model_data": 10019}, "model": "outpost/object/chain_type_2"},
		{ "predicate": {"custom_model_data": 10020}, "model": "outpost/object/grill"},
		{ "predicate": {"custom_model_data": 10021}, "model": "outpost/object/wooden_rum"},
		{ "predicate": {"custom_model_data": 10023}, "model": "outpost/object/iron_chain_door"},
		{ "predicate": {"custom_model_data": 10024}, "model": "outpost/object/stone_pillar"},
		{ "predicate": {"custom_model_data": 10025}, "model": "outpost/object/burn_barrel"},
		{ "predicate": {"custom_model_data": 10026}, "model": "outpost/object/iron_chain_fence"},
		{ "predicate": {"custom_model_data": 10027}, "model": "outpost/object/dummy"}
		{ "predicate": {"custom_model_data": 10027}, "model": "outpost/object/leather"}
	]
}