{
	"parent": "item/generated",
	"textures": {
	"layer0": "item/honeycomb"
	},
	"overrides": [
		{ "predicate": {"custom_model_data": 10000}, "model": "outpost/object/fabric1_1"},
		{ "predicate": {"custom_model_data": 10001}, "model": "outpost/object/fabric1_2"},
		{ "predicate": {"custom_model_data": 10002}, "model": "outpost/object/fabric1_3"},
		{ "predicate": {"custom_model_data": 10003}, "model": "outpost/object/fabric2_1"},
		{ "predicate": {"custom_model_data": 10004}, "model": "outpost/object/fabric2_2"},
		{ "predicate": {"custom_model_data": 10005}, "model": "outpost/object/fabric2_3"},
		{ "predicate": {"custom_model_data": 10006}, "model": "outpost/object/fabric2_4"},
		{ "predicate": {"custom_model_data": 10007}, "model": "outpost/object/weapon_trader"},
		{ "predicate": {"custom_model_data": 10008}, "model": "outpost/object/cloth_stand1"}
	]
}