{
	"parent": "item/handheld",
	"textures": {
		"layer0": "item/leather_horse_armor"
	},
	"overrides": [
		{ "predicate": {"custom_model_data":100}, "model": "item/gun/sr_scope-0"},
		{ "predicate": {"custom_model_data":101}, "model": "item/gun/sr_scope-1"},
		{ "predicate": {"custom_model_data":102}, "model": "item/gun/sr_scope-2"},
		{ "predicate": {"custom_model_data":103}, "model": "item/gun/sr_scope-3"},
		{ "predicate": {"custom_model_data":110}, "model": "item/gun/sr_scope_shoot-0"},
		{ "predicate": {"custom_model_data":111}, "model": "item/gun/sr_scope_shoot-1"},
		{ "predicate": {"custom_model_data":112}, "model": "item/gun/sr_scope_shoot-2"},
		{ "predicate": {"custom_model_data":113}, "model": "item/gun/sr_scope_shoot-3"},



		{ "predicate": {"custom_model_data":10000}, "model": "item/gun/m700/base-0"},
		{ "predicate": {"custom_model_data":10100}, "model": "item/gun/m700/left-0"},
		{ "predicate": {"custom_model_data":10200}, "model": "item/gun/m700/shoot-0"},
		{ "predicate": {"custom_model_data":10201}, "model": "item/gun/m700/shoot-1"},
		{ "predicate": {"custom_model_data":10202}, "model": "item/gun/m700/shoot-2"},
		{ "predicate": {"custom_model_data":10203}, "model": "item/gun/m700/shoot-3"},
		{ "predicate": {"custom_model_data":10204}, "model": "item/gun/m700/shoot-4"},
		{ "predicate": {"custom_model_data":10300}, "model": "item/gun/m700/zoom-0"},
		{ "predicate": {"custom_model_data":10301}, "model": "item/gun/m700/zoom-1"},
		{ "predicate": {"custom_model_data":10302}, "model": "item/gun/m700/zoom-2"},
		{ "predicate": {"custom_model_data":10303}, "model": "item/gun/m700/zoom-3"},
		{ "predicate": {"custom_model_data":10500}, "model": "item/gun/m700/swap-0"},
		{ "predicate": {"custom_model_data":10501}, "model": "item/gun/m700/swap-1"},
		{ "predicate": {"custom_model_data":10502}, "model": "item/gun/m700/swap-2"},
		{ "predicate": {"custom_model_data":10503}, "model": "item/gun/m700/swap-3"},
		{ "predicate": {"custom_model_data":10504}, "model": "item/gun/m700/swap-4"},
		{ "predicate": {"custom_model_data":10505}, "model": "item/gun/m700/swap-5"},
		{ "predicate": {"custom_model_data":10506}, "model": "item/gun/m700/swap-6"},
		{ "predicate": {"custom_model_data":10507}, "model": "item/gun/m700/swap-7"},
		{ "predicate": {"custom_model_data":10508}, "model": "item/gun/m700/swap-8"},
		{ "predicate": {"custom_model_data":10509}, "model": "item/gun/m700/swap-9"},
		{ "predicate": {"custom_model_data":10510}, "model": "item/gun/m700/swap-10"},
		{ "predicate": {"custom_model_data":10600}, "model": "item/gun/m700/bolt-0"},
		{ "predicate": {"custom_model_data":10601}, "model": "item/gun/m700/bolt-1"},
		{ "predicate": {"custom_model_data":10602}, "model": "item/gun/m700/bolt-2"},
		{ "predicate": {"custom_model_data":10603}, "model": "item/gun/m700/bolt-3"},
		{ "predicate": {"custom_model_data":10604}, "model": "item/gun/m700/bolt-4"},
		{ "predicate": {"custom_model_data":10605}, "model": "item/gun/m700/bolt-5"},
		{ "predicate": {"custom_model_data":10606}, "model": "item/gun/m700/bolt-6"},
		{ "predicate": {"custom_model_data":10607}, "model": "item/gun/m700/bolt-7"},
		{ "predicate": {"custom_model_data":10608}, "model": "item/gun/m700/bolt-8"},
		{ "predicate": {"custom_model_data":10609}, "model": "item/gun/m700/bolt-9"},
		{ "predicate": {"custom_model_data":10610}, "model": "item/gun/m700/bolt-10"},
		{ "predicate": {"custom_model_data":10611}, "model": "item/gun/m700/bolt-11"},
		{ "predicate": {"custom_model_data":10612}, "model": "item/gun/m700/bolt-12"},
		{ "predicate": {"custom_model_data":10613}, "model": "item/gun/m700/bolt-13"},
		{ "predicate": {"custom_model_data":10614}, "model": "item/gun/m700/bolt-14"},
		{ "predicate": {"custom_model_data":10615}, "model": "item/gun/m700/bolt-15"},
		{ "predicate": {"custom_model_data":10616}, "model": "item/gun/m700/bolt-16"},
		{ "predicate": {"custom_model_data":10700}, "model": "item/gun/m700/reload-0"},
		{ "predicate": {"custom_model_data":10701}, "model": "item/gun/m700/reload-1"},
		{ "predicate": {"custom_model_data":10702}, "model": "item/gun/m700/reload-2"},
		{ "predicate": {"custom_model_data":10703}, "model": "item/gun/m700/reload-3"},
		{ "predicate": {"custom_model_data":10704}, "model": "item/gun/m700/reload-4"},
		{ "predicate": {"custom_model_data":10705}, "model": "item/gun/m700/reload-5"},
		{ "predicate": {"custom_model_data":10706}, "model": "item/gun/m700/reload-6"},
		{ "predicate": {"custom_model_data":10707}, "model": "item/gun/m700/reload-7"},
		{ "predicate": {"custom_model_data":10708}, "model": "item/gun/m700/reload-8"},
		{ "predicate": {"custom_model_data":10709}, "model": "item/gun/m700/reload-9"},
		{ "predicate": {"custom_model_data":10710}, "model": "item/gun/m700/reload-10"},
		{ "predicate": {"custom_model_data":10711}, "model": "item/gun/m700/reload-11"},
		{ "predicate": {"custom_model_data":10712}, "model": "item/gun/m700/reload-12"},
		{ "predicate": {"custom_model_data":10713}, "model": "item/gun/m700/reload-13"},
		{ "predicate": {"custom_model_data":10714}, "model": "item/gun/m700/reload-14"},
		{ "predicate": {"custom_model_data":10715}, "model": "item/gun/m700/reload-15"},
		{ "predicate": {"custom_model_data":10716}, "model": "item/gun/m700/reload-16"},
		{ "predicate": {"custom_model_data":10717}, "model": "item/gun/m700/reload-17"},
		{ "predicate": {"custom_model_data":10718}, "model": "item/gun/m700/reload-18"},
		{ "predicate": {"custom_model_data":10719}, "model": "item/gun/m700/reload-19"},
		{ "predicate": {"custom_model_data":10720}, "model": "item/gun/m700/reload-20"},
		{ "predicate": {"custom_model_data":10721}, "model": "item/gun/m700/reload-21"},

		{ "predicate": {"custom_model_data":11000}, "model": "item/gun/winchester_m94/base-0"},
		{ "predicate": {"custom_model_data":11100}, "model": "item/gun/winchester_m94/left-0"},
		{ "predicate": {"custom_model_data":11101}, "model": "item/gun/winchester_m94/left-0_adjusted"},
		{ "predicate": {"custom_model_data":11200}, "model": "item/gun/winchester_m94/shoot-0"},
		{ "predicate": {"custom_model_data":11201}, "model": "item/gun/winchester_m94/shoot-1"},
		{ "predicate": {"custom_model_data":11202}, "model": "item/gun/winchester_m94/shoot-2"},
		{ "predicate": {"custom_model_data":11203}, "model": "item/gun/winchester_m94/shoot-3"},
		{ "predicate": {"custom_model_data":11204}, "model": "item/gun/winchester_m94/shoot-4"},
		{ "predicate": {"custom_model_data":11300}, "model": "item/gun/winchester_m94/zoom-0"},
		{ "predicate": {"custom_model_data":11301}, "model": "item/gun/winchester_m94/zoom-1"},
		{ "predicate": {"custom_model_data":11302}, "model": "item/gun/winchester_m94/zoom-2"},
		{ "predicate": {"custom_model_data":11303}, "model": "item/gun/winchester_m94/zoom-3"},
		{ "predicate": {"custom_model_data":11400}, "model": "item/gun/winchester_m94/zoom_shoot-0"},
		{ "predicate": {"custom_model_data":11401}, "model": "item/gun/winchester_m94/zoom_shoot-1"},
		{ "predicate": {"custom_model_data":11402}, "model": "item/gun/winchester_m94/zoom_shoot-2"},
		{ "predicate": {"custom_model_data":11403}, "model": "item/gun/winchester_m94/zoom_shoot-3"},
		{ "predicate": {"custom_model_data":11404}, "model": "item/gun/winchester_m94/zoom_shoot-4"},
		{ "predicate": {"custom_model_data":11500}, "model": "item/gun/winchester_m94/swap-0"},
		{ "predicate": {"custom_model_data":11501}, "model": "item/gun/winchester_m94/swap-1"},
		{ "predicate": {"custom_model_data":11502}, "model": "item/gun/winchester_m94/swap-2"},
		{ "predicate": {"custom_model_data":11503}, "model": "item/gun/winchester_m94/swap-3"},
		{ "predicate": {"custom_model_data":11504}, "model": "item/gun/winchester_m94/swap-4"},
		{ "predicate": {"custom_model_data":11505}, "model": "item/gun/winchester_m94/swap-5"},
		{ "predicate": {"custom_model_data":11506}, "model": "item/gun/winchester_m94/swap-6"},
		{ "predicate": {"custom_model_data":11507}, "model": "item/gun/winchester_m94/swap-7"},
		{ "predicate": {"custom_model_data":11508}, "model": "item/gun/winchester_m94/swap-8"},
		{ "predicate": {"custom_model_data":11509}, "model": "item/gun/winchester_m94/swap-9"},
		{ "predicate": {"custom_model_data":11510}, "model": "item/gun/winchester_m94/swap-10"},
		{ "predicate": {"custom_model_data":11511}, "model": "item/gun/winchester_m94/swap-11"},
		{ "predicate": {"custom_model_data":11512}, "model": "item/gun/winchester_m94/swap-12"},
		{ "predicate": {"custom_model_data":11513}, "model": "item/gun/winchester_m94/swap-13"},
		{ "predicate": {"custom_model_data":11514}, "model": "item/gun/winchester_m94/swap-14"},
		{ "predicate": {"custom_model_data":11515}, "model": "item/gun/winchester_m94/swap-15"},
		{ "predicate": {"custom_model_data":11516}, "model": "item/gun/winchester_m94/swap-16"},
		{ "predicate": {"custom_model_data":11517}, "model": "item/gun/winchester_m94/swap-17"},
		{ "predicate": {"custom_model_data":11518}, "model": "item/gun/winchester_m94/swap-18"},
		{ "predicate": {"custom_model_data":11519}, "model": "item/gun/winchester_m94/swap-19"},
		{ "predicate": {"custom_model_data":11520}, "model": "item/gun/winchester_m94/swap-20"},
		{ "predicate": {"custom_model_data":11521}, "model": "item/gun/winchester_m94/swap-21"},
		{ "predicate": {"custom_model_data":11600}, "model": "item/gun/winchester_m94/lever-0"},
		{ "predicate": {"custom_model_data":11601}, "model": "item/gun/winchester_m94/lever-1"},
		{ "predicate": {"custom_model_data":11602}, "model": "item/gun/winchester_m94/lever-2"},
		{ "predicate": {"custom_model_data":11603}, "model": "item/gun/winchester_m94/lever-3"},
		{ "predicate": {"custom_model_data":11604}, "model": "item/gun/winchester_m94/lever-4"},
		{ "predicate": {"custom_model_data":11700}, "model": "item/gun/winchester_m94/reload-0"},
		{ "predicate": {"custom_model_data":11701}, "model": "item/gun/winchester_m94/reload-1"},
		{ "predicate": {"custom_model_data":11702}, "model": "item/gun/winchester_m94/reload-2"},
		{ "predicate": {"custom_model_data":11703}, "model": "item/gun/winchester_m94/reload-3"},
		{ "predicate": {"custom_model_data":11704}, "model": "item/gun/winchester_m94/reload-4"},
		{ "predicate": {"custom_model_data":11705}, "model": "item/gun/winchester_m94/reload-5"},
		{ "predicate": {"custom_model_data":11706}, "model": "item/gun/winchester_m94/reload-6"},
		{ "predicate": {"custom_model_data":11707}, "model": "item/gun/winchester_m94/reload-7"},
		{ "predicate": {"custom_model_data":11708}, "model": "item/gun/winchester_m94/reload-8"},
		{ "predicate": {"custom_model_data":11709}, "model": "item/gun/winchester_m94/reload-9"},
		{ "predicate": {"custom_model_data":11710}, "model": "item/gun/winchester_m94/reload-10"},
		{ "predicate": {"custom_model_data":11711}, "model": "item/gun/winchester_m94/reload-11"},
		{ "predicate": {"custom_model_data":11712}, "model": "item/gun/winchester_m94/reload-12"},
		{ "predicate": {"custom_model_data":11713}, "model": "item/gun/winchester_m94/reload-13"},
		{ "predicate": {"custom_model_data":11714}, "model": "item/gun/winchester_m94/reload-14"},
		{ "predicate": {"custom_model_data":11715}, "model": "item/gun/winchester_m94/reload-15"},
		{ "predicate": {"custom_model_data":11716}, "model": "item/gun/winchester_m94/reload-16"},
		{ "predicate": {"custom_model_data":11717}, "model": "item/gun/winchester_m94/reload-17"},
		{ "predicate": {"custom_model_data":11718}, "model": "item/gun/winchester_m94/reload-18"},
		{ "predicate": {"custom_model_data":11719}, "model": "item/gun/winchester_m94/reload-19"},
		{ "predicate": {"custom_model_data":11720}, "model": "item/gun/winchester_m94/reload-20"},
		{ "predicate": {"custom_model_data":11721}, "model": "item/gun/winchester_m94/reload-21"},

		{ "predicate": {"custom_model_data":12000}, "model": "item/gun/110_magpul_hunter/base-0"},
		{ "predicate": {"custom_model_data":12100}, "model": "item/gun/110_magpul_hunter/test-0"},





		{ "predicate": {"custom_model_data":30000}, "model": "item/gun/double_barrel/base-0"},
		{ "predicate": {"custom_model_data":30100}, "model": "item/gun/double_barrel/left-0"},
		{ "predicate": {"custom_model_data":30200}, "model": "item/gun/double_barrel/shoot-0"},
		{ "predicate": {"custom_model_data":30201}, "model": "item/gun/double_barrel/shoot-1"},
		{ "predicate": {"custom_model_data":30202}, "model": "item/gun/double_barrel/shoot-2"},
		{ "predicate": {"custom_model_data":30203}, "model": "item/gun/double_barrel/shoot-3"},
		{ "predicate": {"custom_model_data":30204}, "model": "item/gun/double_barrel/shoot-4"},
		{ "predicate": {"custom_model_data":30300}, "model": "item/gun/double_barrel/zoom-0"},
		{ "predicate": {"custom_model_data":30301}, "model": "item/gun/double_barrel/zoom-1"},
		{ "predicate": {"custom_model_data":30302}, "model": "item/gun/double_barrel/zoom-2"},
		{ "predicate": {"custom_model_data":30303}, "model": "item/gun/double_barrel/zoom-3"},
		{ "predicate": {"custom_model_data":30400}, "model": "item/gun/double_barrel/zoom_shoot-0"},
		{ "predicate": {"custom_model_data":30401}, "model": "item/gun/double_barrel/zoom_shoot-1"},
		{ "predicate": {"custom_model_data":30402}, "model": "item/gun/double_barrel/zoom_shoot-2"},
		{ "predicate": {"custom_model_data":30403}, "model": "item/gun/double_barrel/zoom_shoot-3"},
		{ "predicate": {"custom_model_data":30404}, "model": "item/gun/double_barrel/zoom_shoot-4"},
		{ "predicate": {"custom_model_data":30500}, "model": "item/gun/double_barrel/swap-0"},
		{ "predicate": {"custom_model_data":30501}, "model": "item/gun/double_barrel/swap-1"},
		{ "predicate": {"custom_model_data":30502}, "model": "item/gun/double_barrel/swap-2"},
		{ "predicate": {"custom_model_data":30503}, "model": "item/gun/double_barrel/swap-3"},
		{ "predicate": {"custom_model_data":30504}, "model": "item/gun/double_barrel/swap-4"},
		{ "predicate": {"custom_model_data":30505}, "model": "item/gun/double_barrel/swap-5"},
		{ "predicate": {"custom_model_data":30506}, "model": "item/gun/double_barrel/swap-6"},
		{ "predicate": {"custom_model_data":30507}, "model": "item/gun/double_barrel/swap-7"},
		{ "predicate": {"custom_model_data":30508}, "model": "item/gun/double_barrel/swap-8"},
		{ "predicate": {"custom_model_data":30509}, "model": "item/gun/double_barrel/swap-9"},
		{ "predicate": {"custom_model_data":30510}, "model": "item/gun/double_barrel/swap-10"},
		{ "predicate": {"custom_model_data":30511}, "model": "item/gun/double_barrel/swap-11"},
		{ "predicate": {"custom_model_data":30512}, "model": "item/gun/double_barrel/swap-12"},
		{ "predicate": {"custom_model_data":30513}, "model": "item/gun/double_barrel/swap-13"},
		{ "predicate": {"custom_model_data":30600}, "model": "item/gun/double_barrel/reload-0"},
		{ "predicate": {"custom_model_data":30601}, "model": "item/gun/double_barrel/reload-1"},
		{ "predicate": {"custom_model_data":30602}, "model": "item/gun/double_barrel/reload-2"},
		{ "predicate": {"custom_model_data":30603}, "model": "item/gun/double_barrel/reload-3"},
		{ "predicate": {"custom_model_data":30604}, "model": "item/gun/double_barrel/reload-4"},
		{ "predicate": {"custom_model_data":30605}, "model": "item/gun/double_barrel/reload-5"},
		{ "predicate": {"custom_model_data":30606}, "model": "item/gun/double_barrel/reload-6"},
		{ "predicate": {"custom_model_data":30607}, "model": "item/gun/double_barrel/reload-7"},
		{ "predicate": {"custom_model_data":30608}, "model": "item/gun/double_barrel/reload-8"},
		{ "predicate": {"custom_model_data":30609}, "model": "item/gun/double_barrel/reload-9"},
		{ "predicate": {"custom_model_data":30610}, "model": "item/gun/double_barrel/reload-10"},
		{ "predicate": {"custom_model_data":30611}, "model": "item/gun/double_barrel/reload-11"},
		{ "predicate": {"custom_model_data":30612}, "model": "item/gun/double_barrel/reload-12"},
		{ "predicate": {"custom_model_data":30613}, "model": "item/gun/double_barrel/reload-13"},
		{ "predicate": {"custom_model_data":30614}, "model": "item/gun/double_barrel/reload-14"},
		{ "predicate": {"custom_model_data":30615}, "model": "item/gun/double_barrel/reload-15"},
		{ "predicate": {"custom_model_data":30616}, "model": "item/gun/double_barrel/reload-16"},
		{ "predicate": {"custom_model_data":30618}, "model": "item/gun/double_barrel/reload-18"},
		{ "predicate": {"custom_model_data":30619}, "model": "item/gun/double_barrel/reload-19"},
		{ "predicate": {"custom_model_data":30620}, "model": "item/gun/double_barrel/reload-20"},
		{ "predicate": {"custom_model_data":30621}, "model": "item/gun/double_barrel/reload-21"},
		{ "predicate": {"custom_model_data":30622}, "model": "item/gun/double_barrel/reload-22"},
		{ "predicate": {"custom_model_data":30623}, "model": "item/gun/double_barrel/reload-23"},
		{ "predicate": {"custom_model_data":30624}, "model": "item/gun/double_barrel/reload-24"},
		{ "predicate": {"custom_model_data":30625}, "model": "item/gun/double_barrel/reload-25"},
		{ "predicate": {"custom_model_data":30626}, "model": "item/gun/double_barrel/reload-26"},
		{ "predicate": {"custom_model_data":30627}, "model": "item/gun/double_barrel/reload-27"},
		{ "predicate": {"custom_model_data":30628}, "model": "item/gun/double_barrel/reload-28"},
		{ "predicate": {"custom_model_data":30629}, "model": "item/gun/double_barrel/reload-29"},
		{ "predicate": {"custom_model_data":30630}, "model": "item/gun/double_barrel/reload-30"},
		{ "predicate": {"custom_model_data":30631}, "model": "item/gun/double_barrel/reload-31"},
		{ "predicate": {"custom_model_data":30632}, "model": "item/gun/double_barrel/reload-32"},
		{ "predicate": {"custom_model_data":30633}, "model": "item/gun/double_barrel/reload-33"},
		{ "predicate": {"custom_model_data":30634}, "model": "item/gun/double_barrel/reload-34"},
		{ "predicate": {"custom_model_data":30635}, "model": "item/gun/double_barrel/reload-35"},
		{ "predicate": {"custom_model_data":30636}, "model": "item/gun/double_barrel/reload-36"},
		{ "predicate": {"custom_model_data":30637}, "model": "item/gun/double_barrel/reload-37"},
		{ "predicate": {"custom_model_data":30638}, "model": "item/gun/double_barrel/reload-38"},
		{ "predicate": {"custom_model_data":30639}, "model": "item/gun/double_barrel/reload-39"},
		{ "predicate": {"custom_model_data":30640}, "model": "item/gun/double_barrel/reload-40"},
		{ "predicate": {"custom_model_data":30641}, "model": "item/gun/double_barrel/reload-41"},
		{ "predicate": {"custom_model_data":30642}, "model": "item/gun/double_barrel/reload-42"},
		{ "predicate": {"custom_model_data":30643}, "model": "item/gun/double_barrel/reload-43"},
		{ "predicate": {"custom_model_data":30644}, "model": "item/gun/double_barrel/reload-44"},
		{ "predicate": {"custom_model_data":30645}, "model": "item/gun/double_barrel/reload-45"},
		{ "predicate": {"custom_model_data":30646}, "model": "item/gun/double_barrel/reload-46"},
		{ "predicate": {"custom_model_data":30647}, "model": "item/gun/double_barrel/reload-47"},
		{ "predicate": {"custom_model_data":30648}, "model": "item/gun/double_barrel/reload-48"},
		{ "predicate": {"custom_model_data":30649}, "model": "item/gun/double_barrel/reload-49"},
		{ "predicate": {"custom_model_data":30650}, "model": "item/gun/double_barrel/reload-50"}
		
	]
}