{
	"credit": "Made with Blockbench",
	"parent": "minecraft:block/button",
	"textures": {
		"0": "outpost/object/planks",
		"particle": "outpost/object/planks"
	},
	"elements": [
		{
			"from": [-14.81179, 0, 10.5],
			"to": [17.18821, 2, 15.5],
			"rotation": {"angle": -22.5, "axis": "y", "origin": [7.18821, 1, 8]},
			"faces": {
				"north": {"uv": [16, 12.5, 0, 11.5], "texture": "#0"},
				"east": {"uv": [2.5, 10.5, 0, 11.5], "texture": "#0"},
				"south": {"uv": [16, 15, 0, 16], "texture": "#0"},
				"west": {"uv": [2.5, 10.5, 0, 11.5], "texture": "#0"},
				"up": {"uv": [0, 15, 16, 12.5], "texture": "#0"},
				"down": {"uv": [0, 15, 16, 12.5], "texture": "#0"}
			}
		},
		{
			"from": [-10.81179, 3, 4.75],
			"to": [21.18821, 5, 9.75],
			"rotation": {"angle": -22.5, "axis": "x", "origin": [5.18821, 4, 7.25]},
			"faces": {
				"north": {"uv": [16, 12.5, 0, 11.5], "texture": "#0"},
				"east": {"uv": [2.5, 10.5, 0, 11.5], "texture": "#0"},
				"south": {"uv": [16, 15, 0, 16], "texture": "#0"},
				"west": {"uv": [2.5, 10.5, 0, 11.5], "texture": "#0"},
				"up": {"uv": [0, 15, 16, 12.5], "texture": "#0"},
				"down": {"uv": [0, 15, 16, 12.5], "texture": "#0"}
			}
		},
		{
			"from": [-12.81179, 0, 5.5],
			"to": [19.18821, 2, 10.5],
			"rotation": {"angle": -22.5, "axis": "y", "origin": [7.18821, 1, 8]},
			"faces": {
				"north": {"uv": [16, 12.5, 0, 11.5], "texture": "#0"},
				"east": {"uv": [2.5, 10.5, 0, 11.5], "texture": "#0"},
				"south": {"uv": [16, 15, 0, 16], "texture": "#0"},
				"west": {"uv": [2.5, 10.5, 0, 11.5], "texture": "#0"},
				"up": {"uv": [0, 15, 16, 12.5], "texture": "#0"},
				"down": {"uv": [0, 15, 16, 12.5], "texture": "#0"}
			}
		},
		{
			"from": [-10.81179, 2, 8.5],
			"to": [21.18821, 4, 13.5],
			"rotation": {"angle": -22.5, "axis": "y", "origin": [7.18821, 3, 8]},
			"faces": {
				"north": {"uv": [16, 12.5, 0, 11.5], "texture": "#0"},
				"east": {"uv": [2.5, 10.5, 0, 11.5], "texture": "#0"},
				"south": {"uv": [16, 15, 0, 16], "texture": "#0"},
				"west": {"uv": [2.5, 10.5, 0, 11.5], "texture": "#0"},
				"up": {"uv": [0, 15, 16, 12.5], "texture": "#0"},
				"down": {"uv": [0, 15, 16, 12.5], "texture": "#0"}
			}
		},
		{
			"from": [-5.81179, 2, 3.5],
			"to": [26.18821, 4, 8.5],
			"rotation": {"angle": -22.5, "axis": "y", "origin": [7.18821, 3, 8]},
			"faces": {
				"north": {"uv": [16, 12.5, 0, 11.5], "texture": "#0"},
				"east": {"uv": [2.5, 10.5, 0, 11.5], "texture": "#0"},
				"south": {"uv": [16, 15, 0, 16], "texture": "#0"},
				"west": {"uv": [2.5, 10.5, 0, 11.5], "texture": "#0"},
				"up": {"uv": [0, 15, 16, 12.5], "texture": "#0"},
				"down": {"uv": [0, 15, 16, 12.5], "texture": "#0"}
			}
		},
		{
			"from": [-8.81179, 0, 0.5],
			"to": [23.18821, 2, 5.5],
			"rotation": {"angle": -22.5, "axis": "y", "origin": [7.18821, 1, 8]},
			"faces": {
				"north": {"uv": [16, 12.5, 0, 11.5], "texture": "#0"},
				"east": {"uv": [2.5, 10.5, 0, 11.5], "texture": "#0"},
				"south": {"uv": [16, 15, 0, 16], "texture": "#0"},
				"west": {"uv": [2.5, 10.5, 0, 11.5], "texture": "#0"},
				"up": {"uv": [0, 15, 16, 12.5], "texture": "#0"},
				"down": {"uv": [0, 15, 16, 12.5], "texture": "#0"}
			}
		}
	],
	"display": {
		"thirdperson_righthand": {
			"rotation": [75, 45, 0],
			"translation": [0, 2.5, 1.5],
			"scale": [0.375, 0.375, 0.375]
		},
		"thirdperson_lefthand": {
			"rotation": [75, 45, 0],
			"translation": [0, 2.5, 1.5],
			"scale": [0.375, 0.375, 0.375]
		},
		"firstperson_righthand": {
			"rotation": [0, 45, 0],
			"translation": [1.5, 4.5, 0],
			"scale": [0.4, 0.4, 0.4]
		},
		"firstperson_lefthand": {
			"rotation": [0, 225, 0],
			"translation": [1.5, 4.5, 0],
			"scale": [0.4, 0.4, 0.4]
		},
		"ground": {
			"translation": [0, 3, 0],
			"scale": [0.25, 0.25, 0.25]
		},
		"gui": {
			"rotation": [35, 135, 0],
			"translation": [-0.5, 2, 0],
			"scale": [0.4, 0.4, 0.4]
		},
		"head": {
			"translation": [2.5, 14.5, 0]
		},
		"fixed": {
			"rotation": [-90, 0, 0],
			"translation": [0, 0, -14],
			"scale": [2, 2, 2]
		}
	}
}