{
	"credit": "Made with Blockbench",
	"texture_size": [128, 128],
	"textures": {
		"2": "food/milk/texture",
		"particle": "gun/texture"
	},
	"elements": [
		{
			"from": [6.5, 1.5625, 5.5],
			"to": [9.5, 9.3125, 9.5],
			"rotation": {"angle": 0, "axis": "y", "origin": [6, 1.5625, 5.5]},
			"faces": {
				"north": {"uv": [0, 4, 1.5, 7.875], "texture": "#2"},
				"east": {"uv": [0, 0, 2, 3.875], "texture": "#2"},
				"south": {"uv": [1.625, 4, 3.125, 7.875], "texture": "#2"},
				"west": {"uv": [2.125, 0, 4.125, 3.875], "texture": "#2"},
				"up": {"uv": [4.75, 6, 3.25, 4], "texture": "#2"},
				"down": {"uv": [5.75, 0, 4.25, 2], "texture": "#2"}
			}
		},
		{
			"from": [6.75, 9.3125, 5.5],
			"to": [9.25, 10.3125, 9.5],
			"rotation": {"angle": 0, "axis": "y", "origin": [6, 1.5625, 5.5]},
			"faces": {
				"north": {"uv": [3.25, 6.125, 4.5, 6.625], "texture": "#2"},
				"east": {"uv": [5.875, 0, 7.875, 0.5], "texture": "#2"},
				"south": {"uv": [6.25, 3.25, 7.5, 3.75], "texture": "#2"},
				"west": {"uv": [5.875, 0.625, 7.875, 1.125], "texture": "#2"},
				"up": {"uv": [6.125, 4.125, 4.875, 2.125], "texture": "#2"},
				"down": {"uv": [6.125, 4.25, 4.875, 6.25], "texture": "#2"}
			}
		},
		{
			"from": [7.375, 10.3125, 7.875],
			"to": [8.625, 10.8125, 9.125],
			"rotation": {"angle": 45, "axis": "y", "origin": [8, 10.5625, 8.5]},
			"faces": {
				"north": {"uv": [6.625, 4.625, 7.25, 4.875], "texture": "#2"},
				"east": {"uv": [6.625, 5, 7.25, 5.25], "texture": "#2"},
				"south": {"uv": [6.625, 5.375, 7.25, 5.625], "texture": "#2"},
				"west": {"uv": [6.625, 5.75, 7.25, 6], "texture": "#2"},
				"up": {"uv": [6, 7, 5.375, 6.375], "texture": "#2"},
				"down": {"uv": [7.25, 3.875, 6.625, 4.5], "texture": "#2"}
			}
		},
		{
			"from": [7.86872, 8.44351, 5.50625],
			"to": [8.36872, 9.19351, 9.49375],
			"rotation": {"angle": -22.5, "axis": "z", "origin": [9.36872, 12.31851, 7.5]},
			"faces": {
				"north": {"uv": [4.25, 2.125, 4.5, 2.5], "texture": "#2"},
				"east": {"uv": [5.875, 1.25, 7.875, 1.625], "texture": "#2"},
				"south": {"uv": [4.25, 2.625, 4.5, 3], "texture": "#2"},
				"west": {"uv": [6.25, 1.75, 8.25, 2.125], "texture": "#2"},
				"up": {"uv": [6.5, 5.875, 6.25, 3.875], "texture": "#2"},
				"down": {"uv": [6.5, 6, 6.25, 8], "texture": "#2"}
			}
		},
		{
			"from": [7.63128, 8.44351, 5.50625],
			"to": [8.13128, 9.19351, 9.49375],
			"rotation": {"angle": 22.5, "axis": "z", "origin": [6.63128, 12.31851, 7.5]},
			"faces": {
				"north": {"uv": [4.25, 3.125, 4.5, 3.5], "texture": "#2"},
				"east": {"uv": [6.25, 2.25, 8.25, 2.625], "texture": "#2"},
				"south": {"uv": [6.625, 6.125, 6.875, 6.5], "texture": "#2"},
				"west": {"uv": [6.25, 2.75, 8.25, 3.125], "texture": "#2"},
				"up": {"uv": [4.875, 8.375, 4.625, 6.375], "texture": "#2"},
				"down": {"uv": [5.25, 6.375, 5, 8.375], "texture": "#2"}
			}
		}
	],
	"display": {
		"thirdperson_righthand": {
			"scale": [0.75, 0.75, 0.75]
		},
		"thirdperson_lefthand": {
			"scale": [0.75, 0.75, 0.75]
		},
		"firstperson_righthand": {
			"rotation": [-7, 27, 10],
			"translation": [-4.5, 14.6, 0],
			"scale": [0, 0, 0]
		},
		"firstperson_lefthand": {
			"scale": [0, 0, 0]
		},
		"gui": {
			"rotation": [13, -57, 0],
			"translation": [-0.5, 2.75, 0],
			"scale": [1.35, 1.35, 1.35]
		},
		"fixed": {
			"rotation": [0, 87, 0],
			"translation": [0.75, 1.25, 0]
		}
	}
}