{
	"credit": "Made with Blockbench",
	"texture_size": [128, 128],
	"textures": {
		"1": "gun/texture",
		"2": "food/milk/texture",
		"particle": "gun/texture"
	},
	"elements": [
		{
			"from": [6, 1.5625, 2],
			"to": [10, 9.3125, 5],
			"rotation": {"angle": 0, "axis": "y", "origin": [6, 1.5625, 5.5]},
			"faces": {
				"north": {"uv": [0, 0, 2, 3.875], "texture": "#2"},
				"east": {"uv": [1.625, 4, 3.125, 7.875], "texture": "#2"},
				"south": {"uv": [2.125, 0, 4.125, 3.875], "texture": "#2"},
				"west": {"uv": [0, 4, 1.5, 7.875], "texture": "#2"},
				"up": {"uv": [4.75, 6, 3.25, 4], "rotation": 270, "texture": "#2"},
				"down": {"uv": [5.75, 0, 4.25, 2], "rotation": 90, "texture": "#2"}
			}
		},
		{
			"from": [6, 9.3125, 2.25],
			"to": [10, 10.3125, 4.75],
			"rotation": {"angle": 0, "axis": "y", "origin": [10, 1.5625, 5.5]},
			"faces": {
				"north": {"uv": [7.875, 0, 5.875, 0.5], "texture": "#2"},
				"east": {"uv": [4.5, 6.125, 3.25, 6.625], "texture": "#2"},
				"south": {"uv": [7.875, 0.625, 5.875, 1.125], "texture": "#2"},
				"west": {"uv": [7.5, 3.25, 6.25, 3.75], "texture": "#2"},
				"up": {"uv": [6.125, 2.125, 4.875, 4.125], "rotation": 270, "texture": "#2"},
				"down": {"uv": [6.125, 6.25, 4.875, 4.25], "rotation": 90, "texture": "#2"}
			}
		},
		{
			"from": [6.00625, 8.44351, 3.13128],
			"to": [9.99375, 9.19351, 3.63128],
			"rotation": {"angle": -22.5, "axis": "x", "origin": [8, 12.31851, 2.13128]},
			"faces": {
				"north": {"uv": [7.875, 1.25, 5.875, 1.625], "texture": "#2"},
				"east": {"uv": [4.5, 2.125, 4.25, 2.5], "texture": "#2"},
				"south": {"uv": [8.25, 1.75, 6.25, 2.125], "texture": "#2"},
				"west": {"uv": [4.5, 2.625, 4.25, 3], "texture": "#2"},
				"up": {"uv": [6.5, 3.875, 6.25, 5.875], "rotation": 270, "texture": "#2"},
				"down": {"uv": [6.5, 8, 6.25, 6], "rotation": 90, "texture": "#2"}
			}
		},
		{
			"from": [6.00625, 8.44351, 3.36872],
			"to": [9.99375, 9.19351, 3.86872],
			"rotation": {"angle": 22.5, "axis": "x", "origin": [8, 12.31851, 4.86872]},
			"faces": {
				"north": {"uv": [8.25, 2.25, 6.25, 2.625], "texture": "#2"},
				"east": {"uv": [4.5, 3.125, 4.25, 3.5], "texture": "#2"},
				"south": {"uv": [8.25, 2.75, 6.25, 3.125], "texture": "#2"},
				"west": {"uv": [6.875, 6.125, 6.625, 6.5], "texture": "#2"},
				"up": {"uv": [4.875, 6.375, 4.625, 8.375], "rotation": 270, "texture": "#2"},
				"down": {"uv": [5.25, 8.375, 5, 6.375], "rotation": 90, "texture": "#2"}
			}
		},
		{
			"from": [6.23465, 3.85101, 5.14273],
			"to": [10.00965, 7.31351, 22.06773],
			"rotation": {"angle": -22.5, "axis": "y", "origin": [10.90965, 7.25101, 3.36773]},
			"faces": {
				"north": {"uv": [3.5, 3.5, 4.375, 4.375], "texture": "#1"},
				"east": {"uv": [4.49219, 0, 9.25, 0.875], "texture": "#1"},
				"south": {"uv": [3.5, 4.375, 4.375, 5.25], "texture": "#1"},
				"west": {"uv": [0, 0.875, 4.8125, 1.75], "texture": "#1"},
				"up": {"uv": [0.875, 11, 0, 6.1875], "texture": "#1"},
				"down": {"uv": [1.75, 6.24219, 0.875, 11], "texture": "#1"}
			}
		}
	],
	"display": {
		"thirdperson_righthand": {
			"scale": [0, 0, 0]
		},
		"thirdperson_lefthand": {
			"scale": [0, 0, 0]
		},
		"firstperson_righthand": {
			"rotation": [0, 82, 0],
			"translation": [-3.75, 8, 3]
		},
		"gui": {
			"scale": [0, 0, 0]
		}
	}
}